date,platform,campaign_name,campaign_type,industry,device,impressions,clicks,cost,conversions,revenue
2024-11-26,TikTok Ads,Campaign_88,Search,Healthcare,Tablet,15795,860,2993.29,270.0,2334.68
2025-03-19,Google Ads,Campaign_33,Video,Finance,Mobile,1685,1332,4692.76,769.0,
2024-02-20,TikTok Ads,Campaign_116,Search,EdTech,Mobile,8666,2558,1831.81,2047.0,7191.47
2024-09-21,Meta Ads,Campaign_53,Video,Healthcare,Tablet,3890,646,66.32,20.0,186.79
2024-01-02,Meta Ads,Campaign_6,Video,Finance,Desktop,15787,10748,4546.6,775.0,15061.12
2025-03-31,Meta Ads,Campaign_87,Search,Finance,Mobile,9692,6873,4474.14,,20622.97
2024-06-05,TikTok Ads,Campaign_45,Search,Ecommerce,Tablet,8529,878,4826.28,52.0,6660.25
2024-06-11,TikTok Ads,Campaign_33,Shopping,Ecommerce,Desktop,2568,1367,27.61,1152.0,97.58
2025-02-10,Meta Ads,Campaign_88,Search,EdTech,Desktop,6184,3099,2247.25,2182.0,
2025-01-27,TikTok Ads,Campaign_15,Video,Finance,Mobile,9762,5056,2806.39,2690.0,6928.92
2024-08-18,Google Ads,Campaign_15,Shopping,Ecommerce,Mobile,15934,863,2816.38,742.0,1962.05
2024-10-10,Meta Ads,Campaign_62,Shopping,Healthcare,Desktop,16198,9914,3121.77,3157.0,1646.64
2024-08-20,TikTok Ads,Campaign_103,Video,Healthcare,Tablet,10230,5592,1360.66,,3.54
2024-08-20,Google Ads,Campaign_62,Search,Finance,Desktop,3748,3296,4714.55,1257.0,12229.32
2024-08-07,Meta Ads,Campaign_87,Search,Healthcare,Mobile,11649,7554,4988.7,7280.0,24360.2
2024-07-21,TikTok Ads,Campaign_17,Shopping,Finance,Mobile,13949,5249,4928.25,5172.0,16562.26
2024-07-05,Meta Ads,Campaign_80,Search,EdTech,Tablet,19315,7777,4082.16,197.0,3076.27
2025-02-20,TikTok Ads,Campaign_82,Search,EdTech,Mobile,14243,6546,1132.48,1369.0,987.33
2024-02-29,Google Ads,Campaign_2,Search,Healthcare,Desktop,6616,6065,1289.71,5534.0,5269.9
2024-02-23,Google Ads,Campaign_24,Shopping,Ecommerce,Desktop,19492,7158,3501.79,2056.0,14993.34
2024-07-12,Meta Ads,Campaign_35,Search,Ecommerce,Mobile,15586,11375,4868.32,,7433.04
2024-05-07,Google Ads,Campaign_48,Shopping,EdTech,Desktop,5699,4493,1832.34,1300.0,6605.04
2024-01-27,Meta Ads,Campaign_21,Video,Ecommerce,Tablet,19830,17429,4894.46,6893.0,22174.32
2024-01-17,Meta Ads,Campaign_93,Video,Ecommerce,Desktop,9151,5600,2495.97,4548.0,9591.44
2024-04-25,TikTok Ads,Campaign_85,Shopping,Ecommerce,Tablet,14434,14056,2140.92,,10315.17
2024-10-14,TikTok Ads,Campaign_86,Shopping,Finance,Tablet,1816,1758,2850.31,565.0,
2024-09-02,TikTok Ads,Campaign_93,Video,EdTech,Desktop,16538,10729,4243.35,1409.0,
2024-02-05,Google Ads,Campaign_20,Search,Healthcare,Desktop,5986,1841,407.97,920.0,
2025-03-22,Meta Ads,Campaign_51,Search,Finance,Tablet,4495,2701,138.08,971.0,302.72
2024-09-20,Google Ads,Campaign_60,Search,EdTech,Desktop,17532,9907,1800.95,4777.0,
2025-01-04,Meta Ads,Campaign_30,Shopping,Ecommerce,Tablet,876,349,691.77,46.0,
2025-01-27,Google Ads,Campaign_1,Video,Finance,Mobile,14098,11867,126.75,5177.0,529.8
2024-07-10,TikTok Ads,Campaign_69,Video,Ecommerce,Tablet,13407,7805,3300.99,5237.0,15760.0
2024-08-07,Google Ads,Campaign_47,Search,Finance,Desktop,8130,3147,3789.23,153.0,
2024-08-09,Google Ads,Campaign_23,Video,Finance,Desktop,13245,11251,2458.08,11151.0,2128.72
2024-12-01,TikTok Ads,Campaign_2,Search,Healthcare,Tablet,2849,2809,2696.89,2489.0,8304.41
2024-03-05,Google Ads,Campaign_40,Video,EdTech,Mobile,851,663,4056.02,379.0,12694.12
2024-09-20,Google Ads,Campaign_26,Video,Finance,Desktop,10636,4107,472.21,3373.0,168.08
2025-01-10,Google Ads,Campaign_21,Search,Ecommerce,Desktop,417,114,3464.45,104.0,16224.85
2024-04-05,TikTok Ads,Campaign_62,Search,Healthcare,Mobile,5988,2504,3658.24,2239.0,
2024-08-04,Meta Ads,Campaign_13,Shopping,EdTech,Mobile,5644,2326,1888.64,2264.0,4689.13
2024-02-21,TikTok Ads,Campaign_111,Search,Ecommerce,Tablet,13923,395,1774.53,232.0,6004.74
2024-02-11,Meta Ads,Campaign_39,Video,EdTech,Desktop,4491,2938,3957.9,1492.0,1804.92
2025-03-17,Google Ads,Campaign_102,Shopping,Finance,Mobile,9348,7330,3529.16,5334.0,12140.84
2024-06-13,Meta Ads,Campaign_83,Search,Ecommerce,Desktop,17575,6313,3531.21,5512.0,
2024-12-29,Meta Ads,Campaign_39,Shopping,Finance,Desktop,8691,7494,1751.09,4312.0,4217.21
2025-03-31,Google Ads,Campaign_105,Shopping,Ecommerce,Tablet,15485,11714,2343.3,4268.0,
2024-02-27,Google Ads,Campaign_32,Search,Ecommerce,Tablet,10188,504,414.46,190.0,904.22
2024-05-22,TikTok Ads,Campaign_1,Search,Finance,Desktop,11003,5348,377.17,1250.0,408.87
2025-02-11,Google Ads,Campaign_8,Video,Healthcare,Desktop,3330,2703,1404.82,470.0,6253.3
2024-05-24,Google Ads,Campaign_33,Search,Healthcare,Mobile,3719,2745,4871.97,539.0,17007.11
2024-10-29,Google Ads,Campaign_66,Video,Healthcare,Desktop,2779,924,4112.69,,14923.3
2024-10-08,TikTok Ads,Campaign_89,Video,EdTech,Tablet,5124,1015,2401.85,800.0,4524.35
2024-11-06,Meta Ads,Campaign_92,Search,Ecommerce,Tablet,13772,4000,669.26,1633.0,
2024-03-25,Meta Ads,Campaign_73,Video,Ecommerce,Tablet,9860,5989,3630.6,1460.0,6859.12
2024-09-06,Meta Ads,Campaign_54,Video,EdTech,Tablet,17100,4544,1343.36,1823.0,
2024-09-11,TikTok Ads,Campaign_23,Shopping,Ecommerce,Mobile,4363,1984,442.04,,1303.92
2024-10-20,Meta Ads,Campaign_98,Video,Finance,Tablet,12173,4673,681.86,2122.0,
2024-02-20,Google Ads,Campaign_5,Search,Healthcare,Desktop,10209,1331,3918.27,248.0,12187.52
2024-08-27,TikTok Ads,Campaign_115,Shopping,Ecommerce,Tablet,19856,19216,2463.09,,7800.62
2024-10-07,TikTok Ads,Campaign_96,Shopping,EdTech,Mobile,7350,6991,3488.34,6238.0,12148.17
2024-01-22,Google Ads,Campaign_70,Search,Ecommerce,Mobile,17055,10161,4108.95,6777.0,7141.75
2024-08-26,Meta Ads,Campaign_107,Shopping,Healthcare,Mobile,16907,10160,196.56,9945.0,617.1
2024-01-14,Meta Ads,Campaign_28,Shopping,Finance,Desktop,4432,2055,4931.28,624.0,22783.54
2024-12-28,TikTok Ads,Campaign_109,Video,Finance,Desktop,16748,6809,665.58,4621.0,2810.21
2024-09-29,TikTok Ads,Campaign_86,Video,Finance,Mobile,6882,1906,3687.03,1038.0,10396.78
2024-08-15,TikTok Ads,Campaign_86,Video,EdTech,Mobile,6288,3596,1775.52,3283.0,4257.54
2025-03-29,Google Ads,Campaign_33,Search,Finance,Mobile,6738,2472,3037.78,1541.0,7567.83
2024-12-15,TikTok Ads,Campaign_24,Shopping,Ecommerce,Tablet,18117,1605,4254.09,1526.0,
2024-01-04,TikTok Ads,Campaign_6,Video,Ecommerce,Desktop,2590,1063,560.19,,2715.44
2024-06-21,Google Ads,Campaign_70,Video,Finance,Tablet,18935,14309,3592.29,13234.0,8560.78
2025-01-16,TikTok Ads,Campaign_100,Search,EdTech,Tablet,16608,12819,3536.15,4208.0,1543.36
2024-03-24,Google Ads,Campaign_63,Search,Ecommerce,Mobile,12977,10231,2744.61,9.0,9394.41
2024-03-09,Meta Ads,Campaign_60,Video,Finance,Mobile,19208,18378,3971.45,14231.0,
2024-02-29,Google Ads,Campaign_72,Shopping,Ecommerce,Mobile,8567,3530,1896.14,1160.0,6841.24
2024-03-29,Meta Ads,Campaign_40,Shopping,Healthcare,Desktop,15524,14340,2615.33,2898.0,11470.84
2024-08-12,TikTok Ads,Campaign_119,Video,Finance,Mobile,6943,3762,3738.05,3708.0,4340.11
2024-01-15,TikTok Ads,Campaign_29,Search,Healthcare,Desktop,3687,2151,1664.08,1970.0,5772.01
2024-10-15,Meta Ads,Campaign_68,Video,Finance,Desktop,9446,922,3762.02,,14645.02
2025-03-11,TikTok Ads,Campaign_29,Search,Ecommerce,Tablet,4612,1865,2682.41,864.0,6129.31
2024-10-09,Google Ads,Campaign_20,Shopping,Finance,Desktop,18755,2891,2992.21,129.0,10714.79
2025-03-21,Meta Ads,Campaign_89,Search,EdTech,Tablet,11111,10789,4736.42,6166.0,13883.15
2024-05-06,Meta Ads,Campaign_113,Shopping,Finance,Mobile,19915,7147,3950.42,,
2024-04-10,Google Ads,Campaign_90,Video,Healthcare,Desktop,7196,3533,4553.43,3367.0,
2024-11-04,Google Ads,Campaign_74,Search,Ecommerce,Desktop,19414,19256,2594.19,3072.0,5175.44
2025-02-21,TikTok Ads,Campaign_17,Shopping,EdTech,Tablet,13224,7970,4317.59,574.0,10053.51
2024-06-09,Google Ads,Campaign_29,Shopping,EdTech,Desktop,13490,1205,827.57,663.0,
2024-12-07,TikTok Ads,Campaign_61,Search,EdTech,Mobile,19097,10395,4877.71,5588.0,13591.87
2024-10-11,Google Ads,Campaign_45,Search,Finance,Tablet,1759,1164,1049.53,989.0,1076.5
2024-08-09,Meta Ads,Campaign_51,Shopping,Healthcare,Mobile,18449,768,2638.24,589.0,6346.13
2024-03-27,TikTok Ads,Campaign_92,Video,EdTech,Mobile,19719,12342,1361.51,8038.0,3584.71
2024-02-23,Google Ads,Campaign_111,Search,EdTech,Tablet,11271,832,1155.37,312.0,113.86
2024-06-13,Meta Ads,Campaign_85,Video,EdTech,Tablet,3054,1287,3015.99,,14516.7
2025-02-06,Google Ads,Campaign_60,Video,Finance,Mobile,17327,14289,3679.52,6150.0,2258.8
2024-09-12,Meta Ads,Campaign_9,Video,Ecommerce,Tablet,19978,4841,171.14,1409.0,295.38
2024-08-11,Google Ads,Campaign_114,Shopping,Ecommerce,Desktop,11093,1387,2828.88,1303.0,6662.94
2024-06-02,Meta Ads,Campaign_29,Search,Finance,Tablet,12808,2599,1090.12,236.0,2298.54
2024-01-17,Google Ads,Campaign_25,Video,Finance,Tablet,8996,74,588.76,,806.76
2024-09-24,Google Ads,Campaign_53,Shopping,Finance,Mobile,15988,8041,4500.09,341.0,13442.06
2024-11-02,Google Ads,Campaign_36,Shopping,Finance,Mobile,11664,2969,234.83,701.0,866.56
2024-09-02,Meta Ads,Campaign_69,Search,Finance,Tablet,6819,1136,2832.02,186.0,9397.65
2024-06-02,Meta Ads,Campaign_117,Search,Ecommerce,Mobile,15507,1762,2481.83,1267.0,4147.68
2024-08-16,TikTok Ads,Campaign_94,Video,Finance,Tablet,1240,60,2298.41,42.0,
2024-11-13,TikTok Ads,Campaign_8,Shopping,Ecommerce,Mobile,16314,4090,4751.19,2864.0,4398.01
2024-02-28,Meta Ads,Campaign_105,Search,Finance,Tablet,1750,1508,4902.88,373.0,15852.6
2024-04-26,TikTok Ads,Campaign_9,Shopping,Healthcare,Desktop,4873,4806,2839.73,400.0,481.99
2024-04-12,Google Ads,Campaign_14,Shopping,Healthcare,Tablet,9018,1500,274.41,593.0,716.81
2024-02-08,TikTok Ads,Campaign_113,Search,Finance,Mobile,2667,2235,2651.33,1121.0,5362.12
2024-02-03,Meta Ads,Campaign_119,Search,Ecommerce,Desktop,7564,2769,4383.33,15.0,10124.24
2024-11-13,Google Ads,Campaign_108,Search,Healthcare,Tablet,15775,13919,47.43,3810.0,
2025-03-04,Meta Ads,Campaign_30,Video,Healthcare,Desktop,10616,4361,2612.6,920.0,43.71
2024-12-09,TikTok Ads,Campaign_37,Search,Ecommerce,Tablet,14269,4388,4938.61,431.0,9490.2
2024-07-17,TikTok Ads,Campaign_72,Search,EdTech,Desktop,4805,806,3003.99,439.0,14857.51
2024-09-15,Meta Ads,Campaign_5,Search,Finance,Tablet,9076,3564,882.64,1389.0,822.79
2024-06-26,Meta Ads,Campaign_62,Search,Healthcare,Tablet,726,688,4974.54,,9855.61
2024-04-07,TikTok Ads,Campaign_105,Shopping,EdTech,Mobile,7906,4069,2684.87,780.0,7787.28
2024-08-13,TikTok Ads,Campaign_38,Shopping,Ecommerce,Desktop,17602,5016,1645.26,1355.0,6048.08
2024-10-27,Meta Ads,Campaign_93,Shopping,Finance,Tablet,9105,8228,4957.38,3020.0,
2024-06-16,Google Ads,Campaign_59,Shopping,Healthcare,Mobile,1591,1063,1335.14,39.0,5323.38
2024-01-07,Google Ads,Campaign_107,Search,Finance,Mobile,6924,362,3400.7,44.0,12798.82
2024-12-21,Meta Ads,Campaign_78,Search,Ecommerce,Tablet,16370,5150,1675.59,4521.0,1346.84
2024-12-19,Google Ads,Campaign_35,Video,EdTech,Desktop,10177,5343,2799.22,3117.0,
2024-10-04,Meta Ads,Campaign_68,Shopping,Healthcare,Mobile,11718,5352,1960.76,1247.0,7389.11
2024-07-28,Meta Ads,Campaign_14,Shopping,Ecommerce,Tablet,14859,9109,289.6,8073.0,
2024-02-27,TikTok Ads,Campaign_26,Video,Finance,Desktop,2428,1030,1618.05,28.0,6232.79
2025-01-06,Meta Ads,Campaign_47,Video,Healthcare,Desktop,3356,515,818.12,98.0,2837.58
2024-12-22,TikTok Ads,Campaign_84,Video,EdTech,Mobile,11722,5658,755.29,,3563.52
2024-10-06,Meta Ads,Campaign_15,Shopping,Healthcare,Desktop,5626,4665,3729.19,3963.0,16186.97
2025-01-21,Google Ads,Campaign_64,Search,Healthcare,Desktop,17368,5776,3854.61,3676.0,14667.25
2024-12-05,Google Ads,Campaign_38,Search,Healthcare,Tablet,19330,15251,6.16,7725.0,18.71
2024-09-30,Meta Ads,Campaign_64,Video,Finance,Tablet,5109,116,1551.81,1.0,90.16
2024-06-27,Google Ads,Campaign_17,Search,Finance,Tablet,8357,6154,4763.24,5420.0,17249.72
2024-08-12,Google Ads,Campaign_105,Search,Finance,Mobile,8783,2720,4706.19,713.0,
2024-05-22,Meta Ads,Campaign_106,Shopping,Healthcare,Mobile,14451,7833,4887.33,917.0,16939.34
2025-02-19,Google Ads,Campaign_114,Video,Healthcare,Desktop,18279,6090,157.93,316.0,41.04
2024-01-22,Meta Ads,Campaign_3,Shopping,Ecommerce,Desktop,13629,12398,3304.1,8442.0,9870.6
2025-01-26,Google Ads,Campaign_119,Search,EdTech,Tablet,4109,2134,1096.07,1560.0,1846.31
2024-08-30,TikTok Ads,Campaign_61,Search,Finance,Tablet,10181,7057,2712.39,661.0,1105.66
2024-10-19,Meta Ads,Campaign_20,Video,Ecommerce,Tablet,13518,352,4803.9,331.0,20326.39
2024-10-21,Meta Ads,Campaign_115,Shopping,Finance,Desktop,4703,1273,3030.94,1140.0,12017.01
2024-03-27,Meta Ads,Campaign_44,Video,Finance,Desktop,15596,529,657.84,20.0,2989.99
2024-03-24,Meta Ads,Campaign_103,Video,Ecommerce,Tablet,374,292,4353.75,40.0,11206.93
2024-10-27,TikTok Ads,Campaign_47,Shopping,EdTech,Desktop,2113,1252,3867.37,260.0,
2024-05-12,TikTok Ads,Campaign_76,Search,Ecommerce,Desktop,11970,629,2243.89,269.0,1635.31
2024-04-29,TikTok Ads,Campaign_79,Video,Healthcare,Tablet,6099,1307,1783.66,1144.0,6972.24
2024-01-01,TikTok Ads,Campaign_35,Video,Ecommerce,Mobile,17340,1939,614.85,,158.93
2024-10-25,Meta Ads,Campaign_98,Search,Finance,Mobile,5178,1008,741.72,690.0,3579.24
2024-05-05,Google Ads,Campaign_52,Video,Finance,Tablet,15398,5342,2661.22,3249.0,
2024-06-23,Meta Ads,Campaign_65,Shopping,EdTech,Desktop,10225,9556,780.82,8320.0,3761.0
2024-12-10,Meta Ads,Campaign_68,Search,Ecommerce,Tablet,15504,7705,3842.6,3719.0,
2025-03-29,TikTok Ads,Campaign_73,Search,Ecommerce,Mobile,13598,3124,532.97,1327.0,2663.29
2024-04-07,Google Ads,Campaign_102,Video,Healthcare,Desktop,12975,6924,1443.43,2632.0,
2024-11-05,TikTok Ads,Campaign_89,Search,EdTech,Mobile,4114,3553,2177.92,2444.0,1309.03
2024-10-17,Meta Ads,Campaign_90,Shopping,EdTech,Desktop,4806,2190,2742.5,916.0,7482.73
2024-06-02,Google Ads,Campaign_12,Search,Finance,Mobile,2989,1026,2595.41,84.0,332.76
2024-01-21,TikTok Ads,Campaign_107,Shopping,Healthcare,Tablet,11563,11022,4064.93,8234.0,19420.68
2024-11-29,Google Ads,Campaign_68,Search,Healthcare,Desktop,6542,5923,985.77,714.0,958.95
2024-06-06,Meta Ads,Campaign_2,Search,Ecommerce,Desktop,3610,1692,2904.66,750.0,
2025-03-01,Google Ads,Campaign_42,Video,EdTech,Desktop,19914,1286,2625.82,1131.0,1403.2
2024-08-01,Google Ads,Campaign_26,Search,EdTech,Desktop,9600,5291,4757.02,1708.0,19484.49
2024-03-08,Meta Ads,Campaign_24,Shopping,Healthcare,Tablet,10617,5752,3849.72,,4920.81
2024-02-18,TikTok Ads,Campaign_108,Video,Ecommerce,Tablet,3273,2904,748.52,145.0,572.56
2024-03-18,Google Ads,Campaign_57,Video,Ecommerce,Desktop,14996,8853,3035.47,2852.0,3520.34
2024-08-28,TikTok Ads,Campaign_103,Video,EdTech,Desktop,17727,14114,2021.59,4358.0,7253.44
2024-12-18,TikTok Ads,Campaign_73,Search,EdTech,Desktop,1125,553,397.1,287.0,
2024-06-08,Google Ads,Campaign_8,Video,Healthcare,Desktop,2472,707,3348.01,560.0,
2024-06-20,Meta Ads,Campaign_102,Search,EdTech,Desktop,8258,7979,951.62,2428.0,
2024-11-06,Meta Ads,Campaign_62,Video,Ecommerce,Tablet,9686,4211,4788.13,661.0,16519.17
2024-12-13,TikTok Ads,Campaign_104,Video,Ecommerce,Mobile,3083,656,3977.25,399.0,4666.15
2024-09-28,Meta Ads,Campaign_116,Video,Ecommerce,Desktop,16669,148,445.62,83.0,284.56
2024-11-18,Meta Ads,Campaign_23,Video,Healthcare,Desktop,16163,4576,1731.61,1601.0,4413.22
2024-02-11,Meta Ads,Campaign_82,Search,EdTech,Desktop,4406,261,4257.12,,19808.28
2024-06-11,Meta Ads,Campaign_91,Video,EdTech,Desktop,12265,7629,1059.91,133.0,1709.25
2024-09-26,Google Ads,Campaign_110,Video,Finance,Mobile,7373,5907,662.62,4361.0,3057.19
2025-03-27,Google Ads,Campaign_79,Search,Healthcare,Mobile,15795,11138,731.87,2530.0,249.47
2024-09-10,Meta Ads,Campaign_60,Shopping,EdTech,Tablet,8734,845,528.32,531.0,570.69
2024-02-25,TikTok Ads,Campaign_73,Shopping,EdTech,Mobile,7154,5636,290.82,1953.0,84.02
2024-09-16,TikTok Ads,Campaign_40,Search,Ecommerce,Tablet,5448,1179,888.83,189.0,2746.71
2024-04-25,TikTok Ads,Campaign_62,Search,EdTech,Tablet,1403,819,2635.21,220.0,1722.25
2025-02-08,Meta Ads,Campaign_102,Shopping,Ecommerce,Desktop,1549,454,4819.11,228.0,3224.07
2024-06-29,Meta Ads,Campaign_101,Search,Healthcare,Mobile,7993,6007,1617.5,5542.0,5089.45
2024-10-08,Meta Ads,Campaign_68,Video,Healthcare,Desktop,11234,4592,4221.79,2442.0,
2024-04-14,Google Ads,Campaign_9,Search,Ecommerce,Desktop,7394,5864,2297.23,3804.0,10246.62
2024-10-10,TikTok Ads,Campaign_119,Video,Healthcare,Tablet,16955,3631,4651.59,2076.0,18168.42
2025-03-24,TikTok Ads,Campaign_101,Search,Healthcare,Mobile,18631,16462,2592.04,8080.0,9557.29
2024-08-15,TikTok Ads,Campaign_52,Shopping,EdTech,Tablet,3456,407,2542.9,151.0,5873.42
2025-01-02,Google Ads,Campaign_95,Search,Ecommerce,Desktop,8964,6493,1325.23,2037.0,
2024-09-11,Meta Ads,Campaign_10,Search,Healthcare,Tablet,11824,1827,346.27,1405.0,828.03
2024-01-10,TikTok Ads,Campaign_17,Video,EdTech,Mobile,17153,780,2603.84,,2039.31
2024-04-22,Google Ads,Campaign_99,Video,Healthcare,Desktop,4583,3697,4641.59,2837.0,11512.25
2025-01-26,Meta Ads,Campaign_104,Video,EdTech,Tablet,15990,38,1261.21,,2904.19
2024-09-14,Google Ads,Campaign_85,Shopping,Healthcare,Tablet,14571,9951,1346.66,8789.0,4901.49
2024-07-07,Google Ads,Campaign_56,Shopping,EdTech,Desktop,15921,11870,4203.52,9678.0,11396.52
2024-07-04,Google Ads,Campaign_108,Search,EdTech,Mobile,18450,16406,4385.69,5926.0,3527.15
2024-10-28,TikTok Ads,Campaign_91,Shopping,Finance,Mobile,6019,5602,3287.8,5343.0,12203.46
2024-01-14,Google Ads,Campaign_34,Search,Ecommerce,Tablet,2159,1036,4240.24,499.0,17653.83
2025-01-15,Meta Ads,Campaign_24,Video,EdTech,Desktop,3983,1778,4383.25,1758.0,8071.96
2025-03-05,Google Ads,Campaign_45,Search,EdTech,Tablet,1828,1765,891.86,1492.0,
2024-09-10,Meta Ads,Campaign_30,Video,EdTech,Tablet,2563,525,2899.92,514.0,8129.35
2024-04-26,TikTok Ads,Campaign_100,Shopping,Healthcare,Mobile,11154,3390,3477.08,1901.0,17071.93
2024-09-07,TikTok Ads,Campaign_75,Search,Healthcare,Desktop,5469,4278,1857.11,1206.0,
2024-03-15,TikTok Ads,Campaign_9,Video,Healthcare,Mobile,10028,1283,591.68,659.0,2484.47
2024-12-02,TikTok Ads,Campaign_109,Shopping,Ecommerce,Tablet,8329,2097,120.96,1794.0,165.15
2024-09-17,Meta Ads,Campaign_90,Video,EdTech,Tablet,17833,5017,930.51,4676.0,2131.74
2024-06-22,Google Ads,Campaign_31,Search,Healthcare,Mobile,5105,2978,35.15,640.0,
2024-09-26,Meta Ads,Campaign_80,Video,EdTech,Desktop,15261,1431,181.44,875.0,250.04
2024-03-24,Meta Ads,Campaign_107,Search,Ecommerce,Desktop,7896,204,2437.86,69.0,
2024-05-22,TikTok Ads,Campaign_21,Video,Finance,Desktop,4000,2010,1183.92,1542.0,3245.84
2024-10-31,TikTok Ads,Campaign_115,Search,Ecommerce,Mobile,5432,4260,724.83,,692.9
2024-10-15,Google Ads,Campaign_24,Search,Ecommerce,Desktop,6588,424,1126.58,160.0,4791.44
2024-04-07,Google Ads,Campaign_74,Search,Ecommerce,Desktop,6171,2090,2744.19,1704.0,3102.95
2024-03-16,TikTok Ads,Campaign_40,Video,Healthcare,Tablet,14357,13368,4309.93,3137.0,16146.8
2025-01-17,Meta Ads,Campaign_116,Video,EdTech,Mobile,16009,610,1006.82,242.0,829.15
2025-03-22,Meta Ads,Campaign_25,Video,EdTech,Mobile,18133,14939,2256.2,781.0,8709.07
2025-02-06,Google Ads,Campaign_51,Shopping,Healthcare,Desktop,17961,9203,3283.9,2274.0,6246.31
2025-03-07,Meta Ads,Campaign_104,Video,Finance,Desktop,16391,475,3172.91,296.0,6281.89
2025-02-20,Google Ads,Campaign_119,Search,Healthcare,Tablet,11531,2822,4530.72,847.0,22280.3
2024-04-18,TikTok Ads,Campaign_117,Search,Finance,Mobile,2307,1781,3698.65,543.0,18279.02
2024-11-20,Google Ads,Campaign_3,Search,Healthcare,Mobile,1283,923,3280.67,,
2025-01-29,Meta Ads,Campaign_47,Search,Ecommerce,Desktop,226,188,2703.97,8.0,4249.97
2024-07-08,Google Ads,Campaign_85,Shopping,Healthcare,Desktop,13269,9346,868.81,587.0,3588.09
2024-09-29,Google Ads,Campaign_108,Shopping,Finance,Tablet,12328,6450,3068.89,5038.0,8857.58
2025-02-26,Meta Ads,Campaign_73,Search,Healthcare,Tablet,9122,8915,3431.64,6049.0,
2024-11-08,Google Ads,Campaign_53,Video,Healthcare,Desktop,9046,8831,1077.65,6659.0,369.12
2024-08-06,TikTok Ads,Campaign_59,Shopping,Finance,Desktop,16843,392,4494.24,354.0,19644.92
2024-03-24,Google Ads,Campaign_25,Video,Finance,Desktop,2597,141,644.24,99.0,2584.54
2024-06-21,TikTok Ads,Campaign_78,Shopping,Ecommerce,Tablet,1750,661,4130.2,,17335.71
2025-02-25,Google Ads,Campaign_61,Search,Finance,Mobile,13947,13686,4363.77,12920.0,
2024-08-09,Google Ads,Campaign_68,Shopping,Healthcare,Desktop,6816,3447,2991.79,2867.0,4486.47
2024-03-02,Google Ads,Campaign_48,Video,Healthcare,Tablet,16232,7804,4945.14,7789.0,13137.17
2024-10-02,Google Ads,Campaign_67,Search,Ecommerce,Mobile,778,575,2607.23,493.0,
2024-10-27,TikTok Ads,Campaign_47,Video,Healthcare,Desktop,7368,3516,4146.43,1928.0,11854.07
2024-06-27,TikTok Ads,Campaign_71,Video,Healthcare,Mobile,16910,10088,4740.54,6748.0,18696.74
2024-08-01,Google Ads,Campaign_82,Search,Ecommerce,Desktop,8770,193,4919.2,161.0,10009.88
2024-05-21,TikTok Ads,Campaign_48,Search,Healthcare,Mobile,8921,4378,2252.33,3451.0,7010.6
2025-01-14,Google Ads,Campaign_90,Shopping,Ecommerce,Mobile,6796,4796,1095.34,2096.0,
2024-10-31,Google Ads,Campaign_17,Search,EdTech,Tablet,18352,17087,221.94,12605.0,906.27
2025-01-29,Google Ads,Campaign_46,Search,Ecommerce,Tablet,16294,182,3377.1,40.0,
2024-09-06,Google Ads,Campaign_8,Search,EdTech,Desktop,11595,11196,3373.04,6132.0,12116.45
2024-11-19,Meta Ads,Campaign_33,Shopping,Healthcare,Desktop,13654,3741,202.79,3052.0,260.28
2024-09-14,TikTok Ads,Campaign_29,Search,Finance,Desktop,1774,411,2021.2,,7577.99
2024-03-24,Meta Ads,Campaign_27,Search,Finance,Mobile,1842,1289,4566.43,909.0,19948.42
2024-11-06,Google Ads,Campaign_79,Video,Ecommerce,Mobile,386,349,3474.41,295.0,7797.5
2025-03-13,TikTok Ads,Campaign_18,Shopping,Ecommerce,Tablet,4669,4144,3645.87,1150.0,15414.82
2024-06-20,TikTok Ads,Campaign_41,Shopping,EdTech,Tablet,2120,2021,1131.4,1657.0,2546.35
2025-02-24,TikTok Ads,Campaign_68,Search,Healthcare,Mobile,15007,10233,3442.03,1141.0,2871.69
2024-05-05,TikTok Ads,Campaign_49,Search,Finance,Mobile,18990,11411,3229.11,5906.0,5499.24
2024-12-30,Meta Ads,Campaign_69,Video,Healthcare,Tablet,13703,929,4940.18,687.0,17000.99
2024-11-10,Google Ads,Campaign_15,Search,Finance,Desktop,4652,1178,800.12,362.0,
2024-07-19,Google Ads,Campaign_29,Search,EdTech,Tablet,2169,1572,2370.03,169.0,11789.22
2024-10-31,Google Ads,Campaign_34,Search,Finance,Mobile,14973,5619,1701.94,1936.0,1311.73
2024-12-06,Meta Ads,Campaign_108,Search,Healthcare,Tablet,5498,2390,4134.07,946.0,3662.19
2025-03-10,Google Ads,Campaign_17,Shopping,Healthcare,Desktop,358,323,4998.57,91.0,20413.08
2024-01-05,Google Ads,Campaign_101,Video,EdTech,Tablet,2151,1237,3654.09,761.0,
2024-09-02,TikTok Ads,Campaign_103,Search,Ecommerce,Mobile,6207,3162,1767.3,1140.0,335.62
2024-07-01,Meta Ads,Campaign_100,Video,EdTech,Mobile,557,523,468.36,146.0,1152.0
2025-03-12,Meta Ads,Campaign_91,Video,Healthcare,Tablet,13527,2454,4593.67,398.0,16668.51
2025-03-04,Google Ads,Campaign_81,Search,Ecommerce,Tablet,6142,3822,2382.42,2819.0,708.43
2024-04-23,Meta Ads,Campaign_93,Video,EdTech,Tablet,7742,5442,4857.67,2490.0,17828.37
2024-02-26,Meta Ads,Campaign_47,Shopping,EdTech,Desktop,19337,12413,4022.19,276.0,4237.48
2024-10-18,Google Ads,Campaign_37,Search,EdTech,Mobile,10503,2841,11.59,112.0,
2024-04-13,TikTok Ads,Campaign_9,Video,Finance,Desktop,9959,8068,3830.58,2235.0,11752.3
2024-06-21,Meta Ads,Campaign_45,Search,EdTech,Tablet,15743,7427,1530.69,413.0,4837.67
2024-07-06,Meta Ads,Campaign_66,Video,Ecommerce,Tablet,8549,5647,2503.12,5185.0,8849.61
2024-04-27,Google Ads,Campaign_103,Search,EdTech,Mobile,2555,1313,1462.58,294.0,1946.46
2024-01-31,Google Ads,Campaign_55,Shopping,Healthcare,Desktop,15592,5789,1073.14,436.0,4075.85
2024-12-31,Google Ads,Campaign_24,Shopping,Finance,Desktop,15369,7651,3185.45,5575.0,7377.07
2024-12-03,Meta Ads,Campaign_75,Search,Healthcare,Mobile,18691,1228,1357.05,1082.0,1928.87
2024-12-08,Meta Ads,Campaign_8,Search,Finance,Mobile,13752,5086,234.26,1264.0,828.08
2025-02-14,Meta Ads,Campaign_44,Video,EdTech,Tablet,15275,9080,509.46,5951.0,688.77
2024-08-05,Google Ads,Campaign_33,Shopping,Ecommerce,Tablet,10380,9298,4681.61,2224.0,2715.86
2024-09-29,TikTok Ads,Campaign_25,Video,Ecommerce,Mobile,6318,4118,3331.93,3796.0,12678.62
2024-01-28,Google Ads,Campaign_99,Shopping,Healthcare,Desktop,16211,7122,240.93,5842.0,1152.61
2025-01-31,TikTok Ads,Campaign_2,Search,Ecommerce,Desktop,7935,6093,261.78,226.0,545.16
2024-10-18,Meta Ads,Campaign_3,Video,Healthcare,Mobile,2005,1123,179.69,620.0,836.28
2024-11-08,Google Ads,Campaign_118,Video,Finance,Mobile,16923,14823,4451.08,13109.0,8185.22
2024-12-21,Meta Ads,Campaign_10,Shopping,Ecommerce,Tablet,2100,557,1686.73,524.0,
2024-08-17,Google Ads,Campaign_84,Shopping,Healthcare,Tablet,2158,2064,2320.48,883.0,6022.02
2024-06-23,Meta Ads,Campaign_105,Video,Ecommerce,Desktop,10704,10343,2876.78,2745.0,
2024-02-12,Google Ads,Campaign_100,Search,EdTech,Tablet,17908,8224,1740.48,6198.0,11.78
2024-04-13,TikTok Ads,Campaign_29,Search,Ecommerce,Desktop,18591,4426,1455.72,4320.0,1108.73
2024-11-07,Meta Ads,Campaign_75,Shopping,Healthcare,Desktop,19660,1102,2911.04,470.0,3481.0
2024-10-27,TikTok Ads,Campaign_11,Search,Ecommerce,Tablet,16616,9744,3098.67,5690.0,13125.88
2024-07-06,Google Ads,Campaign_47,Shopping,Ecommerce,Desktop,7006,3483,1725.96,1994.0,2507.0
2024-06-09,Meta Ads,Campaign_38,Shopping,Finance,Tablet,3313,2841,2486.56,,554.05
2024-07-28,Meta Ads,Campaign_74,Video,Ecommerce,Tablet,19167,3644,381.2,1145.0,1538.08
2024-07-27,TikTok Ads,Campaign_77,Video,EdTech,Tablet,1757,2,2406.67,1.0,8114.68
2024-07-05,Meta Ads,Campaign_62,Search,Healthcare,Tablet,13979,11755,3182.69,9797.0,6471.59
2025-01-05,Google Ads,Campaign_59,Search,Finance,Mobile,8548,7186,3111.72,6102.0,2957.81
2024-12-17,TikTok Ads,Campaign_94,Search,EdTech,Tablet,14122,8436,3786.55,,9029.03
2024-03-14,Google Ads,Campaign_92,Video,EdTech,Tablet,12474,3667,2494.48,2801.0,
2024-12-14,TikTok Ads,Campaign_108,Search,Ecommerce,Desktop,18601,4967,4041.38,2369.0,4967.01
2024-04-02,TikTok Ads,Campaign_113,Shopping,Healthcare,Mobile,2787,1461,4966.28,,
2024-12-14,Google Ads,Campaign_91,Video,Healthcare,Mobile,9821,7778,1377.74,3696.0,6836.64
2024-04-14,Google Ads,Campaign_65,Search,Finance,Desktop,18545,15417,509.02,,562.09
2024-10-08,TikTok Ads,Campaign_19,Search,Healthcare,Tablet,1772,732,2183.07,579.0,5639.94
2024-08-29,Google Ads,Campaign_93,Search,Healthcare,Tablet,10230,6297,3815.54,4647.0,16957.93
2025-01-19,TikTok Ads,Campaign_111,Shopping,Healthcare,Tablet,16998,13869,1821.77,11163.0,8011.2
2024-06-29,TikTok Ads,Campaign_109,Search,EdTech,Desktop,15523,13281,4123.94,3607.0,9552.98
2024-05-17,TikTok Ads,Campaign_103,Video,Ecommerce,Mobile,4276,824,2612.55,508.0,
2025-02-23,TikTok Ads,Campaign_41,Search,Ecommerce,Tablet,5634,383,955.59,178.0,3496.14
2025-01-13,TikTok Ads,Campaign_118,Shopping,Healthcare,Desktop,18233,2749,4083.9,868.0,7574.43
2024-06-10,TikTok Ads,Campaign_9,Search,EdTech,Desktop,2708,1991,2072.35,752.0,214.19
2024-04-11,Google Ads,Campaign_65,Shopping,Ecommerce,Tablet,10965,10744,1482.8,2832.0,5627.27
2024-07-16,Google Ads,Campaign_111,Shopping,Finance,Tablet,12067,1104,795.13,488.0,390.55
2024-09-18,Google Ads,Campaign_3,Search,EdTech,Mobile,508,125,4035.35,56.0,6967.88
2024-02-01,Meta Ads,Campaign_113,Shopping,EdTech,Tablet,18287,174,2481.29,,2022.69
2024-08-03,TikTok Ads,Campaign_29,Shopping,Finance,Mobile,18919,4173,4216.39,2873.0,
2024-01-13,Meta Ads,Campaign_99,Shopping,Healthcare,Tablet,17376,8112,2523.98,5287.0,10886.44
2024-11-23,TikTok Ads,Campaign_78,Shopping,EdTech,Desktop,1481,1112,1582.75,451.0,3968.87
2024-04-22,Meta Ads,Campaign_53,Shopping,Ecommerce,Tablet,11254,4690,3370.1,3250.0,
2024-02-28,Google Ads,Campaign_62,Video,Healthcare,Mobile,16523,1424,3663.5,901.0,1252.06
2024-08-02,Meta Ads,Campaign_87,Shopping,Healthcare,Desktop,16402,12253,4910.25,2606.0,18008.02
2024-01-06,Meta Ads,Campaign_69,Video,Ecommerce,Mobile,4855,2761,337.51,,302.69
2024-10-17,Meta Ads,Campaign_24,Video,Finance,Desktop,15441,11737,370.21,3802.0,956.6
2025-01-01,Meta Ads,Campaign_30,Search,Finance,Desktop,1518,229,460.33,19.0,1435.42
2025-03-18,TikTok Ads,Campaign_2,Search,Healthcare,Mobile,16194,13445,2253.43,1742.0,6575.02
2024-09-04,Meta Ads,Campaign_100,Video,Finance,Mobile,2642,1177,1065.43,265.0,35.6
2024-03-13,Google Ads,Campaign_46,Video,Healthcare,Desktop,8475,4396,2709.95,,2987.5
2024-12-06,TikTok Ads,Campaign_25,Shopping,EdTech,Mobile,8367,5285,3714.12,2704.0,16528.89
2024-06-18,Meta Ads,Campaign_84,Search,Healthcare,Tablet,2426,72,2947.27,26.0,9397.2
2024-03-09,TikTok Ads,Campaign_48,Video,Healthcare,Tablet,10996,8342,68.73,1134.0,73.68
2024-05-17,Meta Ads,Campaign_38,Shopping,EdTech,Tablet,8252,5041,2985.48,3010.0,5555.98
2024-07-27,Google Ads,Campaign_6,Shopping,Ecommerce,Tablet,10558,1993,3689.59,869.0,1262.92
2024-07-05,Google Ads,Campaign_2,Search,Finance,Tablet,5488,4027,4299.12,,
2024-12-19,TikTok Ads,Campaign_22,Shopping,Finance,Mobile,5307,741,3246.61,679.0,1039.02
2024-07-25,Google Ads,Campaign_55,Shopping,Finance,Desktop,13516,6915,2347.63,4351.0,
2024-07-20,Google Ads,Campaign_114,Shopping,EdTech,Mobile,8312,7552,802.31,1637.0,
2024-08-21,TikTok Ads,Campaign_25,Search,Ecommerce,Tablet,14638,13907,39.82,802.0,88.26
2024-04-19,Meta Ads,Campaign_49,Video,Finance,Tablet,14387,3927,1080.3,2200.0,4247.51
2025-02-28,Meta Ads,Campaign_5,Video,EdTech,Mobile,11087,7024,388.2,,677.2
2025-01-06,TikTok Ads,Campaign_112,Shopping,Ecommerce,Mobile,6219,2942,2295.95,2773.0,8287.57
2024-10-15,Meta Ads,Campaign_81,Video,EdTech,Desktop,11510,3687,3662.01,596.0,2954.56
2024-01-28,TikTok Ads,Campaign_78,Shopping,EdTech,Tablet,8690,7117,526.73,4729.0,1367.46
2024-06-23,Google Ads,Campaign_62,Search,EdTech,Tablet,15093,146,4799.31,117.0,13363.16
2025-01-19,Meta Ads,Campaign_93,Shopping,Ecommerce,Mobile,14665,14247,1018.34,6318.0,2783.56
2024-10-08,Google Ads,Campaign_67,Shopping,Finance,Mobile,4927,3388,4902.18,2972.0,2801.25
2024-09-09,TikTok Ads,Campaign_79,Search,Ecommerce,Tablet,13414,9012,3963.79,192.0,
2024-12-01,Google Ads,Campaign_115,Shopping,Finance,Mobile,10655,9359,2678.28,3893.0,10999.54
2025-03-05,Meta Ads,Campaign_57,Video,EdTech,Desktop,717,412,2022.84,338.0,135.2
2024-04-25,Google Ads,Campaign_49,Search,Finance,Desktop,11999,3719,908.62,2581.0,3852.22
2024-11-18,TikTok Ads,Campaign_3,Video,Finance,Tablet,6476,2604,4712.73,2382.0,
2024-12-13,TikTok Ads,Campaign_98,Search,Healthcare,Tablet,2890,2666,1088.34,2143.0,2633.72
2024-11-09,Google Ads,Campaign_99,Search,EdTech,Mobile,15768,10147,2740.16,5255.0,4798.06
2024-08-02,TikTok Ads,Campaign_3,Search,Healthcare,Desktop,2618,582,4452.05,91.0,20217.39
2024-02-23,TikTok Ads,Campaign_57,Search,EdTech,Desktop,489,484,782.38,244.0,2802.47
2024-06-26,TikTok Ads,Campaign_90,Shopping,Finance,Desktop,1629,733,3728.77,715.0,10900.46
2024-05-08,Meta Ads,Campaign_45,Search,Finance,Desktop,13680,383,1320.31,61.0,4201.06
2024-10-05,TikTok Ads,Campaign_70,Video,Ecommerce,Mobile,16140,922,315.7,867.0,1296.97
2024-03-19,Google Ads,Campaign_60,Video,Finance,Desktop,15899,12679,1320.02,8960.0,5863.95
2025-02-05,Meta Ads,Campaign_8,Shopping,Ecommerce,Desktop,2103,365,3681.14,186.0,12272.4
2024-03-01,Meta Ads,Campaign_67,Search,EdTech,Tablet,12031,5669,4515.47,2735.0,18092.31
2024-07-05,Google Ads,Campaign_115,Video,EdTech,Desktop,12638,11918,650.4,11663.0,
2024-12-21,TikTok Ads,Campaign_79,Shopping,Finance,Tablet,14334,12795,71.91,6644.0,224.27
2024-06-19,Meta Ads,Campaign_74,Search,EdTech,Mobile,13519,4804,2904.75,3196.0,10990.56
2025-01-23,TikTok Ads,Campaign_21,Video,Healthcare,Desktop,5395,2258,1857.43,1943.0,5879.44
2024-06-30,Meta Ads,Campaign_87,Shopping,Ecommerce,Mobile,5232,2217,4746.0,1944.0,8600.5
2024-03-04,TikTok Ads,Campaign_4,Search,EdTech,Desktop,3414,1448,3243.19,570.0,2533.04
2024-04-21,Google Ads,Campaign_119,Shopping,EdTech,Tablet,9941,7086,848.64,6864.0,
2024-11-17,Google Ads,Campaign_49,Video,Finance,Desktop,1319,1141,2679.68,,5384.65
2024-10-22,Meta Ads,Campaign_30,Search,Healthcare,Tablet,9802,8135,259.95,2923.0,
2024-06-29,TikTok Ads,Campaign_88,Shopping,Ecommerce,Tablet,13455,9133,4314.98,5866.0,4242.78
2025-01-07,Meta Ads,Campaign_110,Shopping,Ecommerce,Tablet,18643,10020,3015.2,1257.0,14183.1
2024-01-11,Meta Ads,Campaign_50,Shopping,Healthcare,Desktop,15627,13232,4689.83,3856.0,
2025-01-21,Google Ads,Campaign_40,Shopping,Healthcare,Tablet,14113,8954,504.89,4145.0,371.79
2024-01-13,Google Ads,Campaign_26,Video,Healthcare,Tablet,16575,13404,4133.09,861.0,7309.3
2024-01-31,TikTok Ads,Campaign_11,Video,Healthcare,Desktop,5457,4261,1356.83,,
2024-05-24,Google Ads,Campaign_119,Shopping,EdTech,Desktop,10692,1289,3119.99,1151.0,7610.19
2025-02-27,Google Ads,Campaign_15,Video,EdTech,Tablet,4920,2153,3625.03,225.0,12093.32
2024-07-19,TikTok Ads,Campaign_76,Video,EdTech,Tablet,7692,2896,79.12,,186.28
2025-01-31,Google Ads,Campaign_81,Search,Ecommerce,Desktop,226,47,3492.65,17.0,8973.5
2024-06-08,TikTok Ads,Campaign_102,Shopping,Finance,Mobile,5074,1881,1149.13,269.0,2138.38
2024-07-18,TikTok Ads,Campaign_72,Video,Ecommerce,Desktop,9949,5570,4128.55,1666.0,19138.38
2024-11-20,Meta Ads,Campaign_52,Search,EdTech,Mobile,11874,11145,1687.4,4482.0,4836.28
2024-05-06,Meta Ads,Campaign_114,Search,Healthcare,Mobile,4820,2809,1316.24,1619.0,
2024-11-10,Meta Ads,Campaign_111,Shopping,Ecommerce,Tablet,336,272,4742.51,57.0,14463.27
2025-02-04,Meta Ads,Campaign_103,Search,Healthcare,Desktop,15588,9712,772.46,8347.0,1660.73
2024-12-02,TikTok Ads,Campaign_116,Shopping,Ecommerce,Desktop,1756,237,3372.0,93.0,766.33
2024-06-30,TikTok Ads,Campaign_1,Shopping,EdTech,Desktop,3435,2526,174.56,564.0,382.44
2024-07-08,Google Ads,Campaign_107,Video,Finance,Tablet,3791,1288,557.96,139.0,784.07
2025-01-24,Meta Ads,Campaign_50,Video,Ecommerce,Mobile,15198,6416,3386.97,1504.0,15734.93
2024-04-24,Meta Ads,Campaign_63,Shopping,EdTech,Tablet,191,53,1172.13,7.0,176.43
2024-02-27,Google Ads,Campaign_52,Video,Healthcare,Mobile,9221,1051,3695.33,292.0,5203.32
2024-10-10,Google Ads,Campaign_42,Video,Healthcare,Mobile,3176,1251,1559.4,,615.49
2025-01-09,Meta Ads,Campaign_109,Search,EdTech,Desktop,13255,4567,461.8,4005.0,1374.35
2024-01-10,TikTok Ads,Campaign_67,Search,EdTech,Desktop,5698,1273,3309.57,919.0,12474.9
2024-12-16,Meta Ads,Campaign_84,Shopping,Healthcare,Tablet,19738,10703,4324.81,270.0,15507.05
2024-04-25,Meta Ads,Campaign_85,Video,Ecommerce,Mobile,2230,128,4701.1,88.0,20288.43
2024-10-03,Google Ads,Campaign_5,Video,Ecommerce,Tablet,13171,2341,1499.71,1788.0,3253.2
2024-05-30,TikTok Ads,Campaign_40,Video,Finance,Mobile,7279,1326,4657.77,470.0,13195.58
2024-08-24,Google Ads,Campaign_55,Search,Healthcare,Tablet,7347,1008,4004.9,711.0,
2024-11-02,Meta Ads,Campaign_11,Shopping,Finance,Mobile,1260,869,4478.49,860.0,15668.11
2024-08-10,Meta Ads,Campaign_85,Shopping,Finance,Tablet,17274,6078,4093.7,,5315.07
2024-11-16,Google Ads,Campaign_63,Video,Finance,Desktop,6686,1587,2289.64,856.0,7028.85
2024-01-17,Meta Ads,Campaign_90,Search,Ecommerce,Desktop,5454,1232,1754.1,21.0,7066.52
2024-05-22,Meta Ads,Campaign_27,Search,Ecommerce,Tablet,13136,4591,2828.44,,1974.24
2025-02-10,Google Ads,Campaign_34,Video,EdTech,Mobile,9460,1015,3396.0,674.0,
2024-01-14,Meta Ads,Campaign_13,Shopping,Healthcare,Tablet,17369,11795,3282.05,4485.0,9225.66
2024-05-01,Google Ads,Campaign_17,Shopping,EdTech,Desktop,7566,4114,3241.18,1003.0,11041.94
2024-08-26,Meta Ads,Campaign_68,Shopping,Healthcare,Desktop,5184,2402,2658.31,799.0,3696.37
2024-05-15,TikTok Ads,Campaign_43,Shopping,Ecommerce,Tablet,13699,4524,3550.57,1307.0,
2024-10-12,Meta Ads,Campaign_102,Video,Finance,Mobile,9772,961,2323.07,775.0,3677.27
2025-03-28,Meta Ads,Campaign_6,Video,Ecommerce,Desktop,16244,10972,4122.36,422.0,
2024-08-16,Meta Ads,Campaign_84,Video,Healthcare,Tablet,6763,3075,2168.85,2966.0,5936.92
2025-01-23,Meta Ads,Campaign_70,Shopping,Finance,Mobile,12734,3177,4828.74,,17585.57
2024-11-11,TikTok Ads,Campaign_14,Search,Finance,Mobile,18581,14191,4951.66,2806.0,
2024-08-02,Meta Ads,Campaign_25,Video,Ecommerce,Tablet,14586,9032,4435.6,1814.0,11020.15
2024-01-25,Meta Ads,Campaign_99,Video,Finance,Tablet,19480,1609,3452.03,717.0,13893.79
2024-09-14,Google Ads,Campaign_42,Video,Finance,Tablet,5578,1620,1523.01,,2131.4
2025-03-16,TikTok Ads,Campaign_47,Shopping,Healthcare,Desktop,5450,783,4289.78,240.0,20306.88
2024-09-19,TikTok Ads,Campaign_111,Shopping,Finance,Tablet,16459,9548,1376.2,5877.0,1868.14
2024-01-08,Google Ads,Campaign_90,Video,Ecommerce,Tablet,13179,2059,4028.24,140.0,4553.5
2024-10-11,TikTok Ads,Campaign_15,Shopping,Finance,Tablet,15972,9117,3313.98,6543.0,12577.99
2024-11-21,TikTok Ads,Campaign_36,Video,Finance,Desktop,12748,4713,3800.8,3092.0,2836.34
2025-01-08,Google Ads,Campaign_100,Video,Healthcare,Tablet,7108,949,1687.66,867.0,2080.21
2024-05-27,Google Ads,Campaign_32,Video,Finance,Mobile,931,840,3240.53,742.0,12808.53
2024-10-24,Google Ads,Campaign_106,Shopping,EdTech,Tablet,15946,3748,1353.22,277.0,
2024-05-09,Meta Ads,Campaign_60,Search,Healthcare,Desktop,8681,5308,2338.41,2462.0,4807.66
2025-02-13,TikTok Ads,Campaign_50,Shopping,Ecommerce,Mobile,14758,244,4116.37,158.0,16043.9
2024-09-16,TikTok Ads,Campaign_26,Shopping,Healthcare,Desktop,17755,7135,3904.6,320.0,11762.02
2024-10-31,Meta Ads,Campaign_60,Video,Finance,Desktop,13482,7498,758.88,6636.0,3581.64
2024-12-26,Meta Ads,Campaign_42,Shopping,Ecommerce,Desktop,3867,3864,3461.77,1119.0,10823.75
2024-01-12,Google Ads,Campaign_76,Video,Ecommerce,Desktop,1260,184,4984.55,106.0,14807.65
2025-02-11,Meta Ads,Campaign_27,Video,EdTech,Mobile,10079,3809,3156.88,1711.0,8652.14
2025-02-08,Meta Ads,Campaign_110,Video,Ecommerce,Desktop,5197,526,829.51,523.0,
2024-01-22,Meta Ads,Campaign_80,Search,Healthcare,Mobile,3981,673,753.44,127.0,3735.0
2025-03-27,Google Ads,Campaign_104,Shopping,Finance,Tablet,9311,7697,5.56,6437.0,6.06
2024-02-15,TikTok Ads,Campaign_44,Search,Ecommerce,Desktop,2014,1741,4513.53,709.0,2874.43
2024-07-24,TikTok Ads,Campaign_43,Search,Ecommerce,Tablet,6638,4651,4471.33,609.0,6444.34
2024-09-07,TikTok Ads,Campaign_5,Search,Ecommerce,Desktop,13666,8976,64.49,4571.0,274.45
2024-05-08,TikTok Ads,Campaign_96,Shopping,EdTech,Tablet,9726,7774,4944.18,3861.0,9638.67
2024-02-27,Google Ads,Campaign_111,Search,Ecommerce,Desktop,12853,1367,4977.84,53.0,20221.82
2024-12-29,Google Ads,Campaign_20,Search,EdTech,Tablet,7493,4103,1823.35,2076.0,6077.38
2024-03-26,TikTok Ads,Campaign_53,Search,Finance,Tablet,7954,7269,933.2,7130.0,
2024-03-17,Google Ads,Campaign_20,Shopping,Healthcare,Tablet,10450,4039,2617.82,2035.0,3901.54
2024-04-07,TikTok Ads,Campaign_19,Video,Finance,Desktop,6578,4875,240.46,4062.0,1121.2
2025-01-10,TikTok Ads,Campaign_11,Shopping,Ecommerce,Mobile,13680,8105,4049.62,1243.0,14785.6
2024-03-28,Google Ads,Campaign_13,Search,Ecommerce,Desktop,7833,1893,4556.7,651.0,
2025-03-13,Google Ads,Campaign_87,Search,EdTech,Desktop,3637,2163,3781.27,259.0,7794.7
2024-09-26,Meta Ads,Campaign_35,Video,Healthcare,Mobile,7707,746,4078.85,366.0,1564.7
2024-12-23,Meta Ads,Campaign_47,Search,Healthcare,Desktop,13007,1773,4363.28,,21506.72
2025-01-25,Google Ads,Campaign_50,Video,EdTech,Mobile,8435,6360,4772.83,3590.0,11393.13
2024-09-16,Google Ads,Campaign_71,Video,Finance,Mobile,2560,1771,190.43,948.0,664.79
2024-10-09,Meta Ads,Campaign_18,Search,Healthcare,Tablet,4386,3836,2701.39,919.0,
2024-02-08,Google Ads,Campaign_4,Video,Finance,Desktop,8750,7354,403.08,3102.0,1521.9
2024-09-09,Google Ads,Campaign_58,Video,EdTech,Desktop,7370,5185,1798.97,,1755.77
2024-01-30,Google Ads,Campaign_42,Search,Finance,Mobile,6533,4677,2347.59,1735.0,11686.75
2024-01-29,Google Ads,Campaign_107,Video,Ecommerce,Tablet,7797,861,4369.37,154.0,
2024-08-23,Meta Ads,Campaign_37,Video,Ecommerce,Tablet,13057,5811,272.83,5606.0,1231.01
2025-03-25,TikTok Ads,Campaign_6,Video,Ecommerce,Tablet,15966,14713,1322.36,4675.0,450.32
2024-04-28,Google Ads,Campaign_9,Video,Ecommerce,Desktop,11348,9782,2705.57,,2982.72
2024-09-27,TikTok Ads,Campaign_29,Shopping,EdTech,Tablet,6559,2774,2617.01,2244.0,8721.47
2024-12-14,TikTok Ads,Campaign_67,Shopping,Finance,Tablet,13650,13065,2990.05,2395.0,12779.56
2024-11-28,Google Ads,Campaign_71,Shopping,EdTech,Desktop,9906,556,2830.09,135.0,7894.16
2024-07-18,Google Ads,Campaign_89,Video,Healthcare,Mobile,19880,1813,2255.97,1431.0,6646.25
2024-05-13,TikTok Ads,Campaign_69,Shopping,Ecommerce,Desktop,1689,1517,830.37,1391.0,
2024-04-20,Google Ads,Campaign_104,Search,Healthcare,Desktop,19645,18203,3352.17,15674.0,6885.17
2024-01-25,Meta Ads,Campaign_82,Shopping,Finance,Desktop,2031,322,1576.82,5.0,1867.93
2025-03-14,TikTok Ads,Campaign_19,Shopping,EdTech,Mobile,2038,812,3908.16,369.0,12266.65
2024-08-01,TikTok Ads,Campaign_56,Video,EdTech,Desktop,6681,5133,2449.35,4469.0,9058.71
2025-02-13,TikTok Ads,Campaign_98,Shopping,EdTech,Desktop,10171,8890,4020.83,1312.0,1198.56
2024-02-15,TikTok Ads,Campaign_119,Video,Ecommerce,Desktop,15997,1366,676.09,,1338.66
2024-12-17,Meta Ads,Campaign_77,Shopping,Finance,Tablet,6040,3560,1514.15,2112.0,5305.02
2025-01-05,TikTok Ads,Campaign_40,Shopping,Finance,Tablet,19918,19680,2767.36,18324.0,2907.21
2024-10-22,Google Ads,Campaign_77,Search,EdTech,Mobile,1073,339,3723.68,133.0,3644.66
2024-05-13,TikTok Ads,Campaign_38,Video,Ecommerce,Tablet,12021,6772,2568.54,1627.0,83.02
2024-01-19,Meta Ads,Campaign_64,Search,Healthcare,Mobile,18061,2881,2869.25,1191.0,
2024-05-05,TikTok Ads,Campaign_98,Search,Healthcare,Desktop,6487,5868,981.47,1058.0,
2025-02-21,TikTok Ads,Campaign_18,Video,Ecommerce,Mobile,220,146,4565.21,24.0,4126.61
2024-02-08,TikTok Ads,Campaign_106,Video,Finance,Mobile,8236,7813,3077.1,2068.0,
2024-07-27,TikTok Ads,Campaign_99,Search,Healthcare,Mobile,4476,478,4317.4,14.0,6336.54
2024-11-25,Google Ads,Campaign_95,Search,Healthcare,Tablet,3332,787,3395.33,78.0,16924.86
2024-10-24,Google Ads,Campaign_36,Search,Healthcare,Mobile,15855,12478,688.15,7533.0,
2024-12-06,TikTok Ads,Campaign_29,Video,Finance,Tablet,14643,198,4658.49,129.0,18721.43
2024-05-09,Google Ads,Campaign_13,Video,EdTech,Desktop,18628,17118,1967.78,,
2024-11-10,TikTok Ads,Campaign_111,Video,Healthcare,Mobile,1605,697,3226.09,98.0,3745.89
2024-01-30,TikTok Ads,Campaign_49,Search,Healthcare,Tablet,2371,216,715.81,182.0,2296.21
2024-06-03,Meta Ads,Campaign_34,Search,Finance,Desktop,3793,1755,4377.44,1615.0,18794.5
2025-01-16,Meta Ads,Campaign_28,Shopping,EdTech,Desktop,6358,2181,3346.78,1944.0,4075.89
2024-04-21,Meta Ads,Campaign_59,Shopping,Ecommerce,Mobile,6221,687,1178.11,20.0,5132.15
2024-08-24,TikTok Ads,Campaign_27,Search,EdTech,Desktop,3968,2716,3234.19,190.0,10322.74
2024-06-13,Google Ads,Campaign_59,Shopping,Ecommerce,Tablet,9158,4267,4182.21,3158.0,3956.28
2025-01-02,Google Ads,Campaign_61,Shopping,EdTech,Mobile,11695,1412,4669.33,,10944.67
2024-03-10,TikTok Ads,Campaign_15,Video,Healthcare,Tablet,19323,11891,4431.9,5969.0,
2024-09-25,Google Ads,Campaign_34,Video,EdTech,Desktop,14894,5068,2913.14,,13276.85
2024-02-07,Meta Ads,Campaign_8,Shopping,Finance,Desktop,15708,7265,4399.57,1105.0,11169.58
2024-09-28,Meta Ads,Campaign_113,Shopping,Ecommerce,Desktop,13668,13261,2339.9,11831.0,9565.78
2024-03-09,TikTok Ads,Campaign_105,Search,Healthcare,Mobile,18934,4225,3731.81,596.0,15779.09
2024-06-05,Meta Ads,Campaign_110,Search,Finance,Tablet,6852,1449,2564.9,264.0,10544.66
2024-02-28,Google Ads,Campaign_28,Video,Ecommerce,Tablet,6240,512,1210.87,215.0,
2024-01-13,Meta Ads,Campaign_54,Search,Ecommerce,Mobile,7867,3653,269.15,2365.0,52.43
2024-12-19,Meta Ads,Campaign_68,Shopping,EdTech,Desktop,16678,4284,3865.92,425.0,613.18
2025-01-04,TikTok Ads,Campaign_29,Search,Finance,Desktop,13929,7942,3912.5,5415.0,7798.44
2025-02-14,Meta Ads,Campaign_72,Search,Finance,Mobile,18952,5882,1173.77,5550.0,1979.74
2024-04-08,Meta Ads,Campaign_30,Search,Finance,Tablet,19824,4631,935.62,1407.0,1363.02
2024-09-03,Meta Ads,Campaign_17,Video,Finance,Tablet,11475,2173,534.0,1522.0,160.81
2024-10-17,Meta Ads,Campaign_1,Search,Ecommerce,Desktop,13272,1230,3589.66,,5856.21
2024-06-16,Meta Ads,Campaign_80,Search,Healthcare,Desktop,6464,178,4298.23,128.0,18352.21
2024-10-28,Google Ads,Campaign_68,Video,Finance,Tablet,5823,3960,996.1,3770.0,1439.21
2024-12-26,Google Ads,Campaign_54,Shopping,Ecommerce,Desktop,2706,1,2236.01,1.0,7319.86
2024-10-08,Google Ads,Campaign_79,Search,EdTech,Tablet,17285,14380,1369.94,11360.0,6532.1
2025-02-16,Meta Ads,Campaign_35,Shopping,EdTech,Tablet,12472,3140,2540.71,1590.0,6069.02
2024-02-12,TikTok Ads,Campaign_105,Search,Ecommerce,Desktop,2460,545,3728.59,168.0,12985.96
2024-05-05,Google Ads,Campaign_97,Video,EdTech,Tablet,17587,9951,742.53,2565.0,3023.52
2024-07-05,Meta Ads,Campaign_58,Video,EdTech,Desktop,5801,4151,1812.51,719.0,1849.55
2024-06-14,Google Ads,Campaign_45,Video,Healthcare,Mobile,7366,2060,278.7,985.0,335.56
2024-05-16,Google Ads,Campaign_17,Search,Finance,Desktop,4823,2276,2419.3,824.0,
2024-09-30,Meta Ads,Campaign_112,Search,Ecommerce,Desktop,19385,18122,4422.39,1364.0,11820.15
2025-01-10,TikTok Ads,Campaign_107,Search,Ecommerce,Tablet,1552,72,1694.12,13.0,6250.69
2024-06-02,Meta Ads,Campaign_92,Search,Finance,Mobile,154,14,3719.53,11.0,7881.13
2024-05-10,TikTok Ads,Campaign_49,Shopping,Finance,Tablet,14785,14304,1496.16,11049.0,2335.45
2024-11-05,Meta Ads,Campaign_1,Search,Ecommerce,Desktop,7011,3701,2722.98,1798.0,
2024-06-02,Meta Ads,Campaign_78,Shopping,Ecommerce,Desktop,18895,143,2401.47,91.0,2631.12
2024-10-12,Google Ads,Campaign_12,Video,Healthcare,Mobile,19576,16684,3575.63,,7635.85
2025-02-27,Meta Ads,Campaign_106,Search,EdTech,Tablet,15116,3661,3333.66,1751.0,7146.77
2024-09-24,Meta Ads,Campaign_100,Video,Healthcare,Tablet,19660,15126,765.72,6447.0,2298.12
2024-06-28,TikTok Ads,Campaign_118,Video,Ecommerce,Tablet,19105,11819,2486.27,1532.0,1344.51
2024-10-30,TikTok Ads,Campaign_59,Search,EdTech,Tablet,8167,5190,1700.02,4575.0,749.15
2025-01-21,Google Ads,Campaign_70,Search,Finance,Mobile,12479,1410,3945.11,377.0,
2024-01-14,Meta Ads,Campaign_12,Video,Healthcare,Tablet,1172,888,4642.98,266.0,7109.98
2024-09-13,TikTok Ads,Campaign_4,Video,Ecommerce,Desktop,3309,545,506.9,168.0,2056.93
2024-11-25,Meta Ads,Campaign_6,Search,EdTech,Tablet,5204,4309,620.54,3203.0,
2024-07-30,Google Ads,Campaign_106,Search,Finance,Desktop,19902,6795,1672.21,5121.0,1651.77
2024-05-08,Meta Ads,Campaign_38,Video,Finance,Mobile,9045,3732,4664.34,2283.0,11716.16
2025-02-11,TikTok Ads,Campaign_10,Search,Healthcare,Desktop,12373,2603,60.02,,222.27
2024-11-08,Meta Ads,Campaign_27,Video,Finance,Mobile,6200,5501,2145.75,2086.0,
2024-06-28,Meta Ads,Campaign_87,Search,EdTech,Tablet,7347,6057,596.05,5865.0,
2024-10-17,TikTok Ads,Campaign_114,Search,Finance,Desktop,13543,12576,2108.56,6401.0,
2024-07-04,Meta Ads,Campaign_36,Search,EdTech,Mobile,7933,2135,497.47,1565.0,2403.46
2024-07-26,Google Ads,Campaign_12,Video,Ecommerce,Mobile,16195,11305,1450.22,11154.0,1923.05
2024-12-04,Google Ads,Campaign_3,Video,Healthcare,Tablet,1927,1553,823.0,56.0,
2024-09-14,TikTok Ads,Campaign_101,Shopping,Finance,Desktop,15033,9465,80.14,3326.0,151.06
2025-01-31,Google Ads,Campaign_75,Video,Healthcare,Mobile,19543,13515,3730.9,6159.0,2995.8
2024-09-11,TikTok Ads,Campaign_112,Search,Finance,Mobile,5812,5297,4544.13,654.0,15368.21
2024-08-06,TikTok Ads,Campaign_40,Search,EdTech,Tablet,7787,4121,1630.85,3004.0,1206.49
2024-03-30,Google Ads,Campaign_112,Search,Healthcare,Mobile,989,188,4042.85,67.0,177.42
2024-12-31,Meta Ads,Campaign_77,Shopping,Finance,Mobile,10763,3908,3105.93,2997.0,
2024-04-10,TikTok Ads,Campaign_74,Shopping,Ecommerce,Tablet,18799,2637,3142.51,1065.0,9859.12
2024-12-01,Google Ads,Campaign_87,Video,Healthcare,Mobile,18830,8412,1017.44,3666.0,4672.7
2024-09-16,Google Ads,Campaign_41,Shopping,Ecommerce,Desktop,16956,9524,2712.87,4753.0,3716.48
2024-12-12,TikTok Ads,Campaign_46,Video,Finance,Tablet,3407,2635,840.1,865.0,1680.13
2024-02-18,TikTok Ads,Campaign_95,Shopping,EdTech,Tablet,5565,918,1411.57,149.0,1809.72
2025-03-27,Meta Ads,Campaign_108,Video,Healthcare,Tablet,2607,1074,2910.35,688.0,12578.04
2024-11-06,Google Ads,Campaign_56,Shopping,Healthcare,Tablet,15728,6997,2402.8,5233.0,
2024-05-24,Meta Ads,Campaign_37,Search,EdTech,Desktop,7865,3926,273.05,3317.0,699.85
2024-09-05,Google Ads,Campaign_68,Shopping,Finance,Desktop,15761,6349,3576.91,4157.0,3602.06
2024-12-23,TikTok Ads,Campaign_60,Shopping,Ecommerce,Mobile,6468,4150,895.82,3039.0,2061.98
2024-03-09,Meta Ads,Campaign_57,Video,EdTech,Mobile,17264,12006,196.81,3149.0,
2024-02-12,Google Ads,Campaign_36,Video,Healthcare,Desktop,19751,10386,559.67,3555.0,1590.67
2024-08-25,TikTok Ads,Campaign_116,Video,Finance,Mobile,16645,13382,4726.86,4025.0,
2024-08-24,TikTok Ads,Campaign_42,Search,EdTech,Mobile,8347,1812,4760.72,1553.0,16876.79
2024-04-18,Meta Ads,Campaign_85,Shopping,Healthcare,Tablet,16935,11586,2552.3,9368.0,4038.47
2024-11-17,TikTok Ads,Campaign_83,Shopping,Finance,Tablet,13509,5490,4547.98,372.0,
2024-01-17,Google Ads,Campaign_39,Video,Ecommerce,Desktop,16698,15123,1288.16,2376.0,4462.89
2024-07-14,Google Ads,Campaign_73,Shopping,Healthcare,Desktop,19194,5670,646.12,4524.0,
2024-11-30,Google Ads,Campaign_15,Search,EdTech,Desktop,18244,17106,3860.76,13521.0,7422.62
2025-03-21,TikTok Ads,Campaign_86,Video,Healthcare,Desktop,17483,3392,2522.51,2772.0,114.61
2024-06-10,TikTok Ads,Campaign_36,Video,Healthcare,Desktop,7194,5851,1220.74,678.0,5650.97
2025-01-23,Meta Ads,Campaign_92,Video,Healthcare,Tablet,14266,6654,1219.98,2440.0,5844.55
2024-10-30,Google Ads,Campaign_38,Shopping,Healthcare,Tablet,3539,959,803.17,408.0,1071.32
2024-12-23,TikTok Ads,Campaign_18,Video,Finance,Tablet,16471,14336,2455.1,9350.0,2360.06
2024-04-28,Meta Ads,Campaign_70,Video,Finance,Mobile,13419,2064,13.54,1219.0,25.79
2025-03-26,TikTok Ads,Campaign_86,Video,Finance,Tablet,12601,3250,151.77,417.0,349.32
2024-05-17,TikTok Ads,Campaign_88,Search,Healthcare,Desktop,13890,508,1100.45,331.0,4829.28
2024-11-19,Google Ads,Campaign_101,Video,EdTech,Tablet,16708,13004,4331.14,10962.0,9059.57
2024-09-29,Google Ads,Campaign_99,Search,Ecommerce,Desktop,3127,2667,4291.61,472.0,7717.94
2024-04-16,TikTok Ads,Campaign_67,Shopping,Healthcare,Desktop,3832,3660,880.12,179.0,1954.68
2024-04-29,Meta Ads,Campaign_97,Search,Healthcare,Desktop,18827,14419,1125.81,,3431.93
2024-04-26,Meta Ads,Campaign_106,Video,EdTech,Tablet,3407,639,1303.54,172.0,4707.19
2024-01-20,Google Ads,Campaign_98,Video,Healthcare,Mobile,7754,7404,4648.25,4934.0,
2024-03-10,Meta Ads,Campaign_2,Video,Healthcare,Mobile,6539,2758,4338.51,,2304.05
2024-05-12,TikTok Ads,Campaign_18,Video,Finance,Mobile,19790,9979,3823.88,3932.0,15425.03
2024-06-24,Meta Ads,Campaign_87,Search,Healthcare,Desktop,14116,7645,2727.14,3826.0,
2024-04-01,Google Ads,Campaign_103,Search,Healthcare,Mobile,162,97,3334.68,27.0,15183.88
2024-02-22,TikTok Ads,Campaign_38,Search,EdTech,Desktop,3933,3385,1287.4,2540.0,
2024-05-04,Meta Ads,Campaign_51,Shopping,Healthcare,Desktop,3636,1934,562.52,223.0,773.74
2024-01-21,TikTok Ads,Campaign_95,Video,Finance,Desktop,7170,5111,123.22,,446.87
2024-06-07,TikTok Ads,Campaign_1,Search,EdTech,Desktop,15523,4042,3236.71,1134.0,
2024-03-09,Google Ads,Campaign_2,Video,Healthcare,Desktop,8787,1986,4131.95,702.0,9489.93
2024-11-21,Google Ads,Campaign_3,Video,Ecommerce,Desktop,15774,14345,2626.59,3185.0,
2024-09-17,Meta Ads,Campaign_15,Shopping,Healthcare,Mobile,14553,5820,1534.66,3052.0,
2024-05-28,Meta Ads,Campaign_54,Shopping,Finance,Desktop,3727,1444,4454.16,258.0,10229.06
2024-07-17,Meta Ads,Campaign_21,Shopping,Finance,Tablet,14009,12093,4688.31,8186.0,10458.43
2025-01-28,Google Ads,Campaign_118,Search,Finance,Mobile,9663,2311,2635.25,2078.0,9009.76
2024-06-07,Meta Ads,Campaign_117,Search,Ecommerce,Mobile,13653,838,624.35,406.0,341.8
2024-08-07,TikTok Ads,Campaign_93,Search,Finance,Tablet,3320,2558,133.04,602.0,416.18
2024-11-25,Meta Ads,Campaign_52,Search,Finance,Mobile,9257,282,3380.98,57.0,16274.9
2024-03-22,TikTok Ads,Campaign_2,Video,Ecommerce,Tablet,66,5,3884.47,4.0,
2024-08-24,Meta Ads,Campaign_105,Shopping,EdTech,Desktop,9583,1235,2159.95,576.0,
2024-02-04,TikTok Ads,Campaign_81,Shopping,Finance,Tablet,9546,5335,240.39,5077.0,17.61
2025-01-28,TikTok Ads,Campaign_82,Video,EdTech,Mobile,1294,760,1547.31,704.0,3136.95
2024-03-19,Meta Ads,Campaign_105,Shopping,EdTech,Desktop,11241,10417,4479.08,3787.0,
2025-03-14,Google Ads,Campaign_80,Video,EdTech,Mobile,18207,5147,941.51,1356.0,437.88
2024-03-08,Google Ads,Campaign_82,Video,Healthcare,Mobile,13951,4402,3668.21,3605.0,9995.55
2024-11-05,Meta Ads,Campaign_85,Search,Healthcare,Tablet,5009,1557,3413.36,65.0,4541.5
2024-12-24,Meta Ads,Campaign_111,Shopping,Healthcare,Desktop,5192,100,3371.47,1.0,16614.62
2024-09-26,TikTok Ads,Campaign_12,Shopping,Ecommerce,Mobile,17138,11560,4085.54,10450.0,9994.02
2025-02-20,Meta Ads,Campaign_9,Video,Ecommerce,Mobile,8697,1129,873.91,,3222.24
2024-12-14,Meta Ads,Campaign_114,Search,Ecommerce,Tablet,7281,2509,3596.94,920.0,
2024-12-27,Meta Ads,Campaign_58,Shopping,Healthcare,Desktop,719,74,4342.76,,1003.1
2024-10-26,Meta Ads,Campaign_108,Search,Finance,Mobile,4207,3032,3314.3,460.0,15176.42
2024-07-03,Google Ads,Campaign_30,Search,Finance,Desktop,4652,2281,2608.67,1055.0,10196.36
2024-10-23,TikTok Ads,Campaign_108,Shopping,Finance,Desktop,1560,1164,4104.25,,1437.9
2024-06-10,Google Ads,Campaign_30,Shopping,EdTech,Desktop,8012,1645,3542.92,1604.0,3081.7
2024-07-06,Meta Ads,Campaign_49,Video,Healthcare,Mobile,885,566,3174.65,396.0,5472.62
2024-10-04,Google Ads,Campaign_59,Video,Finance,Tablet,9699,7129,467.8,2705.0,
2024-10-07,TikTok Ads,Campaign_5,Shopping,EdTech,Tablet,18812,4987,812.56,541.0,3459.8
2024-10-15,TikTok Ads,Campaign_101,Shopping,Ecommerce,Tablet,8159,2073,998.14,701.0,3725.16
2025-03-28,Google Ads,Campaign_26,Search,Finance,Tablet,8719,4886,1053.82,3718.0,3309.16
2024-05-23,Google Ads,Campaign_39,Search,Finance,Mobile,11675,10912,2439.5,5738.0,7645.43
2024-05-25,TikTok Ads,Campaign_41,Video,Ecommerce,Tablet,17136,10661,4522.26,1392.0,
2024-10-04,TikTok Ads,Campaign_23,Shopping,Healthcare,Desktop,19641,6213,4761.32,1997.0,15034.92
2024-02-21,Meta Ads,Campaign_25,Search,Finance,Tablet,16984,13012,1511.98,6376.0,
2025-03-07,Google Ads,Campaign_19,Shopping,Finance,Tablet,1209,1057,421.07,802.0,1403.02
2024-03-03,Google Ads,Campaign_82,Search,Ecommerce,Desktop,328,132,3587.81,66.0,12080.51
2025-02-22,Meta Ads,Campaign_15,Shopping,Finance,Mobile,17700,17580,3663.06,15383.0,3884.33
2024-01-31,TikTok Ads,Campaign_104,Video,Ecommerce,Tablet,5839,1865,1497.29,1215.0,7471.31
2024-11-16,Google Ads,Campaign_27,Video,EdTech,Desktop,12031,1460,4495.12,1346.0,3012.29
2025-01-21,TikTok Ads,Campaign_76,Video,Healthcare,Desktop,3071,555,3361.74,355.0,5739.66
2025-03-25,TikTok Ads,Campaign_33,Shopping,Finance,Desktop,19157,2262,4761.3,2116.0,
2024-12-24,Google Ads,Campaign_21,Video,Ecommerce,Mobile,5796,30,70.07,10.0,326.62
2024-06-17,Google Ads,Campaign_67,Search,Ecommerce,Tablet,340,19,627.91,5.0,659.91
2024-09-17,Meta Ads,Campaign_22,Shopping,Ecommerce,Mobile,4868,12,786.02,2.0,2037.23
2024-07-30,Meta Ads,Campaign_116,Search,Ecommerce,Desktop,13237,2434,3675.13,1438.0,9571.55
2024-03-17,TikTok Ads,Campaign_96,Video,EdTech,Mobile,9133,727,3599.98,171.0,
2024-01-04,Meta Ads,Campaign_69,Shopping,Healthcare,Tablet,15166,7492,3815.75,4309.0,7347.34
2025-02-04,TikTok Ads,Campaign_57,Shopping,Ecommerce,Desktop,9215,6617,528.98,5660.0,2154.6
2024-08-25,Google Ads,Campaign_103,Video,Ecommerce,Mobile,4700,2835,2464.91,2205.0,6042.88
2025-02-12,Meta Ads,Campaign_74,Search,EdTech,Tablet,1951,1724,4541.74,,11984.79
2024-01-16,Meta Ads,Campaign_12,Shopping,Ecommerce,Mobile,5519,444,1052.3,252.0,4615.97
2024-06-01,Meta Ads,Campaign_9,Search,Ecommerce,Desktop,11953,8106,922.18,2275.0,1272.37
2025-03-06,TikTok Ads,Campaign_109,Video,Ecommerce,Desktop,12546,10195,3613.84,6085.0,16570.84
2024-09-29,Meta Ads,Campaign_104,Video,Healthcare,Mobile,3253,2861,1596.13,766.0,1010.65
2024-02-06,Meta Ads,Campaign_9,Shopping,Healthcare,Desktop,5822,3930,173.25,2072.0,
2024-04-09,Meta Ads,Campaign_87,Shopping,Healthcare,Tablet,5993,3538,19.59,925.0,78.58
2024-08-31,Meta Ads,Campaign_50,Video,EdTech,Tablet,17322,9828,974.98,2510.0,3025.15
2025-03-14,Meta Ads,Campaign_50,Video,Finance,Desktop,11122,4938,542.0,2971.0,2122.36
2024-03-18,TikTok Ads,Campaign_39,Search,Ecommerce,Desktop,9096,3554,2701.09,394.0,
2024-05-30,Google Ads,Campaign_69,Video,Healthcare,Mobile,11434,9230,2467.4,5330.0,195.56
2024-07-24,TikTok Ads,Campaign_12,Search,Finance,Desktop,12388,7111,1846.96,242.0,8177.96
2025-02-19,Meta Ads,Campaign_70,Shopping,Healthcare,Desktop,17806,2972,550.71,1872.0,663.78
2024-08-01,Meta Ads,Campaign_24,Search,Finance,Mobile,7450,2897,995.06,228.0,10.87
2024-04-25,Google Ads,Campaign_42,Shopping,Finance,Desktop,1386,667,4470.04,379.0,5870.72
2024-10-31,Meta Ads,Campaign_30,Shopping,EdTech,Tablet,2513,2327,3462.57,617.0,16129.68
2024-02-22,Meta Ads,Campaign_102,Video,Finance,Mobile,7460,4833,951.91,3078.0,503.58
2024-08-27,TikTok Ads,Campaign_104,Shopping,EdTech,Tablet,17414,9957,872.49,1220.0,3678.18
2024-02-10,Google Ads,Campaign_106,Search,Healthcare,Desktop,1724,454,3646.05,365.0,7568.39
2024-11-19,TikTok Ads,Campaign_19,Shopping,Healthcare,Mobile,15762,3110,1638.74,2166.0,
2025-03-07,Meta Ads,Campaign_76,Video,Finance,Tablet,1658,928,4257.69,751.0,20751.13
2024-08-12,Meta Ads,Campaign_98,Shopping,Healthcare,Mobile,14247,11484,4641.86,378.0,
2024-06-03,Google Ads,Campaign_107,Search,Finance,Mobile,16117,14779,974.71,1888.0,2742.13
2024-11-05,Meta Ads,Campaign_25,Shopping,Healthcare,Desktop,13072,11133,3722.98,7777.0,13363.09
2024-06-11,Google Ads,Campaign_46,Video,Healthcare,Desktop,2989,151,3516.0,45.0,
2024-12-31,Meta Ads,Campaign_80,Search,Ecommerce,Mobile,1242,347,3005.46,295.0,13353.89
2024-09-18,TikTok Ads,Campaign_13,Search,Healthcare,Mobile,10683,7280,1572.82,4060.0,
2024-08-04,TikTok Ads,Campaign_62,Video,Healthcare,Tablet,11785,968,3413.0,368.0,4052.7
2024-10-17,Google Ads,Campaign_52,Shopping,Finance,Tablet,10292,823,3812.22,359.0,12672.16
2024-07-10,TikTok Ads,Campaign_103,Shopping,Healthcare,Tablet,2902,707,2070.66,79.0,2777.28
2024-11-28,TikTok Ads,Campaign_119,Search,Healthcare,Mobile,4662,4326,2237.5,873.0,10288.42
2024-02-02,Meta Ads,Campaign_12,Search,Ecommerce,Tablet,6273,2462,4004.01,1116.0,10080.37
2024-08-27,Meta Ads,Campaign_107,Video,Ecommerce,Mobile,7903,3951,197.09,3341.0,815.57
2024-06-15,Google Ads,Campaign_119,Video,Finance,Desktop,667,298,3664.39,98.0,18172.29
2024-06-03,TikTok Ads,Campaign_106,Search,Ecommerce,Tablet,391,51,702.54,26.0,1972.16
2024-02-07,Google Ads,Campaign_93,Search,Healthcare,Desktop,19932,6163,2613.55,5264.0,
2025-01-30,Google Ads,Campaign_103,Video,EdTech,Desktop,12190,3883,1980.27,3515.0,4206.04
2025-01-16,Meta Ads,Campaign_116,Video,EdTech,Tablet,11426,225,3650.65,181.0,14317.95
2024-05-16,Meta Ads,Campaign_59,Search,Healthcare,Desktop,393,183,3873.26,120.0,10703.83
2024-06-10,TikTok Ads,Campaign_118,Search,EdTech,Tablet,7213,1813,3284.08,1215.0,2364.59
2024-05-14,Meta Ads,Campaign_89,Search,EdTech,Tablet,1963,1057,2151.72,,9754.32
2025-02-05,Google Ads,Campaign_108,Shopping,EdTech,Desktop,7280,1067,4743.95,127.0,19247.77
2024-07-08,TikTok Ads,Campaign_34,Search,Ecommerce,Desktop,18746,18608,1098.41,6371.0,4374.15
2024-09-28,Meta Ads,Campaign_52,Shopping,EdTech,Mobile,14539,4647,1798.95,1810.0,8728.85
2024-11-06,Google Ads,Campaign_7,Shopping,Finance,Mobile,10635,9964,1943.37,877.0,8660.76
2024-02-04,TikTok Ads,Campaign_68,Search,Ecommerce,Tablet,14429,2374,4205.54,,
2024-05-07,Meta Ads,Campaign_13,Shopping,Finance,Tablet,4690,2276,4227.55,343.0,10748.1
2025-02-26,Google Ads,Campaign_37,Search,Ecommerce,Tablet,10766,3384,3136.57,2122.0,15052.15
2025-03-29,Google Ads,Campaign_26,Shopping,Ecommerce,Tablet,5062,3685,1163.02,3148.0,
2024-11-08,Google Ads,Campaign_61,Video,EdTech,Mobile,4050,325,3572.81,156.0,17338.04
2025-03-24,Google Ads,Campaign_101,Search,Healthcare,Tablet,13464,3808,1203.41,1150.0,4514.42
2025-02-23,Google Ads,Campaign_26,Search,Ecommerce,Desktop,18897,8168,2769.85,6861.0,
2024-03-29,Meta Ads,Campaign_55,Shopping,Healthcare,Mobile,5622,1877,3485.07,1795.0,6734.25
2025-02-16,TikTok Ads,Campaign_89,Shopping,Ecommerce,Desktop,14605,1079,4873.85,227.0,1462.35
2024-08-05,Google Ads,Campaign_27,Search,Healthcare,Desktop,1102,597,2051.52,201.0,504.14
2024-01-12,Google Ads,Campaign_43,Search,Healthcare,Mobile,15511,8002,2414.39,4846.0,10974.16
2024-12-28,Meta Ads,Campaign_100,Shopping,EdTech,Tablet,3412,56,4035.54,22.0,2355.7
2024-01-22,Google Ads,Campaign_88,Search,Ecommerce,Tablet,10394,1209,181.7,248.0,
2025-03-17,Meta Ads,Campaign_11,Video,Finance,Tablet,12231,2098,3897.42,252.0,18954.88
2024-07-19,TikTok Ads,Campaign_55,Search,Ecommerce,Desktop,5574,5411,4648.96,1587.0,1610.97
2024-07-21,TikTok Ads,Campaign_109,Video,Finance,Tablet,2433,270,3487.24,258.0,
2024-03-24,Meta Ads,Campaign_43,Video,EdTech,Desktop,13368,9777,2190.11,6214.0,4696.9
2024-05-28,TikTok Ads,Campaign_12,Video,Healthcare,Desktop,19037,15754,2209.27,9280.0,8245.57
2024-12-16,TikTok Ads,Campaign_77,Search,Healthcare,Desktop,1309,864,1231.74,791.0,
2024-02-11,Google Ads,Campaign_43,Shopping,Healthcare,Desktop,16805,9965,2585.03,946.0,5181.46
2024-01-26,TikTok Ads,Campaign_1,Search,Finance,Desktop,3258,2025,1417.74,909.0,3418.82
2024-04-19,Google Ads,Campaign_1,Search,Healthcare,Mobile,3201,2896,19.57,669.0,39.77
2024-07-22,Meta Ads,Campaign_43,Shopping,Ecommerce,Desktop,13266,6499,492.73,,1746.48
2024-07-29,Meta Ads,Campaign_37,Search,Ecommerce,Desktop,15407,12925,1455.98,6382.0,549.83
2024-07-20,Google Ads,Campaign_4,Search,Ecommerce,Mobile,2261,956,4036.31,,4512.65
2024-05-04,Meta Ads,Campaign_65,Video,Ecommerce,Mobile,1425,764,3821.26,705.0,12214.57
2024-02-25,TikTok Ads,Campaign_108,Search,EdTech,Mobile,4795,1646,570.92,440.0,1676.64
2024-10-19,TikTok Ads,Campaign_98,Search,Finance,Mobile,16246,9377,315.94,3262.0,950.71
2024-07-22,TikTok Ads,Campaign_104,Video,Finance,Mobile,17849,14158,564.2,9735.0,1794.45
2024-07-06,Google Ads,Campaign_20,Video,EdTech,Mobile,5660,4945,2130.61,1129.0,6379.93
2024-01-01,Google Ads,Campaign_80,Shopping,Ecommerce,Tablet,6523,4205,4129.44,544.0,8227.47
2024-05-18,Meta Ads,Campaign_96,Shopping,Ecommerce,Tablet,13846,5615,2634.09,2668.0,
2024-07-15,Meta Ads,Campaign_30,Shopping,Ecommerce,Tablet,3391,2846,2131.59,1616.0,3372.91
2025-01-21,Google Ads,Campaign_86,Shopping,Healthcare,Desktop,19475,12847,273.57,968.0,1279.96
2024-04-15,Google Ads,Campaign_117,Video,Ecommerce,Tablet,801,42,1076.35,,1061.51
2024-10-02,Google Ads,Campaign_82,Search,Finance,Desktop,14855,3401,1833.19,1348.0,1461.01
2025-03-20,Meta Ads,Campaign_78,Video,EdTech,Tablet,9569,5273,968.12,,2172.71
2024-04-13,TikTok Ads,Campaign_71,Video,Healthcare,Desktop,4240,2322,1635.03,1202.0,2249.72
2024-11-17,Meta Ads,Campaign_16,Search,Healthcare,Mobile,19800,12818,2661.8,6302.0,5228.3
2024-08-17,Meta Ads,Campaign_40,Video,Healthcare,Mobile,8872,2846,1643.02,2132.0,3929.15
2024-02-14,Google Ads,Campaign_80,Shopping,Finance,Tablet,2024,329,4715.98,131.0,4878.02
2024-01-31,Meta Ads,Campaign_104,Video,Finance,Desktop,15612,7848,4174.5,6082.0,10089.81
2024-12-07,Google Ads,Campaign_100,Search,Finance,Tablet,12222,8444,3144.37,8210.0,12031.47
2024-06-23,Meta Ads,Campaign_75,Shopping,Healthcare,Desktop,18952,15037,4889.27,1885.0,5264.75
2024-03-13,Google Ads,Campaign_77,Video,Finance,Desktop,93,43,2829.44,26.0,559.63
2024-09-22,Meta Ads,Campaign_86,Search,Finance,Mobile,6694,2873,2375.85,,9103.12
2025-03-21,Google Ads,Campaign_62,Shopping,EdTech,Desktop,12000,8333,361.95,892.0,1596.62
2024-06-25,TikTok Ads,Campaign_62,Shopping,Ecommerce,Tablet,10960,8234,4096.99,7923.0,11077.56
2024-07-24,Meta Ads,Campaign_97,Search,Finance,Tablet,1312,954,1490.75,331.0,
2024-06-05,TikTok Ads,Campaign_62,Search,Healthcare,Desktop,4083,745,3213.14,557.0,4699.46
2024-05-12,TikTok Ads,Campaign_61,Search,Healthcare,Desktop,9528,8853,1763.46,7187.0,4166.84
2024-10-18,Meta Ads,Campaign_111,Search,Finance,Tablet,5295,4076,1743.81,2675.0,1391.85
2025-01-10,Google Ads,Campaign_15,Shopping,EdTech,Mobile,8201,4144,1959.99,730.0,6762.22
2024-05-09,TikTok Ads,Campaign_23,Shopping,Ecommerce,Mobile,15222,12363,1252.41,3229.0,1751.33
2024-07-09,TikTok Ads,Campaign_9,Search,Healthcare,Tablet,12,11,3738.26,10.0,15266.93
2024-08-30,Google Ads,Campaign_10,Video,Ecommerce,Mobile,8812,3790,3084.42,1962.0,
2024-09-24,Google Ads,Campaign_25,Shopping,Healthcare,Mobile,16330,7819,2243.16,5821.0,7443.08
2024-09-13,Google Ads,Campaign_25,Shopping,Healthcare,Mobile,6449,1725,3647.61,1534.0,
2024-10-15,Meta Ads,Campaign_14,Video,Ecommerce,Desktop,12676,8808,2452.25,8338.0,
2024-04-20,TikTok Ads,Campaign_15,Shopping,Healthcare,Desktop,18105,15704,1418.73,1423.0,4495.93
2025-02-01,TikTok Ads,Campaign_117,Video,Ecommerce,Mobile,17690,10313,67.05,2402.0,
2024-06-08,TikTok Ads,Campaign_13,Video,Healthcare,Tablet,8515,2431,2783.55,574.0,4670.93
2025-02-14,Google Ads,Campaign_52,Search,Ecommerce,Tablet,8855,5868,1415.0,2647.0,
2024-02-22,Meta Ads,Campaign_44,Shopping,Finance,Desktop,13739,1789,1183.17,988.0,54.22
2024-04-28,TikTok Ads,Campaign_114,Shopping,EdTech,Mobile,19790,3129,4407.43,104.0,15874.09
2025-03-22,Google Ads,Campaign_61,Video,Healthcare,Tablet,12388,11319,329.15,6475.0,941.2
2024-08-29,Meta Ads,Campaign_72,Video,Finance,Tablet,1245,672,2393.51,527.0,9003.61
2024-05-10,TikTok Ads,Campaign_97,Search,Healthcare,Tablet,6038,1257,3131.3,746.0,1977.16
2024-12-18,TikTok Ads,Campaign_97,Shopping,Ecommerce,Desktop,179,33,3130.49,31.0,7914.76
2024-12-19,Meta Ads,Campaign_26,Video,Healthcare,Mobile,16865,4287,1592.26,2637.0,2290.61
2024-03-18,Meta Ads,Campaign_88,Search,Ecommerce,Tablet,11254,4018,3120.96,1096.0,
2024-12-21,Meta Ads,Campaign_29,Search,Healthcare,Mobile,148,121,4809.44,82.0,10967.92
2024-07-16,Meta Ads,Campaign_72,Shopping,EdTech,Mobile,5692,4218,2356.83,2377.0,1707.91
2024-11-02,TikTok Ads,Campaign_8,Video,Finance,Tablet,7313,1717,4063.66,256.0,2663.32
2024-08-10,TikTok Ads,Campaign_83,Shopping,Healthcare,Desktop,15321,12646,4575.42,5769.0,11225.66
2024-11-20,Google Ads,Campaign_17,Shopping,EdTech,Tablet,13030,11735,4271.29,7727.0,2210.67
2024-03-13,Meta Ads,Campaign_4,Search,Finance,Desktop,760,590,1511.38,12.0,7345.71
2025-01-08,TikTok Ads,Campaign_14,Video,Ecommerce,Tablet,10447,3081,1839.25,1352.0,
2024-08-09,TikTok Ads,Campaign_39,Shopping,EdTech,Desktop,13313,1559,2999.43,831.0,12379.52
2024-07-05,Meta Ads,Campaign_81,Shopping,Finance,Mobile,17472,4611,4166.05,1180.0,13090.2
2024-10-19,TikTok Ads,Campaign_91,Video,Healthcare,Desktop,7432,138,2043.97,69.0,7612.41
2025-02-17,Google Ads,Campaign_60,Search,Ecommerce,Mobile,12612,4537,117.16,2335.0,512.58
2024-06-06,Google Ads,Campaign_49,Search,EdTech,Mobile,14574,37,702.5,24.0,729.98
2024-08-21,TikTok Ads,Campaign_49,Shopping,Healthcare,Tablet,6411,6212,530.65,1751.0,426.41
2024-02-18,Meta Ads,Campaign_3,Shopping,Ecommerce,Desktop,2460,433,3152.09,1.0,5887.16
2024-08-17,Google Ads,Campaign_64,Video,Healthcare,Desktop,17360,7345,2632.97,,4773.35
2024-03-01,TikTok Ads,Campaign_94,Shopping,EdTech,Desktop,13025,9280,1230.0,,2966.49
2024-08-24,TikTok Ads,Campaign_53,Search,Finance,Mobile,14409,2108,489.29,697.0,1354.55
2024-10-18,Meta Ads,Campaign_54,Shopping,EdTech,Mobile,13769,13391,975.27,,695.63
2024-02-06,Meta Ads,Campaign_113,Shopping,Healthcare,Mobile,12780,7069,2353.92,3810.0,11070.96
2025-03-24,TikTok Ads,Campaign_37,Video,Ecommerce,Desktop,4242,4217,985.53,,3471.5
2025-03-02,Meta Ads,Campaign_42,Search,Ecommerce,Mobile,13908,6604,4504.54,458.0,14262.93
2024-02-23,Meta Ads,Campaign_82,Search,EdTech,Desktop,2022,1495,1254.94,194.0,4291.12
2024-06-24,Meta Ads,Campaign_110,Shopping,Finance,Mobile,2289,1566,1431.3,,4650.75
2024-12-02,TikTok Ads,Campaign_12,Shopping,Finance,Desktop,2666,463,91.9,274.0,138.49
2025-02-26,Meta Ads,Campaign_68,Shopping,Ecommerce,Mobile,9156,7226,1663.67,1187.0,
2024-09-22,TikTok Ads,Campaign_69,Video,Healthcare,Mobile,2580,1556,1523.8,51.0,654.55
2024-07-04,TikTok Ads,Campaign_59,Search,EdTech,Tablet,1074,590,3328.92,585.0,7658.22
2024-09-26,Meta Ads,Campaign_91,Search,Finance,Tablet,6610,2332,637.04,600.0,239.35
2024-07-31,Meta Ads,Campaign_41,Video,EdTech,Desktop,9686,9044,3254.14,7400.0,
2024-05-26,Meta Ads,Campaign_49,Video,Finance,Mobile,4695,3338,1453.61,2024.0,6982.52
2024-12-23,TikTok Ads,Campaign_33,Search,Ecommerce,Mobile,16312,7034,1917.67,6187.0,6239.99
2024-03-14,Google Ads,Campaign_95,Search,EdTech,Tablet,14021,5790,2912.84,4175.0,12435.88
2024-09-04,Google Ads,Campaign_67,Search,Healthcare,Tablet,10097,4659,405.3,4001.0,505.86
2024-11-04,TikTok Ads,Campaign_97,Search,Ecommerce,Mobile,16279,2750,851.3,469.0,905.47
2024-02-23,Meta Ads,Campaign_33,Search,Healthcare,Mobile,4019,131,2784.09,120.0,5776.96
2024-11-16,Meta Ads,Campaign_73,Shopping,Healthcare,Tablet,3574,3319,2441.55,1406.0,6705.33
2024-08-29,Google Ads,Campaign_13,Video,EdTech,Tablet,13960,6249,4655.45,,16838.64
2024-10-24,Google Ads,Campaign_9,Search,Ecommerce,Mobile,5778,5013,3506.47,4512.0,6153.43
2025-01-14,Google Ads,Campaign_102,Video,Healthcare,Tablet,4370,1773,834.15,,
2024-04-30,Google Ads,Campaign_27,Search,Healthcare,Desktop,10326,5969,4277.94,5273.0,5459.35
2024-10-15,TikTok Ads,Campaign_55,Search,Healthcare,Tablet,18047,15321,3318.96,10207.0,
2024-04-25,Meta Ads,Campaign_33,Video,Healthcare,Desktop,10583,8007,3665.77,7711.0,
2024-09-21,Google Ads,Campaign_73,Shopping,Ecommerce,Mobile,2627,2522,3527.48,,6955.15
2024-01-06,Google Ads,Campaign_55,Search,EdTech,Desktop,12076,9223,2609.31,8399.0,
2024-07-01,TikTok Ads,Campaign_82,Video,Ecommerce,Tablet,4784,832,1871.53,338.0,6876.47
2024-08-22,Google Ads,Campaign_63,Search,Healthcare,Desktop,13180,952,3123.98,230.0,3299.05
2024-09-25,Google Ads,Campaign_12,Search,EdTech,Tablet,7829,3983,252.98,2867.0,1216.37
2024-04-09,Google Ads,Campaign_17,Video,Finance,Tablet,19669,9777,2202.17,5559.0,8265.5
2025-02-14,Meta Ads,Campaign_10,Search,Ecommerce,Mobile,1677,834,522.64,,
2024-07-19,Meta Ads,Campaign_96,Video,Ecommerce,Tablet,694,639,3445.72,228.0,3448.38
2024-04-04,Google Ads,Campaign_41,Shopping,Finance,Tablet,14677,11434,4039.69,1868.0,2225.31
2024-11-17,Meta Ads,Campaign_16,Search,EdTech,Mobile,3542,2775,1787.57,2116.0,5745.27
2025-02-18,Google Ads,Campaign_29,Search,Ecommerce,Mobile,19532,1004,2639.06,46.0,7625.26
2024-12-24,Meta Ads,Campaign_75,Shopping,Ecommerce,Desktop,5607,3202,3074.52,578.0,1439.76
2024-05-22,Google Ads,Campaign_41,Shopping,EdTech,Mobile,18215,17856,4405.53,9628.0,13062.06
2024-09-26,TikTok Ads,Campaign_116,Shopping,EdTech,Desktop,8911,3235,4983.42,480.0,16064.55
2024-11-05,Meta Ads,Campaign_112,Shopping,Ecommerce,Tablet,4995,1501,167.13,606.0,198.11
2024-02-07,TikTok Ads,Campaign_75,Search,EdTech,Tablet,17434,13435,548.18,4114.0,2544.48
2024-11-21,Google Ads,Campaign_85,Video,EdTech,Tablet,1211,775,3.95,85.0,1.73
2025-03-09,Google Ads,Campaign_66,Search,Healthcare,Mobile,1095,23,667.34,15.0,3302.45
2024-06-18,Google Ads,Campaign_46,Video,Ecommerce,Mobile,9001,419,4076.77,248.0,10587.32
2024-02-26,TikTok Ads,Campaign_17,Video,Healthcare,Desktop,5137,1361,404.75,627.0,1894.72
2024-10-11,Google Ads,Campaign_35,Shopping,Finance,Tablet,15926,14834,1693.75,11704.0,7265.49
2024-10-07,TikTok Ads,Campaign_40,Shopping,Finance,Tablet,16301,6818,2277.51,684.0,
2024-02-02,Meta Ads,Campaign_3,Shopping,Healthcare,Mobile,1234,301,3394.5,85.0,4474.04
2024-08-21,Google Ads,Campaign_47,Search,Ecommerce,Tablet,8261,5558,1346.8,3435.0,3056.35
2025-01-05,Meta Ads,Campaign_97,Search,Healthcare,Tablet,1883,1371,4222.01,797.0,8765.18
2025-02-04,Meta Ads,Campaign_39,Shopping,Finance,Desktop,1892,1082,4529.72,,8027.21
2025-03-07,Meta Ads,Campaign_95,Video,Finance,Mobile,7412,2018,921.1,,1807.12
2024-09-06,Google Ads,Campaign_35,Shopping,Finance,Tablet,12288,6884,1915.35,3157.0,5442.65
2024-06-12,Google Ads,Campaign_94,Video,Ecommerce,Tablet,17100,3967,2470.06,3327.0,
2024-04-16,TikTok Ads,Campaign_95,Video,Ecommerce,Mobile,19515,7634,2854.96,3306.0,9442.04
2024-03-04,TikTok Ads,Campaign_7,Search,Healthcare,Tablet,731,363,4922.21,201.0,14759.36
2024-06-14,Meta Ads,Campaign_11,Video,Ecommerce,Tablet,13262,5229,3236.11,2415.0,
2025-02-14,TikTok Ads,Campaign_35,Search,Finance,Tablet,2590,2447,1583.01,1230.0,1191.18
2024-11-02,TikTok Ads,Campaign_55,Shopping,Ecommerce,Tablet,19814,14716,1288.48,11109.0,3717.4
2024-08-22,Meta Ads,Campaign_11,Shopping,EdTech,Mobile,8107,2752,1461.52,242.0,639.97
2025-03-04,TikTok Ads,Campaign_93,Video,Ecommerce,Tablet,646,0,3045.14,,6802.38
2024-09-01,TikTok Ads,Campaign_40,Search,Healthcare,Desktop,17758,1909,1570.55,915.0,830.82
2024-05-06,Google Ads,Campaign_29,Search,Finance,Tablet,14691,6852,1686.01,1494.0,1027.53
2024-11-06,TikTok Ads,Campaign_29,Video,Healthcare,Tablet,8655,2198,704.34,912.0,2566.86
2024-06-19,Meta Ads,Campaign_62,Shopping,Healthcare,Mobile,4761,4462,2649.05,549.0,11014.4
2024-06-06,Google Ads,Campaign_26,Shopping,Finance,Mobile,17139,9638,642.58,4931.0,
2024-09-19,Google Ads,Campaign_49,Search,Ecommerce,Mobile,7130,4829,94.64,3186.0,
2024-11-15,Meta Ads,Campaign_13,Shopping,Ecommerce,Tablet,296,76,1055.03,53.0,1159.07
2025-01-21,TikTok Ads,Campaign_68,Shopping,Ecommerce,Desktop,17671,17502,3042.92,,14623.03
2025-03-15,Google Ads,Campaign_2,Shopping,EdTech,Desktop,14547,4760,478.77,3537.0,1360.84
2025-03-25,Meta Ads,Campaign_31,Video,Finance,Mobile,14925,4867,1106.19,1264.0,4271.22
2024-05-04,TikTok Ads,Campaign_70,Shopping,Healthcare,Desktop,18050,1384,1067.84,307.0,
2025-02-14,TikTok Ads,Campaign_17,Search,Healthcare,Desktop,10482,8664,3886.02,958.0,15775.1
2024-07-11,TikTok Ads,Campaign_118,Search,EdTech,Mobile,3185,25,3720.63,14.0,5048.68
2024-05-12,Google Ads,Campaign_86,Shopping,EdTech,Desktop,13880,1055,3869.0,1035.0,3543.97
2024-09-06,TikTok Ads,Campaign_98,Shopping,Finance,Mobile,19194,3044,2405.63,1975.0,5402.12
2024-09-27,Meta Ads,Campaign_93,Search,EdTech,Tablet,17177,5756,1249.79,4414.0,3656.85
2024-04-04,Meta Ads,Campaign_74,Video,Finance,Mobile,4027,3336,3415.35,1649.0,16233.27
2024-05-04,Meta Ads,Campaign_63,Search,Healthcare,Tablet,16243,7933,2661.52,,1105.05
2024-08-15,Meta Ads,Campaign_90,Search,Finance,Desktop,13273,331,4553.22,,9741.95
2024-03-13,TikTok Ads,Campaign_16,Video,Ecommerce,Desktop,2575,949,2413.64,426.0,8934.13
2024-08-05,Google Ads,Campaign_61,Shopping,Finance,Mobile,14986,13350,1.21,4419.0,
2024-11-19,Google Ads,Campaign_9,Search,Finance,Tablet,6629,5636,3407.3,4541.0,
2024-07-09,TikTok Ads,Campaign_56,Shopping,EdTech,Tablet,5097,1660,1869.69,1596.0,207.56
2024-06-27,TikTok Ads,Campaign_74,Video,Healthcare,Desktop,9304,6065,4478.26,3068.0,
2024-03-21,TikTok Ads,Campaign_94,Shopping,Finance,Tablet,18602,1389,2400.45,783.0,8665.35
2024-04-28,Google Ads,Campaign_6,Search,Healthcare,Mobile,11102,10588,3254.33,442.0,3910.28
2024-04-02,Google Ads,Campaign_10,Search,Healthcare,Tablet,562,490,4341.49,340.0,39.33
2024-08-05,Google Ads,Campaign_118,Search,Ecommerce,Tablet,8720,2939,675.92,2057.0,406.4
2025-03-23,Google Ads,Campaign_63,Search,Finance,Tablet,17274,13858,1886.26,,2405.8
2024-07-29,Meta Ads,Campaign_111,Search,Finance,Mobile,7991,7247,3658.02,5796.0,1941.04
2024-01-25,Meta Ads,Campaign_59,Shopping,EdTech,Desktop,569,508,1246.02,437.0,1048.28
2024-09-10,Google Ads,Campaign_59,Video,Ecommerce,Desktop,4858,389,2259.35,179.0,6669.9
2025-01-31,Meta Ads,Campaign_54,Shopping,Ecommerce,Tablet,17493,6929,3386.71,1250.0,
2024-08-09,Meta Ads,Campaign_116,Search,Healthcare,Desktop,11556,6436,1953.76,484.0,7844.41
2025-02-18,TikTok Ads,Campaign_63,Video,EdTech,Mobile,16295,9862,2488.44,1151.0,11216.71
2024-04-02,Google Ads,Campaign_100,Video,EdTech,Tablet,7494,3955,2473.77,1205.0,
2024-01-19,TikTok Ads,Campaign_6,Video,EdTech,Tablet,17168,2696,1128.82,2400.0,
2024-03-28,Google Ads,Campaign_37,Search,Healthcare,Desktop,15932,8953,2235.8,7692.0,8770.33
2024-04-15,Google Ads,Campaign_62,Video,EdTech,Mobile,15202,8060,1038.85,2727.0,
2024-06-18,TikTok Ads,Campaign_82,Video,Ecommerce,Desktop,5067,3883,1688.74,661.0,4293.95
2024-11-03,TikTok Ads,Campaign_89,Video,Healthcare,Mobile,2169,1275,859.37,310.0,
2025-03-29,Google Ads,Campaign_14,Search,Ecommerce,Desktop,19364,9551,4321.15,,16082.63
2024-08-05,TikTok Ads,Campaign_48,Search,EdTech,Tablet,16049,4796,849.95,4606.0,2583.68
2024-11-04,Meta Ads,Campaign_16,Shopping,Healthcare,Mobile,6516,416,3656.11,30.0,1792.55
2025-03-29,TikTok Ads,Campaign_89,Search,Healthcare,Mobile,15945,255,1586.28,80.0,4210.46
2024-08-01,TikTok Ads,Campaign_65,Search,Healthcare,Tablet,591,133,2236.66,131.0,6915.15
2024-08-14,TikTok Ads,Campaign_72,Shopping,Finance,Mobile,2845,2766,1940.67,2513.0,2201.08
2024-07-10,Google Ads,Campaign_25,Shopping,Finance,Tablet,1068,370,1289.7,342.0,6290.69
2024-12-23,TikTok Ads,Campaign_93,Shopping,Ecommerce,Mobile,19308,7045,3578.31,,12597.52
2024-02-22,Meta Ads,Campaign_87,Video,EdTech,Mobile,5289,2422,1046.44,2061.0,
2024-01-08,TikTok Ads,Campaign_80,Search,EdTech,Mobile,17138,2347,3806.38,814.0,16895.08
2024-01-05,Google Ads,Campaign_32,Search,Ecommerce,Tablet,13965,607,651.7,25.0,380.85
2025-01-21,TikTok Ads,Campaign_91,Shopping,EdTech,Desktop,1973,10,4312.17,4.0,5320.08
2025-03-05,Meta Ads,Campaign_8,Video,Ecommerce,Desktop,5914,1780,2081.09,556.0,7170.49
2024-07-03,Meta Ads,Campaign_35,Search,Healthcare,Mobile,6278,1406,4724.92,1266.0,
2024-08-18,TikTok Ads,Campaign_27,Shopping,Healthcare,Tablet,11948,1758,4017.71,551.0,5075.63
2024-04-02,Meta Ads,Campaign_90,Video,Ecommerce,Desktop,4406,992,2218.0,299.0,9684.39
2024-01-24,TikTok Ads,Campaign_36,Search,EdTech,Mobile,2036,998,2450.02,302.0,
2025-02-27,Google Ads,Campaign_93,Video,EdTech,Mobile,8680,1485,4051.52,377.0,
2024-09-15,TikTok Ads,Campaign_79,Shopping,Finance,Desktop,18163,12961,696.48,10307.0,
2024-05-18,TikTok Ads,Campaign_42,Shopping,Ecommerce,Mobile,18042,784,4841.04,372.0,21399.22
2024-02-06,Meta Ads,Campaign_71,Video,Finance,Mobile,6200,5396,4230.97,5218.0,8977.89
2025-03-08,TikTok Ads,Campaign_41,Search,Ecommerce,Desktop,14298,13827,3175.78,6676.0,286.33
2024-10-18,Meta Ads,Campaign_80,Shopping,Finance,Tablet,2593,2123,637.88,1943.0,1897.16
2024-09-27,Meta Ads,Campaign_42,Shopping,Finance,Tablet,5340,1451,1787.35,,
2024-11-03,TikTok Ads,Campaign_43,Shopping,Ecommerce,Desktop,9923,8218,2096.94,92.0,7169.89
2024-07-13,Meta Ads,Campaign_21,Video,EdTech,Mobile,11210,10216,1938.82,6875.0,2603.64
2024-02-18,Google Ads,Campaign_63,Shopping,EdTech,Desktop,14955,2500,793.19,2259.0,420.06
2024-04-11,TikTok Ads,Campaign_45,Shopping,Ecommerce,Tablet,19560,15976,1548.41,1860.0,
2024-11-23,Google Ads,Campaign_64,Video,EdTech,Tablet,16714,7232,2485.45,4482.0,10230.97
2024-05-26,Meta Ads,Campaign_78,Video,Healthcare,Desktop,4791,329,1646.53,147.0,4706.08
2024-02-03,Google Ads,Campaign_89,Video,EdTech,Tablet,12672,4155,4242.09,219.0,
2024-12-04,Meta Ads,Campaign_91,Shopping,EdTech,Tablet,8437,3349,4892.22,2464.0,13593.15
2024-10-30,TikTok Ads,Campaign_1,Video,Healthcare,Mobile,8954,7391,2767.45,3172.0,4234.21
2024-10-07,Google Ads,Campaign_4,Shopping,Finance,Desktop,3466,2091,2497.75,,
2024-06-14,Google Ads,Campaign_15,Shopping,EdTech,Desktop,6849,1058,2489.88,274.0,6957.23
2024-01-31,Meta Ads,Campaign_19,Search,Healthcare,Tablet,2093,1563,2488.25,25.0,747.39
2024-09-16,Meta Ads,Campaign_86,Shopping,Ecommerce,Tablet,10259,7436,4408.37,,15133.37
2024-03-14,Meta Ads,Campaign_81,Video,EdTech,Tablet,6945,2400,1319.03,1705.0,
2024-04-11,Google Ads,Campaign_97,Video,Healthcare,Mobile,3819,2759,2297.48,979.0,7208.41
2024-09-06,Google Ads,Campaign_99,Video,EdTech,Tablet,1626,703,1073.19,334.0,2715.62
2024-10-13,Google Ads,Campaign_30,Shopping,Ecommerce,Mobile,13856,43,2478.59,27.0,9340.15
2024-11-23,Google Ads,Campaign_71,Video,Healthcare,Desktop,11927,3065,3716.66,906.0,8439.93
2024-01-15,Meta Ads,Campaign_61,Shopping,Healthcare,Mobile,15224,10282,1437.77,4615.0,2028.37
2024-11-29,TikTok Ads,Campaign_54,Video,EdTech,Desktop,13219,12612,3048.54,2808.0,3832.47
2025-01-06,Meta Ads,Campaign_107,Video,Ecommerce,Mobile,2456,981,567.82,303.0,718.88
2024-01-06,Google Ads,Campaign_16,Video,Ecommerce,Mobile,18004,8080,1316.23,3118.0,2707.56
2025-01-26,TikTok Ads,Campaign_117,Video,EdTech,Tablet,15021,4327,1544.3,1245.0,4373.79
2024-09-12,Meta Ads,Campaign_84,Shopping,Finance,Mobile,18740,3810,4823.11,863.0,15133.86
2025-01-08,Meta Ads,Campaign_72,Video,Finance,Mobile,6201,3164,1694.97,2770.0,
2024-03-18,Google Ads,Campaign_33,Search,EdTech,Tablet,1960,1831,1015.35,1057.0,4293.64
2024-04-13,TikTok Ads,Campaign_54,Video,Finance,Tablet,17567,14274,4964.02,1446.0,
2024-07-02,TikTok Ads,Campaign_38,Video,Finance,Tablet,14380,11068,2917.11,6341.0,
2024-12-21,Meta Ads,Campaign_25,Video,Healthcare,Desktop,10604,5055,3916.68,372.0,5854.41
2024-07-01,Google Ads,Campaign_9,Video,Finance,Tablet,9732,530,224.41,253.0,527.7
2024-02-15,TikTok Ads,Campaign_14,Search,EdTech,Tablet,7614,1755,1193.83,744.0,4679.33
2024-11-26,Meta Ads,Campaign_59,Shopping,EdTech,Tablet,9243,8348,3581.77,6998.0,1762.85
2024-11-30,Meta Ads,Campaign_102,Video,Healthcare,Mobile,2654,990,4666.13,652.0,21327.86
2024-08-18,Google Ads,Campaign_63,Search,Healthcare,Desktop,15619,4919,4158.93,2367.0,10269.38
2024-03-24,Meta Ads,Campaign_115,Shopping,Finance,Desktop,15008,5718,1825.42,,7123.9
2024-05-13,Meta Ads,Campaign_104,Video,EdTech,Mobile,17692,10379,2140.62,8744.0,298.08
2024-03-29,TikTok Ads,Campaign_59,Search,Ecommerce,Mobile,19160,1596,3674.91,479.0,
2024-05-20,TikTok Ads,Campaign_98,Video,EdTech,Desktop,938,761,4237.03,86.0,2294.13
2024-08-23,TikTok Ads,Campaign_100,Search,EdTech,Desktop,7039,5425,314.46,5373.0,576.18
2024-03-24,Google Ads,Campaign_80,Video,Ecommerce,Tablet,3093,342,1075.6,39.0,5308.53
2024-12-08,Meta Ads,Campaign_15,Shopping,EdTech,Mobile,2913,1189,133.01,292.0,142.49
2024-03-08,Google Ads,Campaign_15,Search,Finance,Desktop,9834,2160,933.9,980.0,2565.84
2025-02-15,Google Ads,Campaign_107,Search,Ecommerce,Desktop,3932,531,1643.73,288.0,5290.93
2025-02-22,Google Ads,Campaign_29,Shopping,Healthcare,Mobile,16158,12031,4178.61,2939.0,10709.41
2024-02-27,Google Ads,Campaign_114,Shopping,Healthcare,Mobile,14235,13071,826.85,2366.0,446.19
2025-02-14,Meta Ads,Campaign_59,Video,Ecommerce,Desktop,18800,16880,2291.42,,10477.03
2024-07-14,Meta Ads,Campaign_62,Shopping,Healthcare,Mobile,8301,6194,1527.88,1499.0,2917.93
2024-08-24,Meta Ads,Campaign_80,Video,Ecommerce,Desktop,12998,9393,1819.5,947.0,4132.73
2025-03-07,Google Ads,Campaign_67,Video,Finance,Mobile,908,395,691.33,,1468.49
2024-02-23,Meta Ads,Campaign_40,Shopping,EdTech,Mobile,1885,475,4637.81,,2587.76
2024-07-10,TikTok Ads,Campaign_92,Shopping,Finance,Desktop,19188,869,1005.86,406.0,4288.31
2024-06-13,TikTok Ads,Campaign_86,Shopping,Healthcare,Tablet,13813,1164,659.05,619.0,2476.97
2025-03-04,Meta Ads,Campaign_99,Search,EdTech,Desktop,10529,1291,4667.21,150.0,17405.53
2024-05-25,Google Ads,Campaign_54,Video,Healthcare,Tablet,9196,376,1129.41,,2445.02
2025-02-15,TikTok Ads,Campaign_99,Shopping,Finance,Tablet,5747,1723,4682.83,1080.0,13496.05
2025-03-09,Google Ads,Campaign_12,Shopping,EdTech,Tablet,1999,513,2164.01,400.0,2873.91
2024-09-14,Google Ads,Campaign_94,Video,Ecommerce,Tablet,2368,1839,4929.96,855.0,21251.9
2024-02-24,Google Ads,Campaign_17,Search,Healthcare,Tablet,6060,4255,3595.89,3008.0,12392.55
2024-01-27,Meta Ads,Campaign_104,Video,Finance,Desktop,8621,6793,3979.57,5293.0,15784.93
2024-08-16,Google Ads,Campaign_2,Video,EdTech,Mobile,4676,4041,3164.67,2417.0,8040.85
2024-10-31,Google Ads,Campaign_34,Search,Finance,Desktop,6931,3424,630.68,1091.0,1907.65
2024-12-30,Google Ads,Campaign_100,Shopping,Finance,Mobile,4301,3344,1384.99,1723.0,2413.41
2024-11-02,Google Ads,Campaign_48,Shopping,Ecommerce,Mobile,19479,6683,1369.57,5181.0,1587.74
2024-01-13,Google Ads,Campaign_41,Search,Ecommerce,Mobile,9630,872,3359.72,117.0,16660.5
2024-06-03,Meta Ads,Campaign_52,Shopping,Finance,Mobile,6655,6190,4669.29,771.0,19546.09
2024-04-19,Meta Ads,Campaign_67,Video,Finance,Tablet,12873,2398,2996.47,142.0,13976.23
2024-12-20,TikTok Ads,Campaign_32,Shopping,Healthcare,Desktop,15074,13771,4709.96,,
2024-12-20,Google Ads,Campaign_77,Video,EdTech,Tablet,12823,6994,637.5,6981.0,
2024-06-04,TikTok Ads,Campaign_48,Shopping,Finance,Tablet,2827,2058,2379.71,730.0,
2024-01-13,Meta Ads,Campaign_35,Shopping,Finance,Mobile,5543,133,2481.1,19.0,4152.56
2024-08-19,TikTok Ads,Campaign_95,Shopping,Healthcare,Mobile,15853,14993,2251.33,158.0,3463.17
2025-01-06,TikTok Ads,Campaign_93,Shopping,EdTech,Tablet,6574,541,1784.69,114.0,2343.05
2025-01-25,TikTok Ads,Campaign_16,Shopping,Finance,Mobile,2570,1711,1590.82,,5388.64
2024-12-14,Meta Ads,Campaign_101,Video,Ecommerce,Desktop,567,131,118.58,47.0,
2024-08-24,Google Ads,Campaign_46,Shopping,Finance,Mobile,18664,4131,4101.46,2460.0,4542.39
2024-03-07,Google Ads,Campaign_36,Search,EdTech,Mobile,11540,1487,3149.6,846.0,
2024-01-17,TikTok Ads,Campaign_107,Search,Finance,Tablet,11226,2631,694.8,2295.0,2542.19
2024-11-03,Meta Ads,Campaign_91,Video,Healthcare,Desktop,15256,4905,3928.76,692.0,6990.17
2024-07-25,TikTok Ads,Campaign_47,Search,EdTech,Tablet,17412,1242,3775.34,,6374.86
2025-03-18,Google Ads,Campaign_9,Shopping,Finance,Tablet,16568,8031,1553.0,,5233.62
2024-04-13,TikTok Ads,Campaign_55,Search,Finance,Mobile,13786,12899,1981.18,1152.0,5555.35
2025-02-26,TikTok Ads,Campaign_25,Video,Ecommerce,Tablet,10681,6984,898.04,3003.0,846.94
2024-02-11,TikTok Ads,Campaign_104,Search,Healthcare,Tablet,19310,17473,3076.14,2957.0,9731.31
2024-06-03,Google Ads,Campaign_119,Shopping,Ecommerce,Tablet,8075,3114,4381.57,2994.0,260.08
2024-06-29,Meta Ads,Campaign_101,Shopping,EdTech,Mobile,16454,15347,1329.87,,3651.45
2024-06-24,TikTok Ads,Campaign_42,Shopping,EdTech,Tablet,6391,1237,46.26,358.0,112.95
2025-01-03,Google Ads,Campaign_100,Search,EdTech,Desktop,10139,702,62.98,80.0,
2024-01-03,Meta Ads,Campaign_16,Video,Finance,Desktop,9675,309,551.97,19.0,195.6
2024-11-09,Meta Ads,Campaign_5,Video,Healthcare,Tablet,14278,9086,3885.93,,16402.7
2024-10-30,Meta Ads,Campaign_6,Video,EdTech,Desktop,6840,5066,3627.84,2415.0,16.43
2024-10-18,Meta Ads,Campaign_22,Shopping,Healthcare,Mobile,10518,10252,3580.32,,5705.19
2025-02-08,Google Ads,Campaign_4,Video,Healthcare,Mobile,7433,5528,4950.88,3092.0,
2024-10-30,Meta Ads,Campaign_97,Shopping,Healthcare,Desktop,8712,8221,4176.53,6147.0,15141.87
2024-06-23,TikTok Ads,Campaign_24,Video,Ecommerce,Mobile,7274,1743,4401.26,,2331.7
2024-08-26,Google Ads,Campaign_45,Video,Healthcare,Tablet,17570,3536,498.63,1773.0,1249.94
2024-09-07,Meta Ads,Campaign_54,Video,Healthcare,Mobile,9981,3524,2138.46,3504.0,2296.01
2024-03-17,TikTok Ads,Campaign_82,Shopping,Ecommerce,Mobile,2212,1317,1441.06,77.0,3923.51
2025-03-03,TikTok Ads,Campaign_103,Shopping,Finance,Mobile,11859,8713,2647.18,7196.0,4266.44
2024-02-27,Meta Ads,Campaign_52,Search,Ecommerce,Tablet,1753,859,472.31,588.0,2241.27
2024-08-08,TikTok Ads,Campaign_36,Shopping,EdTech,Desktop,8266,3360,3353.52,370.0,1195.92
2024-03-05,TikTok Ads,Campaign_91,Video,Finance,Desktop,8379,1214,4134.52,1109.0,
2024-07-30,Google Ads,Campaign_31,Search,Finance,Desktop,9597,8708,2535.72,6569.0,11179.01
2025-01-19,TikTok Ads,Campaign_55,Video,Ecommerce,Tablet,17131,13785,4216.31,8992.0,6564.28
2024-05-13,TikTok Ads,Campaign_41,Shopping,Ecommerce,Mobile,8875,1295,1261.35,145.0,6009.77
2024-04-18,Meta Ads,Campaign_66,Video,Healthcare,Desktop,9745,3897,2553.7,3573.0,9795.59
2024-04-16,Google Ads,Campaign_76,Search,Healthcare,Tablet,236,214,322.03,,
2024-02-21,Meta Ads,Campaign_39,Video,Healthcare,Mobile,2940,1313,4139.14,1084.0,
2025-02-25,Meta Ads,Campaign_24,Shopping,Healthcare,Mobile,6487,5876,4913.44,3446.0,16899.74
2025-02-01,Meta Ads,Campaign_81,Shopping,Healthcare,Mobile,2653,1454,3708.02,1138.0,6123.69
2024-09-15,Meta Ads,Campaign_77,Video,EdTech,Desktop,16447,15460,3324.04,1345.0,3306.04
2025-01-09,TikTok Ads,Campaign_113,Search,EdTech,Mobile,1954,279,467.34,16.0,379.1
2024-08-21,Google Ads,Campaign_39,Video,EdTech,Desktop,6196,3424,1124.43,2123.0,3163.52
2025-03-04,TikTok Ads,Campaign_33,Video,Ecommerce,Tablet,13384,11081,196.27,1059.0,730.72
2024-06-23,Meta Ads,Campaign_27,Shopping,Healthcare,Desktop,16210,4549,799.57,594.0,2318.62
2024-08-11,Meta Ads,Campaign_47,Shopping,Ecommerce,Desktop,3678,1814,1565.13,1420.0,4334.95
2024-01-03,TikTok Ads,Campaign_40,Shopping,EdTech,Mobile,10135,2288,1966.76,546.0,4198.1
2024-03-26,Meta Ads,Campaign_76,Search,Finance,Desktop,16878,6560,3578.18,5510.0,6192.17
2024-06-26,Google Ads,Campaign_6,Search,EdTech,Tablet,663,572,3238.35,529.0,2376.98
2025-03-31,Meta Ads,Campaign_69,Video,Healthcare,Mobile,19811,5912,663.22,394.0,2583.47
2025-03-21,Google Ads,Campaign_6,Shopping,Finance,Tablet,1561,773,691.89,143.0,1624.75
2024-09-01,TikTok Ads,Campaign_42,Video,Finance,Tablet,10494,5506,2125.95,4221.0,5502.79
2025-03-26,Meta Ads,Campaign_76,Shopping,Finance,Desktop,4478,1896,3237.23,1222.0,12618.34
2024-05-19,TikTok Ads,Campaign_41,Shopping,Finance,Tablet,18688,3343,4626.32,2056.0,
2024-04-16,Meta Ads,Campaign_57,Search,EdTech,Tablet,11530,3591,4930.14,2527.0,18883.07
2024-07-27,Google Ads,Campaign_44,Search,Finance,Mobile,4422,1438,4975.8,209.0,15310.56
2024-09-13,Google Ads,Campaign_9,Search,Healthcare,Desktop,2395,49,3235.56,19.0,
2024-03-03,TikTok Ads,Campaign_36,Search,Finance,Mobile,7711,3628,2865.75,3336.0,9247.0
2024-05-14,Meta Ads,Campaign_13,Video,EdTech,Mobile,18653,12439,1526.77,8835.0,2326.9
2024-06-01,TikTok Ads,Campaign_90,Video,Healthcare,Tablet,15501,721,1466.98,583.0,5610.36
2025-03-17,Google Ads,Campaign_16,Search,Healthcare,Desktop,16732,4052,4972.25,2941.0,21931.77
2024-11-15,TikTok Ads,Campaign_79,Video,Finance,Desktop,17510,8708,776.38,8052.0,1391.69
2024-07-01,TikTok Ads,Campaign_57,Video,Healthcare,Tablet,500,62,4076.03,11.0,
2025-02-01,Meta Ads,Campaign_72,Shopping,Ecommerce,Tablet,15304,6997,2869.81,2713.0,6907.38
2024-02-06,Meta Ads,Campaign_37,Shopping,Ecommerce,Mobile,17349,1528,3327.55,928.0,12118.71
2024-08-02,Google Ads,Campaign_92,Video,EdTech,Mobile,2343,106,3560.94,91.0,3059.86
2024-05-20,Meta Ads,Campaign_31,Shopping,EdTech,Tablet,8656,6247,4821.95,6177.0,17217.54
2024-09-28,Google Ads,Campaign_58,Search,Ecommerce,Desktop,303,60,4059.31,11.0,14808.5
2024-02-01,Meta Ads,Campaign_67,Video,Ecommerce,Desktop,17768,2124,2367.85,1187.0,11009.82
2025-03-31,TikTok Ads,Campaign_30,Search,Finance,Desktop,18063,13117,91.69,5715.0,
2024-12-18,Google Ads,Campaign_57,Video,EdTech,Tablet,4090,2062,2716.1,369.0,
2024-12-24,Meta Ads,Campaign_23,Shopping,EdTech,Tablet,14863,2401,3882.02,622.0,11020.61
2024-12-14,Google Ads,Campaign_20,Shopping,Healthcare,Mobile,7897,7197,4372.53,472.0,20519.97
2024-02-16,Meta Ads,Campaign_84,Video,Healthcare,Tablet,7235,6837,2200.74,33.0,7402.34
2025-02-14,Meta Ads,Campaign_74,Video,Healthcare,Desktop,1913,201,3958.58,188.0,15570.42
2024-03-15,Meta Ads,Campaign_43,Shopping,Finance,Tablet,19995,16283,548.14,3700.0,372.42
2024-01-19,TikTok Ads,Campaign_92,Video,EdTech,Mobile,17638,3688,2426.72,2246.0,11534.34
2024-06-22,TikTok Ads,Campaign_35,Video,Ecommerce,Desktop,4242,1711,1466.95,674.0,
2024-07-07,TikTok Ads,Campaign_55,Video,Ecommerce,Desktop,11630,4124,4288.28,965.0,20298.74
2024-02-17,Google Ads,Campaign_75,Video,Healthcare,Mobile,12186,2682,160.55,594.0,612.46
2024-04-03,Meta Ads,Campaign_26,Shopping,Healthcare,Tablet,11565,5386,1200.63,3191.0,
2024-07-22,TikTok Ads,Campaign_22,Search,Ecommerce,Mobile,10247,3515,171.46,2375.0,239.26
2024-11-16,TikTok Ads,Campaign_46,Video,EdTech,Tablet,9023,8772,4333.82,6752.0,21522.31
2024-06-27,Google Ads,Campaign_55,Search,Healthcare,Desktop,12589,8391,3785.75,2940.0,15330.64
2024-11-04,Meta Ads,Campaign_72,Shopping,EdTech,Mobile,11573,5025,1290.79,4050.0,
2025-01-12,Meta Ads,Campaign_6,Video,Healthcare,Desktop,9487,7635,4499.29,6412.0,22279.91
2024-11-11,TikTok Ads,Campaign_24,Shopping,EdTech,Desktop,18870,11937,1296.2,794.0,137.22
2024-07-26,TikTok Ads,Campaign_52,Search,EdTech,Desktop,16053,11981,315.47,11213.0,
2024-01-23,Meta Ads,Campaign_72,Search,EdTech,Mobile,14515,1120,1512.96,1097.0,4026.33
2024-03-21,Google Ads,Campaign_19,Video,EdTech,Tablet,18109,3413,2559.51,494.0,2145.15
2025-02-27,TikTok Ads,Campaign_2,Search,Healthcare,Tablet,18040,8998,3062.96,3312.0,
2024-01-28,TikTok Ads,Campaign_82,Search,EdTech,Mobile,11063,362,2465.18,238.0,7404.66
2024-01-07,Meta Ads,Campaign_77,Video,Healthcare,Tablet,1507,1003,4136.92,259.0,1348.63
2024-11-03,Google Ads,Campaign_18,Shopping,EdTech,Mobile,5291,908,4470.54,860.0,19105.88
2024-07-19,Google Ads,Campaign_99,Search,EdTech,Desktop,17189,10967,1288.29,71.0,2796.79
2024-01-08,Meta Ads,Campaign_25,Video,Healthcare,Tablet,15954,559,3372.16,378.0,7511.11
2024-03-15,Meta Ads,Campaign_40,Video,EdTech,Tablet,15816,1484,4301.85,197.0,14833.55
2024-02-05,TikTok Ads,Campaign_89,Search,Ecommerce,Desktop,6601,4459,3200.24,3856.0,13587.13
2024-06-29,Google Ads,Campaign_85,Shopping,EdTech,Tablet,14228,8559,4443.21,64.0,20644.95
2024-08-31,Google Ads,Campaign_72,Shopping,Healthcare,Tablet,10866,3889,1059.0,3506.0,2263.11
2024-11-17,Meta Ads,Campaign_77,Video,EdTech,Mobile,4348,2004,1656.07,,
2024-12-22,Google Ads,Campaign_45,Video,Ecommerce,Mobile,13093,6268,3526.9,2788.0,4989.64
2024-10-19,TikTok Ads,Campaign_47,Shopping,EdTech,Desktop,18433,14568,968.69,12656.0,2482.71
2025-02-16,TikTok Ads,Campaign_44,Shopping,Healthcare,Tablet,10683,10667,4157.08,4860.0,11350.88
2024-03-25,Google Ads,Campaign_24,Search,Healthcare,Desktop,11525,5278,4920.82,1225.0,
2024-08-22,Google Ads,Campaign_100,Search,EdTech,Mobile,15713,12091,2939.43,11784.0,12836.26
2024-08-07,TikTok Ads,Campaign_42,Shopping,Ecommerce,Desktop,9260,5440,1989.77,3307.0,4490.28
2025-02-08,Google Ads,Campaign_118,Video,Finance,Tablet,9860,4968,2921.34,4762.0,
2024-09-23,TikTok Ads,Campaign_6,Shopping,Ecommerce,Tablet,10934,10265,493.29,1351.0,354.41
2024-09-19,TikTok Ads,Campaign_96,Shopping,Healthcare,Tablet,2037,449,4370.52,,994.0
2024-12-16,TikTok Ads,Campaign_13,Video,Healthcare,Desktop,17693,12025,17.89,4929.0,
2024-09-01,TikTok Ads,Campaign_33,Shopping,Ecommerce,Desktop,10248,1520,4701.56,560.0,13039.63
2024-12-11,Google Ads,Campaign_32,Search,EdTech,Mobile,3892,48,143.16,,173.45
2024-12-08,Meta Ads,Campaign_30,Video,Finance,Desktop,18909,17211,4585.39,8302.0,17894.96
2024-12-11,Meta Ads,Campaign_31,Video,Healthcare,Mobile,296,93,4525.39,56.0,11044.04
2024-10-22,Meta Ads,Campaign_38,Shopping,Finance,Desktop,13690,5069,1586.77,3239.0,5178.9
2024-04-09,Meta Ads,Campaign_16,Search,Healthcare,Tablet,1938,1766,10.7,1314.0,43.79
2024-07-12,Google Ads,Campaign_4,Video,EdTech,Desktop,6752,5,656.08,0.0,2076.49
2024-05-05,Google Ads,Campaign_85,Search,Healthcare,Tablet,5922,3071,4310.42,1545.0,4184.4
2024-05-31,Google Ads,Campaign_38,Search,Healthcare,Tablet,4100,3220,4237.5,,8474.2
2024-02-09,TikTok Ads,Campaign_41,Shopping,EdTech,Mobile,12218,7408,4088.98,2977.0,858.08
2024-07-25,TikTok Ads,Campaign_6,Shopping,EdTech,Desktop,17600,2291,4128.36,,1697.44
2024-04-23,Google Ads,Campaign_68,Shopping,Ecommerce,Mobile,19362,13513,4202.25,12084.0,17621.24
2024-02-28,Meta Ads,Campaign_98,Video,EdTech,Tablet,19405,1185,720.68,422.0,3354.98
2024-04-18,TikTok Ads,Campaign_89,Video,Finance,Desktop,7066,2520,4968.87,2477.0,23664.03
2024-12-22,Google Ads,Campaign_72,Shopping,Healthcare,Desktop,9709,4917,841.07,3484.0,1938.55
2024-06-23,Meta Ads,Campaign_56,Search,EdTech,Desktop,5558,1134,3992.48,743.0,11420.49
2025-03-10,TikTok Ads,Campaign_29,Shopping,EdTech,Mobile,6962,5429,2436.25,3445.0,3063.74
2024-09-30,Meta Ads,Campaign_51,Search,Healthcare,Mobile,5725,1904,4179.55,874.0,11151.15
2024-04-22,TikTok Ads,Campaign_54,Search,Ecommerce,Tablet,19930,15182,2950.58,13817.0,517.31
2024-06-25,TikTok Ads,Campaign_45,Search,EdTech,Tablet,6472,2775,335.99,1590.0,1357.29
2024-05-13,TikTok Ads,Campaign_38,Shopping,Ecommerce,Desktop,13536,1600,3698.98,8.0,9879.79
2024-02-29,Meta Ads,Campaign_104,Shopping,Finance,Mobile,6609,1122,4337.79,11.0,
2024-11-11,Meta Ads,Campaign_12,Shopping,Healthcare,Mobile,7279,3813,15.87,1467.0,46.98
2024-11-06,TikTok Ads,Campaign_110,Shopping,Finance,Tablet,6856,2432,4765.36,2361.0,7064.68
2024-12-17,Meta Ads,Campaign_20,Shopping,EdTech,Desktop,19674,9638,524.11,1379.0,811.75
2024-10-04,Meta Ads,Campaign_90,Video,EdTech,Desktop,12069,981,2624.08,,5141.14
2024-03-24,TikTok Ads,Campaign_33,Shopping,Healthcare,Mobile,10375,2861,4509.19,,
2024-02-07,TikTok Ads,Campaign_111,Shopping,Finance,Desktop,15233,13200,1608.69,3123.0,
2024-09-14,Meta Ads,Campaign_36,Search,Finance,Desktop,9634,1976,3500.94,1224.0,10670.31
2024-11-29,Meta Ads,Campaign_47,Video,Healthcare,Tablet,3976,1917,2018.78,,6548.39
2024-01-28,Meta Ads,Campaign_89,Shopping,Healthcare,Desktop,9628,3090,2970.61,,5899.74
2025-01-08,Meta Ads,Campaign_56,Video,EdTech,Tablet,12454,8455,1984.56,5327.0,7088.34
2024-10-13,Google Ads,Campaign_36,Shopping,EdTech,Mobile,16484,3087,4237.85,1732.0,19750.55
2024-02-10,TikTok Ads,Campaign_89,Video,EdTech,Mobile,2268,1536,1072.29,,
2024-07-25,Meta Ads,Campaign_24,Video,Ecommerce,Desktop,17402,3657,2483.62,750.0,2245.42
2024-03-11,Meta Ads,Campaign_118,Search,Finance,Tablet,5101,1369,2562.37,521.0,5415.4
2024-04-01,TikTok Ads,Campaign_63,Shopping,Healthcare,Tablet,6086,1608,367.75,26.0,1376.42
2024-12-07,Meta Ads,Campaign_62,Search,Ecommerce,Desktop,9669,5400,1236.76,,2717.46
2024-09-01,TikTok Ads,Campaign_28,Video,Ecommerce,Desktop,14039,2303,4775.49,1851.0,21077.63
2024-06-10,TikTok Ads,Campaign_49,Video,EdTech,Tablet,13698,1792,481.23,,1507.37
2024-10-14,Meta Ads,Campaign_78,Video,Ecommerce,Desktop,17242,8369,1425.67,2615.0,79.51
2024-05-06,Google Ads,Campaign_68,Shopping,Ecommerce,Mobile,3260,3145,1973.15,3081.0,4496.18
2024-02-21,TikTok Ads,Campaign_17,Search,Ecommerce,Desktop,16225,12155,4282.84,5930.0,16772.06
2025-03-19,TikTok Ads,Campaign_112,Search,Ecommerce,Mobile,19418,2387,395.65,1897.0,36.51
2024-10-12,Meta Ads,Campaign_53,Search,Finance,Tablet,13055,11221,2788.82,10281.0,2148.45
2025-01-14,TikTok Ads,Campaign_81,Search,Ecommerce,Mobile,1620,1296,4884.17,,6158.94
2024-09-18,TikTok Ads,Campaign_15,Search,Healthcare,Mobile,7903,1784,2168.48,239.0,2319.56
2024-02-28,Google Ads,Campaign_74,Video,Ecommerce,Tablet,19755,2093,3346.66,458.0,3886.57
2024-11-11,Meta Ads,Campaign_5,Search,Finance,Desktop,1352,575,980.9,202.0,1238.05
2024-01-12,TikTok Ads,Campaign_108,Video,EdTech,Desktop,19380,7407,4931.58,,
2024-07-21,TikTok Ads,Campaign_95,Search,Ecommerce,Desktop,10547,9860,589.89,6026.0,2081.19
2025-03-27,Google Ads,Campaign_59,Search,Ecommerce,Desktop,6113,2563,642.89,,1627.25
2024-09-19,Meta Ads,Campaign_6,Search,EdTech,Desktop,17524,10002,2744.76,,600.63
2025-02-07,TikTok Ads,Campaign_7,Video,Finance,Desktop,12647,5248,1457.88,4959.0,
2024-07-21,Google Ads,Campaign_113,Video,Healthcare,Tablet,1326,1310,3129.29,1212.0,4390.24
2024-07-28,TikTok Ads,Campaign_18,Search,Healthcare,Desktop,1301,673,540.73,311.0,232.0
2024-03-09,Google Ads,Campaign_3,Shopping,Ecommerce,Tablet,11831,11343,4996.65,2105.0,18595.95
2024-05-27,TikTok Ads,Campaign_44,Shopping,EdTech,Mobile,19397,15245,2179.2,9859.0,4414.58
2024-08-23,Google Ads,Campaign_105,Search,Finance,Desktop,6209,2188,3453.34,188.0,8314.6
2024-01-05,Google Ads,Campaign_108,Shopping,Healthcare,Mobile,1810,1094,3949.34,78.0,12020.97
2024-04-24,Meta Ads,Campaign_10,Shopping,Healthcare,Desktop,12644,3004,3256.6,2486.0,14493.74
2025-01-04,TikTok Ads,Campaign_23,Video,Ecommerce,Desktop,3599,1537,50.37,669.0,104.38
2024-09-14,Google Ads,Campaign_6,Video,Healthcare,Mobile,4466,1468,2923.11,54.0,14166.2
2024-01-11,Meta Ads,Campaign_35,Video,EdTech,Tablet,3881,3380,4829.97,2413.0,22922.33
2024-12-13,Google Ads,Campaign_59,Search,Finance,Desktop,5450,1566,2734.58,347.0,446.07
2024-10-14,Meta Ads,Campaign_50,Video,Finance,Tablet,19361,529,4485.24,242.0,8496.16
2024-04-05,Meta Ads,Campaign_110,Shopping,Healthcare,Desktop,4635,4425,4732.82,469.0,15816.15
2024-09-16,TikTok Ads,Campaign_27,Video,Ecommerce,Mobile,5539,1672,1784.44,788.0,1907.91
2024-08-11,TikTok Ads,Campaign_115,Shopping,Ecommerce,Tablet,11332,9988,4246.1,4722.0,18479.26
2024-11-30,Meta Ads,Campaign_107,Shopping,EdTech,Desktop,4090,210,2956.21,56.0,773.77
2024-09-22,Google Ads,Campaign_119,Video,Healthcare,Mobile,386,145,3378.73,106.0,4285.4
2024-12-06,Google Ads,Campaign_2,Search,EdTech,Mobile,5631,2060,210.03,150.0,508.77
2024-04-18,Meta Ads,Campaign_44,Video,Ecommerce,Desktop,6240,197,1364.59,134.0,
2024-04-29,Google Ads,Campaign_34,Shopping,Ecommerce,Mobile,14109,13779,2872.14,9963.0,13273.83
2024-12-17,Google Ads,Campaign_5,Video,Healthcare,Tablet,11115,6820,841.93,320.0,3154.91
2024-12-13,Meta Ads,Campaign_22,Shopping,Ecommerce,Tablet,18249,9597,835.21,,3152.83
2025-03-03,TikTok Ads,Campaign_66,Video,Finance,Desktop,5272,52,1122.36,20.0,2005.52
2025-01-31,TikTok Ads,Campaign_46,Search,Ecommerce,Tablet,18835,4385,656.62,338.0,3270.44
2025-01-25,Google Ads,Campaign_76,Search,Finance,Desktop,7925,3107,2800.02,,9053.48
2024-06-27,TikTok Ads,Campaign_68,Video,Healthcare,Desktop,7618,782,2942.63,,
2024-11-25,Meta Ads,Campaign_97,Shopping,Finance,Mobile,19574,16184,520.38,11294.0,1385.07
2025-02-03,Google Ads,Campaign_101,Search,EdTech,Tablet,8163,5058,862.21,964.0,1738.48
2024-03-18,Meta Ads,Campaign_65,Video,Finance,Tablet,19988,17467,3207.99,20.0,14470.86
2024-12-17,Meta Ads,Campaign_87,Video,Finance,Tablet,6402,4521,2234.93,5.0,7382.51
2024-06-20,TikTok Ads,Campaign_22,Shopping,EdTech,Mobile,5083,624,101.09,29.0,237.2
2025-03-28,TikTok Ads,Campaign_79,Search,Finance,Mobile,4244,3343,2167.73,1811.0,6734.97
2024-06-16,Meta Ads,Campaign_86,Video,EdTech,Mobile,6851,5104,1623.75,2723.0,6184.91
2024-08-21,Meta Ads,Campaign_116,Search,EdTech,Tablet,15410,9678,3112.43,8191.0,5271.54
2024-09-02,Meta Ads,Campaign_8,Shopping,EdTech,Desktop,18037,16015,1627.02,4988.0,5156.15
2025-02-24,Google Ads,Campaign_92,Video,EdTech,Mobile,13881,85,3038.12,54.0,3140.61
2024-01-01,Meta Ads,Campaign_82,Video,Ecommerce,Tablet,17610,1284,2562.17,689.0,10498.24
2025-03-12,TikTok Ads,Campaign_109,Shopping,Ecommerce,Mobile,8631,5468,4989.81,,958.88
2024-12-08,Meta Ads,Campaign_28,Shopping,Finance,Desktop,8367,5297,1429.6,,728.62
2024-08-18,Google Ads,Campaign_59,Search,EdTech,Tablet,11463,402,2200.72,101.0,6708.82
2024-01-28,TikTok Ads,Campaign_92,Shopping,Ecommerce,Mobile,750,266,1397.21,213.0,6107.57
2024-09-01,Google Ads,Campaign_39,Shopping,EdTech,Desktop,8820,3476,4261.07,986.0,15294.43
2025-01-03,TikTok Ads,Campaign_108,Shopping,EdTech,Desktop,7572,1024,4478.99,216.0,6115.65
2024-01-13,Meta Ads,Campaign_16,Shopping,Healthcare,Tablet,19278,7203,3182.65,5274.0,8480.02
2024-10-28,Meta Ads,Campaign_61,Video,Finance,Tablet,19500,17148,345.67,14306.0,
2024-11-15,TikTok Ads,Campaign_105,Search,Ecommerce,Tablet,7026,6805,2769.15,2612.0,586.16
2024-05-21,Google Ads,Campaign_106,Search,Healthcare,Tablet,9280,7681,194.48,5251.0,627.33
2024-04-13,Google Ads,Campaign_18,Shopping,Ecommerce,Tablet,1965,1172,2544.38,598.0,12105.91
2024-04-07,Meta Ads,Campaign_115,Shopping,EdTech,Tablet,13246,1076,66.16,833.0,6.32
2025-02-16,Google Ads,Campaign_97,Search,Healthcare,Desktop,3600,3149,4169.95,2765.0,
2024-11-27,Meta Ads,Campaign_16,Shopping,Healthcare,Tablet,16007,14241,3715.01,12090.0,15803.7
2025-03-01,Google Ads,Campaign_4,Shopping,EdTech,Tablet,19072,10522,4212.39,3266.0,15258.51
2024-11-09,TikTok Ads,Campaign_106,Video,Healthcare,Tablet,12743,4091,3910.17,443.0,6257.35
2024-01-26,Meta Ads,Campaign_80,Video,Finance,Desktop,386,334,2098.36,98.0,3666.73
2024-07-12,Meta Ads,Campaign_59,Search,Finance,Desktop,19163,10707,4414.88,6192.0,19170.79
2024-09-10,TikTok Ads,Campaign_31,Shopping,Finance,Tablet,4885,594,2407.18,57.0,
2025-02-02,Meta Ads,Campaign_3,Shopping,Healthcare,Mobile,18228,1995,3060.4,1481.0,3884.93
2024-05-22,Google Ads,Campaign_58,Search,EdTech,Desktop,7276,551,2122.86,,566.26
2025-02-28,Google Ads,Campaign_17,Search,Healthcare,Tablet,10568,8070,598.15,1320.0,217.61
2024-09-18,Meta Ads,Campaign_29,Shopping,Healthcare,Mobile,16746,3851,3812.68,3412.0,8507.28
2024-08-04,Google Ads,Campaign_118,Shopping,EdTech,Desktop,7418,2371,3136.88,1725.0,7283.88
2024-03-07,Google Ads,Campaign_62,Shopping,Ecommerce,Tablet,15791,3475,1481.28,1909.0,1658.27
2024-04-10,Meta Ads,Campaign_68,Video,Healthcare,Desktop,2648,1858,871.39,1102.0,108.8
2024-04-04,Google Ads,Campaign_117,Shopping,Ecommerce,Tablet,4830,4064,1596.28,883.0,2229.35
2025-01-06,Google Ads,Campaign_81,Shopping,Healthcare,Desktop,17929,2693,4992.8,2163.0,17548.83
2024-02-25,TikTok Ads,Campaign_4,Shopping,Finance,Tablet,6651,464,1315.26,270.0,
2024-01-21,TikTok Ads,Campaign_10,Search,Healthcare,Desktop,3977,221,3614.58,,17497.43
2025-01-06,TikTok Ads,Campaign_36,Shopping,Finance,Desktop,13180,5426,2293.02,160.0,11436.99
2024-01-02,Meta Ads,Campaign_38,Shopping,EdTech,Mobile,4281,3245,1697.87,1589.0,356.93
2024-10-27,TikTok Ads,Campaign_34,Video,Ecommerce,Desktop,2882,998,3546.62,582.0,12162.33
2024-09-22,Meta Ads,Campaign_8,Search,Finance,Mobile,1401,445,2882.58,231.0,2883.54
2024-01-26,Google Ads,Campaign_36,Shopping,Finance,Desktop,6834,757,2531.86,,8964.65
2024-04-29,TikTok Ads,Campaign_39,Search,Ecommerce,Desktop,3712,433,4725.25,408.0,22520.01
2024-05-28,Google Ads,Campaign_105,Shopping,Ecommerce,Desktop,16950,15752,1688.28,4622.0,2674.96
2024-07-17,Google Ads,Campaign_83,Shopping,Healthcare,Tablet,9054,8490,940.73,770.0,3802.35
2024-03-30,TikTok Ads,Campaign_39,Shopping,Ecommerce,Tablet,4857,1436,1527.82,945.0,3832.0
2024-11-04,Google Ads,Campaign_22,Shopping,Ecommerce,Mobile,7662,7550,4315.27,3123.0,11399.91
2025-03-12,TikTok Ads,Campaign_104,Search,EdTech,Tablet,5235,4799,755.46,515.0,973.24
2024-10-12,Google Ads,Campaign_99,Video,Healthcare,Desktop,14497,4378,3179.37,4364.0,2042.81
2025-03-22,Meta Ads,Campaign_96,Shopping,EdTech,Mobile,3044,1725,1087.31,1240.0,1669.02
2024-06-12,Meta Ads,Campaign_8,Video,Healthcare,Tablet,18968,14430,356.84,11705.0,866.35
2024-02-14,Meta Ads,Campaign_81,Search,Healthcare,Desktop,5367,2890,1905.55,2757.0,5941.75
2024-12-24,Meta Ads,Campaign_36,Search,Healthcare,Desktop,16167,7351,1347.81,4286.0,
2024-02-19,Google Ads,Campaign_95,Search,Finance,Tablet,13690,9528,2504.69,6473.0,9544.23
2025-03-05,Google Ads,Campaign_26,Video,EdTech,Mobile,14708,9448,2692.48,7054.0,12301.89
2024-06-26,Meta Ads,Campaign_14,Video,EdTech,Tablet,15154,7810,4420.74,7676.0,21932.36
2024-12-15,Google Ads,Campaign_93,Shopping,Ecommerce,Desktop,7504,7426,401.58,865.0,398.28
2024-11-27,Meta Ads,Campaign_20,Search,EdTech,Tablet,16761,13336,3267.44,4488.0,9324.35
2025-03-30,Meta Ads,Campaign_74,Shopping,EdTech,Tablet,10782,9234,4850.94,5267.0,11353.93
2024-08-14,Google Ads,Campaign_28,Video,Finance,Tablet,2657,1932,348.93,507.0,343.37
2024-11-18,Meta Ads,Campaign_52,Video,Ecommerce,Tablet,8758,1473,3840.37,993.0,14463.98
2024-06-10,TikTok Ads,Campaign_84,Shopping,Ecommerce,Mobile,1716,1012,635.28,794.0,
2024-11-28,Meta Ads,Campaign_63,Shopping,Healthcare,Tablet,468,273,1372.26,20.0,5718.15
2025-02-19,Google Ads,Campaign_68,Search,Healthcare,Mobile,7077,850,811.36,256.0,245.69
2024-03-06,Google Ads,Campaign_68,Search,EdTech,Desktop,10176,3936,4338.22,,1835.66
2024-06-03,TikTok Ads,Campaign_81,Shopping,Ecommerce,Tablet,6506,1772,2158.58,170.0,2773.62
2024-06-24,Google Ads,Campaign_26,Video,Healthcare,Tablet,6441,493,4933.98,33.0,3143.46
2024-10-15,Meta Ads,Campaign_108,Search,Ecommerce,Mobile,2365,904,3640.52,752.0,15851.01
2025-01-15,Google Ads,Campaign_81,Video,Healthcare,Tablet,1037,70,4360.15,58.0,10394.49
2025-02-22,Meta Ads,Campaign_23,Shopping,Finance,Tablet,13404,4355,3629.84,933.0,
2024-04-21,Meta Ads,Campaign_91,Shopping,EdTech,Mobile,4787,833,1107.97,716.0,1714.88
2024-01-30,Meta Ads,Campaign_106,Video,Finance,Desktop,164,46,1216.72,25.0,1210.74
2024-06-01,Meta Ads,Campaign_32,Search,Finance,Tablet,12125,5785,3891.98,2886.0,
2024-11-14,TikTok Ads,Campaign_112,Shopping,Healthcare,Mobile,5966,4728,4515.01,4670.0,7094.02
2025-01-10,Google Ads,Campaign_61,Search,Ecommerce,Desktop,9907,6606,2659.86,5713.0,10535.93
2024-10-05,Google Ads,Campaign_98,Search,Finance,Desktop,15903,3212,650.97,1184.0,
2025-01-19,Google Ads,Campaign_15,Search,Finance,Mobile,12943,10306,3122.12,4016.0,14623.6
2024-01-09,TikTok Ads,Campaign_33,Search,Healthcare,Mobile,2995,2233,848.62,2216.0,
2024-05-16,Google Ads,Campaign_21,Search,EdTech,Tablet,3573,3177,1750.19,1825.0,562.89
2024-08-21,TikTok Ads,Campaign_19,Shopping,EdTech,Desktop,1499,1286,2633.73,535.0,
2024-03-02,Meta Ads,Campaign_18,Shopping,EdTech,Mobile,19428,375,4282.86,157.0,18927.93
2025-03-21,Meta Ads,Campaign_94,Search,Finance,Tablet,19503,10046,3671.92,267.0,5840.39
2024-01-07,Google Ads,Campaign_91,Search,Healthcare,Desktop,7342,6023,3449.21,2358.0,1336.32
2024-05-04,Google Ads,Campaign_52,Shopping,Ecommerce,Tablet,5161,1388,454.19,1225.0,
2024-04-19,TikTok Ads,Campaign_53,Video,EdTech,Desktop,3276,3085,781.87,1963.0,77.14
2024-11-20,Google Ads,Campaign_27,Shopping,Ecommerce,Tablet,18820,5769,1800.66,307.0,
2025-01-03,Meta Ads,Campaign_66,Shopping,EdTech,Mobile,6335,1236,500.16,427.0,1880.1
2024-09-09,TikTok Ads,Campaign_72,Shopping,Healthcare,Tablet,4274,394,2237.71,144.0,5234.79
2024-01-04,TikTok Ads,Campaign_5,Shopping,Ecommerce,Tablet,7943,1269,1378.43,572.0,5339.5
2024-01-22,Google Ads,Campaign_28,Video,Healthcare,Tablet,14860,629,4837.01,239.0,13286.41
2024-08-31,Google Ads,Campaign_95,Shopping,Ecommerce,Tablet,1986,900,2643.43,704.0,5666.87
2024-06-21,Meta Ads,Campaign_2,Video,Finance,Tablet,19861,9369,1317.21,3857.0,1740.32
2024-03-06,TikTok Ads,Campaign_75,Video,EdTech,Desktop,11089,9231,1482.55,5758.0,4949.3
2024-01-27,TikTok Ads,Campaign_30,Shopping,Finance,Tablet,12446,6304,4790.44,5373.0,1169.4
2025-03-05,TikTok Ads,Campaign_100,Search,Healthcare,Tablet,13601,7711,3961.45,4980.0,
2025-03-11,Google Ads,Campaign_46,Shopping,Finance,Tablet,16632,13385,3204.58,8564.0,14406.92
2025-03-25,TikTok Ads,Campaign_73,Shopping,EdTech,Mobile,6587,6496,2822.21,5091.0,11189.97
2024-12-07,TikTok Ads,Campaign_39,Shopping,Ecommerce,Tablet,16139,13826,3184.79,209.0,1087.06
2024-02-09,Meta Ads,Campaign_106,Search,EdTech,Mobile,4758,4363,2739.35,2163.0,
2024-06-09,Google Ads,Campaign_117,Video,Ecommerce,Desktop,5238,3453,4037.78,2993.0,
2024-07-15,Google Ads,Campaign_11,Video,Ecommerce,Desktop,14088,2021,1623.39,773.0,6999.27
2025-03-19,Meta Ads,Campaign_36,Video,Ecommerce,Tablet,863,788,4897.25,529.0,7389.44
2024-05-29,Google Ads,Campaign_50,Search,Finance,Tablet,4436,2857,3866.38,,13669.51
2024-04-12,Meta Ads,Campaign_99,Video,EdTech,Mobile,2953,1837,1498.65,1146.0,1155.94
2024-05-02,Meta Ads,Campaign_107,Shopping,Finance,Desktop,5783,4151,1362.66,1725.0,773.68
2024-03-09,Google Ads,Campaign_64,Search,Healthcare,Mobile,11330,10120,3350.93,,7938.07
2024-10-10,TikTok Ads,Campaign_66,Shopping,EdTech,Desktop,5279,581,364.59,,392.36
2024-03-01,Google Ads,Campaign_16,Video,Ecommerce,Mobile,14677,7409,3140.91,6665.0,3630.51
2024-02-17,Google Ads,Campaign_90,Shopping,Ecommerce,Tablet,7973,7141,4397.09,5553.0,
2024-04-24,Google Ads,Campaign_58,Search,Ecommerce,Tablet,15577,14206,528.89,2614.0,2354.39
2024-05-13,Google Ads,Campaign_22,Search,Ecommerce,Desktop,11026,2076,295.02,1568.0,278.68
2024-01-05,Google Ads,Campaign_104,Search,EdTech,Tablet,10404,932,4847.36,,4256.58
2024-01-03,TikTok Ads,Campaign_115,Search,Finance,Mobile,12936,9601,1162.97,3646.0,2959.77
2024-12-10,Meta Ads,Campaign_82,Search,Finance,Tablet,16365,10801,507.87,8313.0,191.14
2025-01-30,Google Ads,Campaign_89,Shopping,Healthcare,Mobile,2064,1406,411.76,367.0,558.49
2024-10-18,Meta Ads,Campaign_7,Video,Healthcare,Mobile,9560,8330,3095.74,4923.0,11799.18
2025-03-22,Google Ads,Campaign_67,Search,Ecommerce,Tablet,18280,6659,411.47,5246.0,18.74
2025-03-03,Google Ads,Campaign_12,Search,Ecommerce,Tablet,11540,6124,1572.73,800.0,4195.32
2024-01-10,Meta Ads,Campaign_47,Video,Ecommerce,Desktop,4681,3298,2232.39,374.0,
2024-06-09,TikTok Ads,Campaign_24,Search,EdTech,Tablet,1621,1561,3535.69,,6907.86
2024-07-03,Meta Ads,Campaign_118,Video,EdTech,Mobile,19874,9763,1459.12,1523.0,5573.93
2025-01-05,TikTok Ads,Campaign_76,Search,Healthcare,Tablet,7796,7263,4909.39,4841.0,12178.27
2024-02-10,Google Ads,Campaign_53,Video,Healthcare,Desktop,413,14,4552.06,14.0,11496.61
2024-07-07,Meta Ads,Campaign_5,Shopping,EdTech,Desktop,12393,1941,3421.05,813.0,7178.3
2024-04-03,TikTok Ads,Campaign_87,Video,Finance,Mobile,5656,775,2936.83,404.0,11601.57
2024-12-13,Google Ads,Campaign_63,Shopping,Finance,Tablet,5852,5462,4411.98,,7557.69
2025-02-20,TikTok Ads,Campaign_92,Search,Ecommerce,Mobile,17426,10872,4323.57,,
2024-01-02,TikTok Ads,Campaign_38,Video,Ecommerce,Desktop,16625,4234,2735.31,2144.0,6793.23
2024-12-18,Google Ads,Campaign_105,Search,EdTech,Tablet,7389,6474,251.07,4499.0,191.63
2024-07-08,TikTok Ads,Campaign_70,Search,Ecommerce,Tablet,15636,8964,1424.0,8098.0,5346.61
2024-05-08,Google Ads,Campaign_28,Search,Finance,Tablet,13350,2025,2447.8,120.0,2516.7
2024-10-16,Google Ads,Campaign_81,Shopping,EdTech,Mobile,11337,2758,3000.62,1215.0,8034.55
2024-06-28,TikTok Ads,Campaign_47,Video,EdTech,Desktop,8177,5155,3427.36,2802.0,
2024-02-26,Google Ads,Campaign_109,Search,Ecommerce,Mobile,9200,5938,2865.64,2031.0,5253.68
2024-09-23,TikTok Ads,Campaign_114,Search,Healthcare,Mobile,1983,314,2293.84,293.0,3066.23
2024-07-08,Meta Ads,Campaign_101,Video,Healthcare,Desktop,16137,3800,1840.11,2478.0,9010.56
2025-03-15,Meta Ads,Campaign_20,Video,Healthcare,Tablet,13068,2256,2883.37,15.0,613.07
2024-03-02,Meta Ads,Campaign_110,Shopping,Ecommerce,Tablet,16277,1643,2798.79,1212.0,1201.27
2025-01-08,Google Ads,Campaign_83,Shopping,Healthcare,Tablet,9818,3716,3888.96,,4760.26
2024-05-22,Meta Ads,Campaign_64,Shopping,EdTech,Desktop,13149,6940,3407.57,6238.0,3622.64
2024-02-24,Meta Ads,Campaign_99,Video,Ecommerce,Mobile,5350,533,323.86,401.0,342.53
2025-02-12,Google Ads,Campaign_53,Video,Healthcare,Tablet,9412,8833,469.82,723.0,2153.25
2025-03-02,Google Ads,Campaign_38,Search,Finance,Tablet,19435,426,3274.53,203.0,16085.84
2024-03-18,TikTok Ads,Campaign_117,Video,Ecommerce,Tablet,7593,1303,788.44,,3125.55
2025-02-05,TikTok Ads,Campaign_119,Video,Ecommerce,Tablet,10934,4021,3240.84,2364.0,262.01
2024-03-25,Google Ads,Campaign_117,Shopping,Ecommerce,Tablet,12648,2755,1567.03,2732.0,
2024-10-08,Google Ads,Campaign_13,Search,Ecommerce,Mobile,3283,595,3083.69,182.0,4568.02
2024-04-24,TikTok Ads,Campaign_61,Shopping,Finance,Desktop,16012,9175,2432.13,7902.0,
2025-03-12,Google Ads,Campaign_3,Shopping,Healthcare,Desktop,11945,394,2930.08,380.0,3643.66
2024-07-03,TikTok Ads,Campaign_113,Shopping,Healthcare,Tablet,285,185,2907.54,181.0,
2025-02-24,Google Ads,Campaign_92,Video,EdTech,Tablet,10280,4426,1939.23,1804.0,
2024-06-27,Meta Ads,Campaign_31,Search,EdTech,Desktop,1119,196,2668.85,135.0,3118.43
2024-04-24,TikTok Ads,Campaign_102,Video,Ecommerce,Tablet,17401,5176,2192.14,3590.0,6112.36
2024-01-08,Meta Ads,Campaign_89,Video,Ecommerce,Mobile,12176,3680,4452.11,1811.0,778.73
2024-05-27,TikTok Ads,Campaign_36,Video,Healthcare,Desktop,3317,3059,3152.11,20.0,13548.46
2025-01-31,TikTok Ads,Campaign_108,Search,Finance,Desktop,2046,1096,3690.96,1092.0,532.57
2024-11-12,Meta Ads,Campaign_113,Search,EdTech,Mobile,4318,2780,2020.15,2452.0,7716.94
2025-03-12,Google Ads,Campaign_52,Shopping,Finance,Tablet,5015,465,4585.23,428.0,4123.14
2024-05-04,TikTok Ads,Campaign_29,Video,Healthcare,Desktop,8172,2782,2006.74,777.0,8789.85
2024-09-11,Meta Ads,Campaign_57,Search,Healthcare,Desktop,7868,1066,2419.31,944.0,7293.59
2025-02-02,TikTok Ads,Campaign_15,Search,Finance,Tablet,1665,523,835.2,109.0,534.76
2024-04-24,Meta Ads,Campaign_92,Video,Finance,Mobile,19920,13891,864.61,3861.0,1846.82
2024-09-05,TikTok Ads,Campaign_106,Search,Finance,Desktop,12321,4323,4679.53,2860.0,
2024-10-10,Meta Ads,Campaign_64,Video,EdTech,Desktop,3089,1954,2381.63,1021.0,
2025-01-03,TikTok Ads,Campaign_90,Search,Ecommerce,Mobile,10441,414,563.49,220.0,
2024-05-24,Meta Ads,Campaign_66,Shopping,Healthcare,Tablet,8260,3563,2536.83,2287.0,1532.76
2025-02-22,Google Ads,Campaign_107,Shopping,Healthcare,Tablet,5023,982,2340.3,104.0,6888.01
2025-02-27,Meta Ads,Campaign_71,Video,Healthcare,Mobile,15365,10733,1835.37,10108.0,4738.62
2025-03-12,Meta Ads,Campaign_29,Video,Healthcare,Mobile,13646,11870,4009.73,8814.0,15904.85
2024-01-12,Google Ads,Campaign_7,Search,EdTech,Desktop,13084,5027,3066.42,4260.0,8366.77
2024-09-02,Meta Ads,Campaign_69,Video,EdTech,Tablet,14608,1210,1880.74,1026.0,3943.82
2025-02-08,Google Ads,Campaign_1,Shopping,Ecommerce,Tablet,8916,375,3138.99,217.0,
2025-03-10,Meta Ads,Campaign_1,Search,EdTech,Tablet,6590,594,812.3,,1995.17
2024-07-02,Meta Ads,Campaign_87,Shopping,Healthcare,Mobile,8066,3897,3481.32,1120.0,
2024-07-07,Google Ads,Campaign_67,Shopping,Ecommerce,Desktop,4197,2101,1436.77,1306.0,2139.26
2025-02-02,Meta Ads,Campaign_58,Video,Finance,Desktop,10288,378,1067.49,373.0,4561.1
2025-03-11,TikTok Ads,Campaign_28,Shopping,Finance,Desktop,958,953,390.25,,827.21
2025-02-02,TikTok Ads,Campaign_48,Search,Ecommerce,Mobile,12442,9906,4270.0,9724.0,9714.49
2024-04-01,Google Ads,Campaign_3,Shopping,EdTech,Desktop,14214,11060,2583.27,8350.0,5305.74
2024-04-29,Google Ads,Campaign_53,Video,EdTech,Tablet,11230,1381,2340.33,1222.0,3911.23
2024-01-27,Google Ads,Campaign_57,Search,Ecommerce,Desktop,2391,2183,2656.34,276.0,5651.44
2024-12-01,Meta Ads,Campaign_110,Search,EdTech,Mobile,10715,5419,3116.29,3370.0,8515.48
2024-04-16,Google Ads,Campaign_74,Video,EdTech,Desktop,3457,272,1554.23,126.0,6089.65
2024-10-19,TikTok Ads,Campaign_87,Video,EdTech,Desktop,2671,2545,4369.99,2291.0,239.6
2024-07-18,Meta Ads,Campaign_52,Search,Healthcare,Mobile,18551,13960,4497.13,7979.0,13086.37
2024-08-08,TikTok Ads,Campaign_45,Video,Ecommerce,Desktop,13117,7513,1879.41,6626.0,8851.65
2024-06-22,TikTok Ads,Campaign_95,Video,EdTech,Desktop,6205,43,626.5,18.0,1769.86
2024-02-16,Google Ads,Campaign_25,Video,Healthcare,Tablet,7735,3130,849.41,2948.0,1200.33
2024-08-15,Meta Ads,Campaign_102,Search,Healthcare,Mobile,10987,5992,1079.63,50.0,460.83
2024-04-13,Google Ads,Campaign_18,Video,Finance,Tablet,7607,2736,4990.99,406.0,
2024-01-22,Google Ads,Campaign_14,Search,Ecommerce,Desktop,11094,9821,3121.68,3262.0,7855.25
2024-08-02,Meta Ads,Campaign_104,Video,Ecommerce,Tablet,12789,11840,1466.33,2808.0,1259.07
2025-03-11,Google Ads,Campaign_34,Shopping,Healthcare,Desktop,9409,4174,374.72,13.0,
2025-02-07,Meta Ads,Campaign_62,Video,Finance,Tablet,17667,16035,2860.38,6732.0,11293.76
2024-10-12,Google Ads,Campaign_108,Search,Ecommerce,Mobile,16202,3544,3675.92,,15560.98
2024-04-16,TikTok Ads,Campaign_110,Video,EdTech,Desktop,6125,4370,4885.91,85.0,21177.33
2024-05-16,TikTok Ads,Campaign_71,Search,EdTech,Mobile,12282,9297,1524.67,8022.0,3205.91
2025-01-26,Google Ads,Campaign_76,Shopping,Ecommerce,Tablet,2193,2047,2138.46,1982.0,10195.88
2024-03-07,Meta Ads,Campaign_22,Video,EdTech,Tablet,15448,8657,752.7,5289.0,2126.41
2024-05-31,Google Ads,Campaign_90,Search,Finance,Tablet,9275,1658,2089.11,291.0,1608.49
2025-03-17,Meta Ads,Campaign_100,Search,EdTech,Tablet,16206,9349,1343.73,27.0,5929.98
2024-12-13,Meta Ads,Campaign_15,Video,Healthcare,Mobile,9217,361,4722.44,194.0,4006.07
2024-11-29,Meta Ads,Campaign_20,Search,EdTech,Tablet,19194,14733,3790.38,6274.0,5200.07
2024-03-08,Meta Ads,Campaign_66,Video,Ecommerce,Tablet,17580,823,272.61,1.0,629.26
2024-12-14,Meta Ads,Campaign_3,Video,Healthcare,Mobile,543,128,4847.66,,5405.45
2024-11-14,TikTok Ads,Campaign_42,Shopping,Finance,Tablet,17839,7436,2712.23,3811.0,2793.83
2024-01-21,Meta Ads,Campaign_64,Video,Healthcare,Desktop,7496,558,4333.93,230.0,20041.88
2024-11-23,TikTok Ads,Campaign_13,Search,Finance,Tablet,12417,10142,1766.85,1781.0,2083.43
2024-10-30,Google Ads,Campaign_88,Shopping,EdTech,Mobile,6653,666,2552.58,78.0,4750.18
2024-02-21,TikTok Ads,Campaign_68,Search,Healthcare,Desktop,18448,9950,311.59,5413.0,193.96
2024-07-04,TikTok Ads,Campaign_66,Video,Ecommerce,Desktop,19127,8039,2721.26,6.0,7306.71
2024-11-05,Google Ads,Campaign_35,Shopping,EdTech,Mobile,477,118,3629.27,74.0,5240.97
2024-06-25,TikTok Ads,Campaign_92,Video,Finance,Tablet,4629,1776,1680.18,,
2024-10-07,TikTok Ads,Campaign_98,Search,EdTech,Tablet,1933,746,363.42,202.0,1015.18
2024-12-24,TikTok Ads,Campaign_52,Video,Finance,Tablet,16676,6864,497.74,4022.0,1246.5
2024-08-29,Meta Ads,Campaign_52,Search,EdTech,Desktop,6710,1037,4222.12,601.0,1661.59
2024-03-08,TikTok Ads,Campaign_42,Video,EdTech,Desktop,15760,11023,4486.02,5129.0,5250.35
2025-02-16,Meta Ads,Campaign_76,Shopping,Ecommerce,Mobile,5428,4905,3376.62,2589.0,4000.08
2025-03-13,Google Ads,Campaign_112,Search,Finance,Tablet,6844,3026,3510.18,1325.0,11833.46
2024-03-16,TikTok Ads,Campaign_92,Shopping,Finance,Desktop,14726,8179,1693.2,2439.0,1790.31
2025-03-27,TikTok Ads,Campaign_102,Shopping,EdTech,Tablet,9143,1502,2071.85,371.0,1908.14
2024-10-29,TikTok Ads,Campaign_26,Shopping,EdTech,Tablet,9002,5916,4311.36,,7045.2
2024-12-11,Google Ads,Campaign_20,Video,Ecommerce,Desktop,6729,2979,4270.08,1659.0,1380.64
2024-07-24,Meta Ads,Campaign_105,Search,Healthcare,Mobile,13615,8983,4724.68,981.0,15075.39
2024-04-22,Google Ads,Campaign_112,Shopping,Finance,Desktop,3446,2679,2850.52,591.0,9663.19
2024-05-07,Google Ads,Campaign_112,Search,Healthcare,Mobile,1987,1539,4659.51,,7123.45
2024-02-11,Google Ads,Campaign_75,Search,Finance,Mobile,3389,1655,2398.16,1266.0,6791.48
2025-03-31,TikTok Ads,Campaign_45,Shopping,EdTech,Desktop,15587,10025,1227.51,1314.0,5108.05
2024-08-17,Google Ads,Campaign_9,Video,Healthcare,Tablet,15436,5431,1963.75,1135.0,8177.6
2024-12-12,TikTok Ads,Campaign_53,Search,EdTech,Tablet,3090,2401,1820.31,1887.0,4068.95
2024-12-22,Google Ads,Campaign_28,Video,Finance,Mobile,765,403,4363.18,,5615.66
2024-01-02,TikTok Ads,Campaign_105,Video,Ecommerce,Desktop,12028,3439,3141.2,2789.0,8437.35
2024-10-16,Meta Ads,Campaign_64,Video,Finance,Desktop,12814,8168,4065.59,7056.0,6823.97
2024-09-01,Meta Ads,Campaign_34,Shopping,EdTech,Tablet,4858,1963,3036.78,1040.0,9519.03
2024-10-21,Google Ads,Campaign_10,Shopping,EdTech,Tablet,869,160,883.07,139.0,2124.08
2024-10-26,TikTok Ads,Campaign_97,Search,Finance,Desktop,16771,13603,1724.37,832.0,7611.47
2024-06-23,Google Ads,Campaign_76,Search,Finance,Tablet,4192,261,2555.26,257.0,6092.29
2024-08-05,TikTok Ads,Campaign_46,Search,Finance,Desktop,17219,4154,3854.49,2778.0,
2025-01-04,Meta Ads,Campaign_30,Video,Ecommerce,Mobile,11864,11214,1956.66,1671.0,3277.89
2024-05-25,Meta Ads,Campaign_15,Video,Finance,Mobile,10961,1321,40.29,1306.0,126.08
2024-03-10,TikTok Ads,Campaign_11,Search,Healthcare,Tablet,10271,1766,2469.46,27.0,809.87
2024-05-19,Google Ads,Campaign_34,Video,EdTech,Mobile,17954,13181,1609.46,12130.0,1676.94
2024-03-22,Meta Ads,Campaign_66,Shopping,Finance,Tablet,11771,5272,2517.91,3174.0,11032.28
2024-11-24,TikTok Ads,Campaign_110,Search,Finance,Tablet,16450,15535,2655.99,,3151.52
2024-07-12,TikTok Ads,Campaign_105,Shopping,Healthcare,Desktop,771,600,472.29,,1674.16
2024-02-05,TikTok Ads,Campaign_91,Search,Healthcare,Mobile,19053,18497,3436.38,,3414.67
2024-03-04,TikTok Ads,Campaign_80,Shopping,Finance,Desktop,1942,1757,2334.96,1240.0,3004.42
2024-01-19,Meta Ads,Campaign_13,Search,Healthcare,Mobile,2223,1772,611.26,1480.0,182.28
2024-08-01,TikTok Ads,Campaign_50,Video,Ecommerce,Desktop,12798,8233,1258.8,4980.0,5034.87
2024-03-27,Google Ads,Campaign_19,Video,EdTech,Desktop,10033,4815,1095.92,1394.0,3192.15
2024-06-04,Meta Ads,Campaign_84,Search,Ecommerce,Desktop,8273,4174,708.52,3944.0,2193.34
2025-03-23,Meta Ads,Campaign_75,Video,Healthcare,Tablet,11093,116,4070.27,25.0,4687.21
2025-03-07,Google Ads,Campaign_111,Video,Finance,Desktop,17970,4682,1573.44,2747.0,7620.66
2024-12-08,Google Ads,Campaign_41,Video,Finance,Tablet,9729,5416,4544.45,1994.0,22099.27
2024-12-02,TikTok Ads,Campaign_63,Search,EdTech,Mobile,131,92,933.49,,2205.18
2024-09-09,Google Ads,Campaign_84,Search,Ecommerce,Desktop,16670,8641,4442.96,6586.0,2966.97
2024-02-09,TikTok Ads,Campaign_8,Video,Ecommerce,Tablet,10362,3683,3947.28,2261.0,12025.63
2024-07-20,TikTok Ads,Campaign_90,Search,Ecommerce,Tablet,16053,15892,3307.2,862.0,12432.2
2025-03-21,Meta Ads,Campaign_108,Shopping,Finance,Mobile,12956,11756,2463.8,846.0,2282.32
2024-12-21,Google Ads,Campaign_60,Search,Finance,Tablet,15437,471,4365.09,27.0,12906.98
2024-07-05,Meta Ads,Campaign_26,Shopping,Ecommerce,Mobile,2330,1002,3044.52,518.0,7173.45
2024-03-26,Meta Ads,Campaign_90,Video,Healthcare,Mobile,18276,11316,4500.15,,17960.18
2024-09-25,Google Ads,Campaign_50,Shopping,Finance,Mobile,8077,7688,4706.1,5746.0,19851.94
2024-11-13,TikTok Ads,Campaign_110,Video,Finance,Desktop,5743,110,2452.39,71.0,
2024-11-03,TikTok Ads,Campaign_69,Search,EdTech,Tablet,5818,1694,1132.32,381.0,
2024-04-13,Meta Ads,Campaign_16,Shopping,Finance,Tablet,7621,662,2799.21,295.0,13676.17
2024-05-25,TikTok Ads,Campaign_82,Video,Ecommerce,Mobile,10909,10860,1057.6,10760.0,4161.96
2024-04-30,Google Ads,Campaign_61,Video,EdTech,Desktop,18732,15060,1095.81,11053.0,3458.87
2024-06-06,Meta Ads,Campaign_43,Video,EdTech,Mobile,16546,2640,2123.19,1005.0,
2024-07-10,Google Ads,Campaign_88,Shopping,Finance,Desktop,1502,420,474.66,268.0,2356.25
2025-01-19,TikTok Ads,Campaign_16,Video,EdTech,Tablet,1903,1505,963.77,1253.0,1581.08
2024-01-31,Google Ads,Campaign_104,Video,Ecommerce,Tablet,5244,1696,708.01,,998.8
2024-07-23,Google Ads,Campaign_72,Shopping,Ecommerce,Desktop,14316,6668,1283.69,3.0,1689.29
2024-03-29,Google Ads,Campaign_27,Search,Ecommerce,Tablet,14309,8425,1405.14,407.0,1563.43
2025-02-15,Google Ads,Campaign_114,Video,Finance,Desktop,3312,777,3144.3,222.0,13779.67
2024-09-24,Meta Ads,Campaign_9,Video,EdTech,Desktop,14785,13089,44.42,12258.0,
2025-02-03,TikTok Ads,Campaign_94,Search,Healthcare,Tablet,12252,9583,4028.82,3749.0,
2025-02-17,Google Ads,Campaign_36,Search,Healthcare,Mobile,12149,10425,3263.45,1539.0,
2024-01-31,Google Ads,Campaign_87,Search,Ecommerce,Desktop,16375,449,936.6,379.0,34.67
2024-01-03,TikTok Ads,Campaign_79,Search,Finance,Tablet,7216,3520,514.1,809.0,568.17
2025-03-10,Google Ads,Campaign_111,Shopping,Ecommerce,Tablet,16082,1094,625.07,895.0,
2024-02-03,Meta Ads,Campaign_100,Shopping,EdTech,Tablet,1354,329,1428.66,120.0,516.26
2024-02-27,TikTok Ads,Campaign_76,Shopping,Ecommerce,Desktop,18116,5340,1269.39,5111.0,3176.16
2024-08-22,Meta Ads,Campaign_99,Shopping,Healthcare,Desktop,16588,12021,1145.01,11301.0,5194.03
2024-07-30,Meta Ads,Campaign_14,Video,Ecommerce,Mobile,1438,1031,738.18,4.0,142.42
2024-04-21,Meta Ads,Campaign_64,Video,EdTech,Mobile,15293,6490,2764.73,,8249.11
2024-09-12,TikTok Ads,Campaign_40,Video,EdTech,Mobile,8924,7876,2578.68,2263.0,11885.72
2024-03-09,Meta Ads,Campaign_4,Search,Finance,Mobile,18621,7770,245.29,949.0,
2025-03-12,TikTok Ads,Campaign_37,Shopping,Finance,Desktop,14388,1694,1717.05,751.0,5375.03
2024-08-22,Google Ads,Campaign_100,Search,Finance,Mobile,5846,271,4901.61,24.0,4496.35
2024-03-11,Meta Ads,Campaign_71,Search,Healthcare,Tablet,6372,1626,3259.32,1418.0,373.23
2024-05-05,Google Ads,Campaign_19,Search,Ecommerce,Mobile,13598,2866,3575.96,571.0,
2024-06-08,Google Ads,Campaign_74,Shopping,EdTech,Desktop,3672,41,3917.34,22.0,11448.85
2024-05-25,Google Ads,Campaign_115,Video,Finance,Desktop,11354,9924,4495.61,580.0,16727.4
2024-12-17,TikTok Ads,Campaign_34,Shopping,Ecommerce,Tablet,4462,3434,566.1,2637.0,731.7
2025-02-25,TikTok Ads,Campaign_15,Search,EdTech,Tablet,13394,390,3298.64,46.0,509.59
2024-07-13,TikTok Ads,Campaign_50,Shopping,Healthcare,Desktop,15939,12017,1435.02,7769.0,3607.76
2024-04-20,Meta Ads,Campaign_1,Search,Finance,Mobile,6240,757,2503.48,86.0,10403.02
2025-03-05,Meta Ads,Campaign_69,Search,Ecommerce,Tablet,3497,1672,96.52,,72.03
2025-03-28,Google Ads,Campaign_83,Video,Finance,Desktop,5797,2620,2317.39,2326.0,5671.22
2024-06-01,Meta Ads,Campaign_29,Video,Ecommerce,Desktop,17464,4453,2045.04,2248.0,1379.12
2025-03-21,TikTok Ads,Campaign_8,Search,Ecommerce,Mobile,9594,72,389.35,66.0,1774.01
2024-01-17,Meta Ads,Campaign_7,Video,Finance,Desktop,5728,32,4236.05,6.0,17421.52
2024-12-26,TikTok Ads,Campaign_64,Search,Finance,Mobile,6203,1660,3777.27,466.0,18209.19
2024-05-25,Meta Ads,Campaign_104,Search,Healthcare,Tablet,1835,129,1651.06,49.0,3162.3
2024-03-28,Google Ads,Campaign_50,Shopping,Healthcare,Desktop,13010,4779,545.94,2972.0,112.76
2025-01-31,Meta Ads,Campaign_68,Video,EdTech,Desktop,9906,1802,4849.69,1291.0,9845.7
2024-05-28,Meta Ads,Campaign_38,Search,Finance,Tablet,5462,4868,929.76,3458.0,2259.53
2025-02-18,TikTok Ads,Campaign_37,Shopping,EdTech,Tablet,9260,841,877.06,188.0,
2024-07-24,Meta Ads,Campaign_17,Video,Finance,Mobile,11683,3801,3284.47,88.0,472.99
2025-01-24,Meta Ads,Campaign_101,Shopping,Ecommerce,Tablet,8149,6479,3434.11,4701.0,5999.82
2024-07-29,Google Ads,Campaign_51,Video,Ecommerce,Tablet,13821,13007,4864.51,11858.0,22535.62
2024-03-03,Google Ads,Campaign_34,Shopping,Ecommerce,Desktop,13187,1982,3034.16,1096.0,233.86
2024-02-25,TikTok Ads,Campaign_76,Shopping,EdTech,Desktop,15440,2369,67.91,,44.85
2024-02-24,TikTok Ads,Campaign_40,Video,Ecommerce,Desktop,6891,5593,4145.19,2124.0,
2024-04-05,TikTok Ads,Campaign_103,Search,Finance,Desktop,3209,614,1165.17,6.0,5053.48
2024-08-25,Google Ads,Campaign_45,Shopping,EdTech,Mobile,11811,1194,347.96,637.0,1329.9
2024-11-08,Meta Ads,Campaign_55,Video,EdTech,Desktop,16661,10750,2290.07,3917.0,10603.11
2024-07-02,Google Ads,Campaign_61,Shopping,Ecommerce,Tablet,9131,5037,402.22,3182.0,502.56
2025-02-28,Meta Ads,Campaign_102,Shopping,Ecommerce,Mobile,17570,14010,2588.7,5158.0,
2024-07-05,Meta Ads,Campaign_109,Shopping,EdTech,Tablet,17694,2212,2913.62,1262.0,
2024-03-02,TikTok Ads,Campaign_10,Search,Healthcare,Desktop,4271,2821,477.97,763.0,1616.49
2024-11-21,Meta Ads,Campaign_66,Search,Ecommerce,Tablet,10466,5177,4776.43,2968.0,6901.72
2024-01-07,TikTok Ads,Campaign_77,Shopping,Ecommerce,Desktop,7655,6486,4146.43,239.0,4341.9
2025-02-01,TikTok Ads,Campaign_111,Shopping,Healthcare,Desktop,13432,5243,4106.38,149.0,14211.77
2024-03-28,Meta Ads,Campaign_98,Shopping,Finance,Tablet,1320,976,138.45,,
2024-09-13,Meta Ads,Campaign_96,Shopping,Healthcare,Desktop,14800,9356,201.23,9195.0,376.47
2024-01-18,Meta Ads,Campaign_111,Search,Ecommerce,Tablet,13892,7234,214.68,2480.0,131.18
2024-01-18,Meta Ads,Campaign_96,Shopping,EdTech,Desktop,19399,9013,3392.34,6345.0,9562.64
2024-06-22,Google Ads,Campaign_98,Search,Healthcare,Tablet,4435,611,399.16,115.0,
2024-12-12,Meta Ads,Campaign_85,Shopping,EdTech,Mobile,14322,9437,4228.94,125.0,12543.83
2025-01-02,TikTok Ads,Campaign_48,Shopping,EdTech,Mobile,18882,2565,187.86,694.0,843.91
2024-01-18,TikTok Ads,Campaign_47,Video,Healthcare,Tablet,12375,5129,2109.53,4403.0,7344.81
2024-04-21,Meta Ads,Campaign_54,Shopping,Ecommerce,Tablet,19648,17732,4216.0,2251.0,16655.51
2024-04-29,Google Ads,Campaign_103,Video,Finance,Desktop,9982,994,3898.17,,13770.86
2024-10-01,TikTok Ads,Campaign_40,Shopping,Ecommerce,Tablet,16415,15852,2272.92,6209.0,2118.01
2024-10-22,TikTok Ads,Campaign_84,Shopping,Healthcare,Tablet,8535,5295,4601.88,,16926.2
2024-04-21,TikTok Ads,Campaign_68,Search,Healthcare,Mobile,14227,3672,4633.56,2156.0,
2024-07-28,Google Ads,Campaign_39,Video,Healthcare,Tablet,2112,464,2647.82,257.0,
2024-04-21,Google Ads,Campaign_45,Video,Ecommerce,Desktop,8075,1576,2216.53,499.0,
2024-12-29,Google Ads,Campaign_51,Video,Healthcare,Mobile,11720,1624,2464.38,1517.0,2257.75
2024-08-29,TikTok Ads,Campaign_48,Shopping,EdTech,Tablet,3815,623,105.4,577.0,484.54
2025-03-13,Google Ads,Campaign_67,Video,Healthcare,Tablet,2712,707,1243.34,497.0,2852.16
2024-03-25,Meta Ads,Campaign_5,Search,Healthcare,Desktop,3346,31,2366.08,16.0,4405.24
2024-09-28,Google Ads,Campaign_5,Shopping,Ecommerce,Tablet,14204,14142,1216.76,5447.0,
2025-03-29,Meta Ads,Campaign_3,Video,Ecommerce,Desktop,1892,874,4445.48,381.0,1926.64
2024-06-28,TikTok Ads,Campaign_99,Search,EdTech,Mobile,16385,11406,402.58,6843.0,27.38
2024-12-19,TikTok Ads,Campaign_91,Search,Ecommerce,Mobile,14136,3168,1641.54,2328.0,6125.13
2024-07-02,Google Ads,Campaign_31,Search,EdTech,Tablet,3032,409,1730.01,402.0,6475.07
2024-01-11,Meta Ads,Campaign_41,Video,Finance,Desktop,12295,8896,4662.25,3462.0,21776.33
2024-04-27,Google Ads,Campaign_11,Video,Ecommerce,Mobile,2243,1760,4691.69,,
2024-12-06,TikTok Ads,Campaign_17,Video,EdTech,Mobile,11340,4723,2327.98,956.0,8364.45
2024-10-29,Meta Ads,Campaign_7,Video,Finance,Tablet,9546,3276,1197.32,448.0,1958.21
2024-08-11,Google Ads,Campaign_34,Search,Ecommerce,Tablet,719,498,3772.65,100.0,10660.61
2024-07-31,Meta Ads,Campaign_95,Shopping,Finance,Mobile,12747,10505,2666.63,4139.0,554.7
2024-12-31,Google Ads,Campaign_38,Shopping,Healthcare,Desktop,10559,6365,4446.43,,9148.79
2025-03-21,Meta Ads,Campaign_11,Shopping,Finance,Mobile,6270,391,703.48,318.0,1695.19
2025-03-16,TikTok Ads,Campaign_109,Video,EdTech,Tablet,5333,483,2115.29,16.0,1424.38
2024-12-25,TikTok Ads,Campaign_97,Search,Healthcare,Mobile,610,206,583.76,7.0,544.59
2025-01-02,Meta Ads,Campaign_110,Shopping,Finance,Mobile,10206,3472,907.89,63.0,2627.77
2025-02-16,TikTok Ads,Campaign_77,Shopping,Ecommerce,Desktop,11246,2458,4491.11,1163.0,13193.9
2024-07-25,TikTok Ads,Campaign_88,Search,Ecommerce,Desktop,15776,189,3266.29,120.0,3137.75
2024-07-09,Meta Ads,Campaign_51,Video,Finance,Desktop,12415,9484,1225.77,5873.0,107.82
2024-09-28,TikTok Ads,Campaign_73,Video,Healthcare,Tablet,18631,6548,3203.11,4516.0,4785.86
2024-09-04,Meta Ads,Campaign_9,Search,EdTech,Mobile,12715,7975,3390.36,3052.0,3681.17
2024-01-31,Meta Ads,Campaign_18,Video,Healthcare,Mobile,18038,12741,729.45,4841.0,2366.05
2025-01-19,TikTok Ads,Campaign_87,Video,EdTech,Desktop,448,238,257.5,233.0,1003.88
2024-08-15,TikTok Ads,Campaign_56,Video,EdTech,Tablet,2816,1098,4663.66,343.0,1133.91
2024-07-07,TikTok Ads,Campaign_7,Video,Finance,Desktop,9069,786,3287.47,61.0,4972.36
2024-08-28,TikTok Ads,Campaign_26,Shopping,Finance,Desktop,12875,2121,4571.04,1608.0,12426.4
2024-12-02,TikTok Ads,Campaign_98,Shopping,Ecommerce,Tablet,8810,2348,3124.12,778.0,6848.37
2024-10-28,Google Ads,Campaign_106,Shopping,Finance,Tablet,15900,9263,1255.56,2031.0,5351.89
2024-05-14,Meta Ads,Campaign_69,Shopping,Finance,Desktop,5725,5489,4820.88,1268.0,3640.61
2024-05-02,TikTok Ads,Campaign_117,Video,EdTech,Tablet,7021,6993,3279.59,1200.0,4062.27
2025-03-27,Meta Ads,Campaign_61,Video,Ecommerce,Mobile,807,743,2458.44,50.0,3704.85
2024-05-20,Meta Ads,Campaign_112,Shopping,Ecommerce,Desktop,2966,2380,2841.14,440.0,13891.18
2024-01-02,TikTok Ads,Campaign_17,Shopping,Healthcare,Mobile,4205,2660,3398.2,1993.0,14101.21
2024-12-07,Google Ads,Campaign_10,Search,Finance,Tablet,19330,15730,2900.22,3236.0,11236.18
2025-03-27,Google Ads,Campaign_43,Search,EdTech,Tablet,10948,10104,3572.24,7738.0,3357.62
2024-05-25,Google Ads,Campaign_97,Video,EdTech,Mobile,19897,17528,4701.74,68.0,
2024-12-08,Meta Ads,Campaign_60,Search,EdTech,Desktop,10207,9644,490.12,9231.0,
2024-06-12,Meta Ads,Campaign_84,Video,Healthcare,Desktop,16383,2203,6.6,1347.0,9.19
2025-02-07,Meta Ads,Campaign_30,Shopping,EdTech,Desktop,6728,580,3348.94,176.0,6870.32
2025-01-02,Google Ads,Campaign_98,Search,Finance,Mobile,14530,7354,1120.86,5569.0,1291.09
2024-02-19,Google Ads,Campaign_41,Video,EdTech,Desktop,14351,9956,1997.0,4290.0,7287.79
2024-06-24,Google Ads,Campaign_93,Video,Finance,Tablet,8848,589,4211.78,230.0,12118.88
2024-07-27,Google Ads,Campaign_26,Search,Healthcare,Tablet,8655,5936,3816.7,582.0,
2024-01-25,Google Ads,Campaign_117,Search,EdTech,Desktop,15058,14620,71.45,3603.0,213.05
2025-01-14,Google Ads,Campaign_96,Shopping,Finance,Desktop,18254,16543,4602.68,,10767.8
2024-08-01,Google Ads,Campaign_43,Shopping,Healthcare,Desktop,16321,10769,2115.57,3980.0,
2024-12-11,TikTok Ads,Campaign_71,Shopping,Finance,Mobile,16047,15776,2754.98,707.0,
2024-09-02,TikTok Ads,Campaign_37,Shopping,Healthcare,Tablet,11731,8800,1618.58,308.0,5453.11
2024-03-15,Meta Ads,Campaign_29,Search,Finance,Desktop,13901,3907,1253.22,276.0,1565.62
2025-02-03,TikTok Ads,Campaign_55,Shopping,Healthcare,Mobile,10561,1717,4563.3,460.0,15688.22
2025-01-16,Google Ads,Campaign_58,Shopping,Ecommerce,Desktop,6255,238,4991.34,143.0,
2024-12-23,Meta Ads,Campaign_76,Video,Finance,Tablet,19262,1535,1662.81,596.0,
2024-05-01,Google Ads,Campaign_84,Search,EdTech,Tablet,7506,5083,2510.74,4264.0,8429.77
2024-01-13,Meta Ads,Campaign_25,Shopping,Finance,Tablet,16016,9436,211.75,6023.0,576.57
2025-02-19,TikTok Ads,Campaign_101,Shopping,Healthcare,Mobile,13397,11284,1871.32,,4235.97
2024-07-22,Meta Ads,Campaign_54,Video,Healthcare,Tablet,2520,2407,2734.33,810.0,7738.8
2024-03-07,TikTok Ads,Campaign_83,Video,Ecommerce,Mobile,6421,3052,416.51,15.0,456.76
2024-08-28,TikTok Ads,Campaign_33,Search,Finance,Tablet,19396,17952,160.65,12667.0,666.88
2024-08-09,Meta Ads,Campaign_107,Search,Ecommerce,Mobile,1436,414,499.68,97.0,760.02
2024-11-06,TikTok Ads,Campaign_99,Search,Finance,Mobile,10082,1097,277.33,263.0,1349.61
2025-01-09,Meta Ads,Campaign_55,Shopping,Healthcare,Mobile,10114,3157,716.55,2338.0,1272.22
2024-09-13,Meta Ads,Campaign_1,Video,EdTech,Tablet,19885,15203,700.2,10503.0,827.38
2025-02-20,Google Ads,Campaign_71,Shopping,Ecommerce,Desktop,5719,1220,3766.49,273.0,9180.25
2025-02-24,Google Ads,Campaign_25,Video,Healthcare,Desktop,12726,2697,1712.5,358.0,
2024-02-04,Meta Ads,Campaign_118,Video,Finance,Mobile,16893,15535,2976.87,14051.0,3363.54
2024-08-18,Google Ads,Campaign_35,Video,EdTech,Mobile,9788,4442,4283.03,,2113.06
2025-01-08,Meta Ads,Campaign_81,Shopping,Healthcare,Desktop,3458,3356,2373.23,2497.0,5291.4
2024-09-21,Meta Ads,Campaign_85,Search,Finance,Desktop,3041,1308,4320.58,571.0,
2024-02-04,TikTok Ads,Campaign_103,Search,Healthcare,Tablet,14538,11971,956.47,10297.0,3062.37
2024-04-20,TikTok Ads,Campaign_14,Shopping,Finance,Desktop,11399,6061,1811.23,,5997.1
2025-03-28,Meta Ads,Campaign_18,Video,EdTech,Mobile,3260,363,2091.28,238.0,10450.74
2024-05-21,Google Ads,Campaign_17,Search,EdTech,Mobile,15941,6312,1867.34,2894.0,4575.38
2025-03-04,TikTok Ads,Campaign_77,Shopping,Healthcare,Tablet,12652,7838,2246.83,6077.0,3354.39
2024-09-03,Meta Ads,Campaign_80,Shopping,Healthcare,Mobile,16945,3314,3746.45,2526.0,17823.73
2025-03-17,Google Ads,Campaign_81,Video,Healthcare,Tablet,6382,1750,831.08,803.0,2166.35
2024-09-23,Meta Ads,Campaign_111,Search,Ecommerce,Mobile,10494,1169,229.17,614.0,642.2
2024-03-08,Meta Ads,Campaign_103,Shopping,EdTech,Mobile,8066,1181,1011.08,,3219.78
2024-12-10,Google Ads,Campaign_11,Shopping,Ecommerce,Mobile,18595,972,3818.02,360.0,
2025-01-15,Meta Ads,Campaign_73,Shopping,Ecommerce,Tablet,12953,6975,488.05,975.0,992.06
2025-02-19,TikTok Ads,Campaign_119,Shopping,EdTech,Tablet,10841,9751,4523.19,7483.0,
2025-01-01,Google Ads,Campaign_53,Search,EdTech,Desktop,15412,3859,2289.07,1255.0,6611.5
2024-12-11,Google Ads,Campaign_107,Shopping,Healthcare,Tablet,9989,7546,779.3,,3148.43
2024-11-10,Meta Ads,Campaign_9,Video,EdTech,Tablet,5029,2774,3206.0,588.0,12551.3
2024-09-26,Meta Ads,Campaign_43,Video,EdTech,Desktop,14340,11837,4682.38,8787.0,3640.84
2025-03-14,Google Ads,Campaign_10,Search,Finance,Desktop,18510,8330,2430.02,4193.0,7904.55
2025-03-23,TikTok Ads,Campaign_73,Search,Ecommerce,Desktop,19562,5546,436.12,4490.0,875.97
2024-06-01,Google Ads,Campaign_41,Search,Ecommerce,Mobile,10677,1225,325.86,755.0,568.61
2024-06-05,Google Ads,Campaign_16,Shopping,EdTech,Desktop,15763,6084,4656.12,5027.0,1575.48
2024-11-29,TikTok Ads,Campaign_25,Shopping,Ecommerce,Desktop,13162,1897,3693.74,1488.0,
2024-04-11,Google Ads,Campaign_12,Search,Finance,Tablet,13936,10019,4905.19,8414.0,
2024-11-18,Google Ads,Campaign_88,Shopping,Ecommerce,Tablet,11233,10192,3495.97,948.0,14591.09
2024-07-17,Meta Ads,Campaign_51,Shopping,Finance,Tablet,19623,8229,709.43,4566.0,78.63
2024-04-06,TikTok Ads,Campaign_23,Video,Ecommerce,Desktop,11561,1061,4590.96,501.0,17564.79
2024-02-03,TikTok Ads,Campaign_70,Search,Finance,Tablet,15611,14230,2859.73,2039.0,11808.73
2025-02-03,Google Ads,Campaign_97,Video,EdTech,Mobile,14312,5735,3953.03,3612.0,16545.79
2024-01-09,TikTok Ads,Campaign_6,Shopping,Ecommerce,Tablet,18417,8002,4444.44,1699.0,297.88
2024-07-02,Google Ads,Campaign_53,Video,Finance,Tablet,10620,4939,4489.16,3733.0,
2024-10-15,Meta Ads,Campaign_75,Video,Finance,Tablet,15628,11162,2647.41,8265.0,8244.42
2024-05-14,Google Ads,Campaign_74,Search,EdTech,Desktop,2806,160,888.28,134.0,1582.17
2024-05-25,Meta Ads,Campaign_83,Search,Finance,Desktop,19549,15698,2002.95,14594.0,3562.12
2025-02-23,Meta Ads,Campaign_48,Video,Ecommerce,Mobile,8652,3699,3057.17,1931.0,
2024-06-27,Google Ads,Campaign_110,Video,Finance,Desktop,6210,4325,1959.1,3976.0,5316.97
2024-03-07,Meta Ads,Campaign_84,Video,EdTech,Desktop,19435,12965,172.47,7763.0,827.28
2024-08-10,Meta Ads,Campaign_4,Search,Healthcare,Tablet,18599,6288,4471.68,885.0,4240.22
2024-09-28,TikTok Ads,Campaign_37,Search,Finance,Desktop,7190,952,4854.7,814.0,14830.47
2024-02-19,Google Ads,Campaign_50,Search,EdTech,Mobile,17246,10677,2732.51,5938.0,2502.1
2024-09-25,Google Ads,Campaign_95,Search,Healthcare,Desktop,1205,105,386.36,62.0,1327.38
2024-11-14,TikTok Ads,Campaign_81,Shopping,Ecommerce,Desktop,3190,1287,132.27,1262.0,
2024-01-23,Meta Ads,Campaign_11,Search,Finance,Mobile,15762,3138,1823.7,3117.0,2110.14
2024-08-04,TikTok Ads,Campaign_36,Search,Finance,Tablet,17560,15598,432.55,6411.0,
2024-04-23,TikTok Ads,Campaign_15,Shopping,Healthcare,Desktop,19464,8936,4521.55,6466.0,5177.74
2024-09-19,Meta Ads,Campaign_22,Video,Finance,Mobile,7749,4142,1040.4,1572.0,2843.67
2025-03-25,Meta Ads,Campaign_70,Shopping,Ecommerce,Mobile,12333,10963,3353.63,4182.0,4086.69
2024-10-11,TikTok Ads,Campaign_7,Search,Ecommerce,Desktop,13714,11726,3870.78,1440.0,5713.82
2025-02-12,TikTok Ads,Campaign_91,Video,Ecommerce,Desktop,12769,2036,1336.04,1286.0,3440.19
2024-03-23,Google Ads,Campaign_28,Video,Healthcare,Tablet,17558,16494,3298.59,6692.0,1649.5
2025-02-23,Google Ads,Campaign_85,Video,Healthcare,Mobile,4753,1833,1031.93,1832.0,571.4
2024-12-01,TikTok Ads,Campaign_108,Search,Ecommerce,Desktop,18390,9978,3541.79,1409.0,2024.04
2024-09-12,Meta Ads,Campaign_56,Video,EdTech,Mobile,5103,1537,4833.07,1273.0,19360.21
2024-02-18,TikTok Ads,Campaign_91,Search,EdTech,Desktop,4568,2964,1350.01,2486.0,5883.59
2024-05-27,Google Ads,Campaign_75,Video,Ecommerce,Tablet,16562,14392,4027.52,7771.0,9328.33
2024-07-29,Google Ads,Campaign_117,Video,EdTech,Desktop,15707,1381,4407.78,1079.0,
2025-02-28,Meta Ads,Campaign_63,Search,Ecommerce,Tablet,809,0,3762.59,,8074.72
2025-03-24,TikTok Ads,Campaign_111,Shopping,Finance,Desktop,15398,11992,1358.84,1233.0,253.55
2024-07-11,TikTok Ads,Campaign_22,Video,Ecommerce,Tablet,3962,1480,4035.93,,9724.74
2024-02-23,Meta Ads,Campaign_81,Search,Ecommerce,Mobile,18511,1601,276.95,1232.0,948.6
2024-03-23,TikTok Ads,Campaign_31,Shopping,Finance,Desktop,8906,1927,4322.14,1176.0,
2025-02-25,Google Ads,Campaign_81,Shopping,Finance,Desktop,15007,1574,801.87,175.0,2464.25
2024-08-12,Meta Ads,Campaign_48,Video,Finance,Tablet,2570,2321,2480.16,2101.0,1478.73
2024-10-10,Meta Ads,Campaign_4,Search,Ecommerce,Desktop,13696,4357,4689.96,1394.0,815.7
2025-02-12,TikTok Ads,Campaign_57,Video,EdTech,Tablet,531,207,2008.73,201.0,
2025-02-23,Meta Ads,Campaign_10,Video,Finance,Tablet,8808,4166,2872.83,4014.0,
2024-03-02,Meta Ads,Campaign_74,Video,Healthcare,Tablet,14008,8817,3755.16,5988.0,8038.85
2024-03-19,Google Ads,Campaign_57,Shopping,Ecommerce,Tablet,1639,1550,731.16,781.0,1555.99
2024-03-20,TikTok Ads,Campaign_54,Search,Finance,Desktop,13928,3522,1334.02,2467.0,
2024-05-12,Google Ads,Campaign_20,Video,EdTech,Desktop,7447,3984,4481.95,3887.0,14721.06
2024-12-21,TikTok Ads,Campaign_22,Video,Healthcare,Mobile,10318,4704,1734.84,,
2024-12-01,Meta Ads,Campaign_99,Search,EdTech,Desktop,7407,1505,3229.67,454.0,4045.91
2025-03-21,TikTok Ads,Campaign_49,Search,Healthcare,Mobile,184,179,1103.5,122.0,4802.2
2024-09-24,TikTok Ads,Campaign_16,Search,Finance,Tablet,14992,5961,2258.18,3944.0,1264.28
2025-01-02,Google Ads,Campaign_27,Video,EdTech,Desktop,4695,1134,1864.05,79.0,6644.95
2024-12-30,Google Ads,Campaign_4,Video,Healthcare,Mobile,18328,9047,1488.6,5867.0,1920.62
2024-10-29,TikTok Ads,Campaign_51,Video,Ecommerce,Mobile,15828,679,2827.66,486.0,7005.13
2024-07-04,Google Ads,Campaign_78,Search,Finance,Desktop,2347,374,3609.62,232.0,2703.9
2024-10-26,Meta Ads,Campaign_83,Search,Finance,Tablet,11366,1399,1457.01,286.0,3339.96
2024-04-23,TikTok Ads,Campaign_5,Video,Healthcare,Desktop,3369,1387,468.19,717.0,2279.71
2024-05-23,Meta Ads,Campaign_8,Search,Ecommerce,Mobile,2573,125,2674.52,77.0,12137.39
2024-12-14,Meta Ads,Campaign_91,Shopping,Finance,Mobile,10130,7568,902.42,870.0,922.5
2024-04-07,Meta Ads,Campaign_95,Video,Healthcare,Mobile,15396,8294,2431.04,5549.0,8961.41
2024-02-18,Meta Ads,Campaign_71,Search,Healthcare,Mobile,5019,4889,1106.35,2577.0,722.58
2024-09-18,Google Ads,Campaign_23,Shopping,Healthcare,Mobile,4099,1654,1699.21,851.0,2791.53
2024-03-03,Google Ads,Campaign_101,Search,Healthcare,Mobile,17763,16192,4640.66,645.0,9834.9
2024-12-11,TikTok Ads,Campaign_17,Search,Ecommerce,Mobile,7433,1314,238.76,,589.37
2024-11-28,TikTok Ads,Campaign_42,Video,Healthcare,Desktop,17489,11603,4387.99,2488.0,6007.11
2025-03-06,Google Ads,Campaign_33,Search,EdTech,Desktop,4549,3953,2457.46,2789.0,11651.37
2024-08-05,Google Ads,Campaign_47,Video,Finance,Desktop,12697,10549,2688.85,3879.0,
2024-08-27,TikTok Ads,Campaign_86,Video,Healthcare,Desktop,7773,3324,3841.11,404.0,5968.93
2024-02-01,Google Ads,Campaign_38,Search,Ecommerce,Tablet,10220,553,1614.16,548.0,
2024-03-25,Meta Ads,Campaign_61,Video,Healthcare,Tablet,2736,956,2835.82,176.0,3130.72
2024-01-03,Google Ads,Campaign_67,Search,Ecommerce,Tablet,9608,9262,4688.94,6749.0,
2024-01-31,Google Ads,Campaign_63,Video,EdTech,Tablet,4226,1763,1128.43,,2993.29
2024-09-13,Google Ads,Campaign_61,Search,Ecommerce,Desktop,16073,3571,3368.17,1760.0,7701.22
2024-06-26,Meta Ads,Campaign_119,Video,EdTech,Tablet,9292,5349,552.22,2625.0,2233.78
2024-10-30,Google Ads,Campaign_34,Shopping,Finance,Desktop,11375,5508,1050.93,1431.0,2195.49
2024-12-24,TikTok Ads,Campaign_83,Shopping,EdTech,Tablet,4465,219,2810.07,33.0,10345.34
2024-01-01,TikTok Ads,Campaign_85,Search,Healthcare,Mobile,909,441,4502.96,37.0,
2024-12-19,Meta Ads,Campaign_31,Shopping,Healthcare,Desktop,4489,544,2177.68,,6844.88
2024-01-21,Meta Ads,Campaign_36,Search,Healthcare,Desktop,8689,6794,2763.34,5291.0,5729.1
2024-08-08,Meta Ads,Campaign_53,Video,Healthcare,Desktop,1210,1005,3783.9,,10821.63
2024-05-23,TikTok Ads,Campaign_44,Search,EdTech,Desktop,13045,2570,2468.85,,5825.72
2024-02-20,TikTok Ads,Campaign_36,Video,EdTech,Tablet,9639,2032,1641.56,1984.0,6555.39
2024-03-27,Google Ads,Campaign_112,Search,Ecommerce,Tablet,13603,10991,2347.77,8503.0,10906.22
2024-03-30,Meta Ads,Campaign_119,Video,EdTech,Tablet,17477,10978,2640.7,3763.0,5024.8
2024-08-12,Meta Ads,Campaign_99,Search,Finance,Mobile,19724,18361,3429.08,2413.0,2547.59
2024-10-14,TikTok Ads,Campaign_86,Video,Ecommerce,Desktop,15455,5826,520.05,974.0,1812.74
2024-09-17,Meta Ads,Campaign_77,Shopping,Finance,Mobile,658,181,3528.44,,6942.08
2024-06-03,Meta Ads,Campaign_58,Video,Healthcare,Mobile,17261,3059,65.58,2911.0,208.76
2024-04-21,Meta Ads,Campaign_17,Search,Healthcare,Desktop,18196,13383,4118.65,5248.0,14603.85
2024-02-06,Google Ads,Campaign_3,Video,Healthcare,Desktop,1522,691,1402.15,633.0,
2024-11-26,Google Ads,Campaign_46,Shopping,EdTech,Mobile,8767,4954,4504.27,744.0,12154.9
2024-02-11,TikTok Ads,Campaign_35,Video,Ecommerce,Mobile,17151,2438,4876.99,833.0,1843.4
2024-11-14,TikTok Ads,Campaign_4,Video,Finance,Mobile,16212,12411,4455.58,10296.0,
2025-02-04,Meta Ads,Campaign_98,Video,EdTech,Desktop,3926,2052,1624.43,631.0,371.4
2024-07-19,TikTok Ads,Campaign_26,Video,Healthcare,Mobile,9467,3073,3041.65,,12571.9
2024-08-01,Meta Ads,Campaign_52,Shopping,Ecommerce,Tablet,13170,8777,1513.87,3345.0,4106.9
2024-07-14,Meta Ads,Campaign_7,Search,Ecommerce,Tablet,2812,44,2011.63,27.0,3635.77
2024-11-09,Meta Ads,Campaign_35,Video,Healthcare,Mobile,11080,4274,3442.62,1480.0,10384.55
2024-04-11,Meta Ads,Campaign_5,Shopping,EdTech,Desktop,15012,6777,2834.1,3205.0,3849.23
2025-01-08,Google Ads,Campaign_98,Shopping,Healthcare,Tablet,2412,2151,3479.35,427.0,11011.94
2024-05-11,Meta Ads,Campaign_33,Shopping,Healthcare,Tablet,4549,3617,3852.16,825.0,17401.05
2024-02-10,Google Ads,Campaign_35,Shopping,Finance,Desktop,3336,2273,1939.65,2226.0,
2024-12-04,Google Ads,Campaign_112,Video,Finance,Mobile,13103,13030,3982.95,2774.0,16847.66
2024-11-19,Google Ads,Campaign_8,Video,Ecommerce,Tablet,13746,7288,4753.23,6193.0,4563.33
2024-04-17,Google Ads,Campaign_41,Shopping,Finance,Desktop,1861,566,114.55,109.0,319.59
2024-03-08,TikTok Ads,Campaign_62,Video,Ecommerce,Tablet,10191,7732,7.13,5759.0,26.8
2025-02-16,TikTok Ads,Campaign_81,Video,Healthcare,Desktop,14705,14252,67.28,13875.0,223.93
2024-01-12,Google Ads,Campaign_95,Video,Finance,Tablet,12713,12614,4217.41,9321.0,5492.91
2024-03-24,TikTok Ads,Campaign_26,Search,Finance,Mobile,13044,1376,2159.94,1226.0,
2025-03-22,Meta Ads,Campaign_90,Search,Healthcare,Desktop,11929,7972,3817.7,1437.0,4539.64
2024-03-08,TikTok Ads,Campaign_73,Video,EdTech,Desktop,15172,6714,1027.69,2743.0,
2024-09-12,TikTok Ads,Campaign_58,Video,Finance,Desktop,3086,2590,614.13,1312.0,864.5
2024-01-22,Google Ads,Campaign_38,Search,Healthcare,Tablet,13820,2291,4340.49,2107.0,7912.07
2024-06-08,Google Ads,Campaign_15,Shopping,EdTech,Desktop,10937,8972,3252.19,6752.0,12436.98
2024-09-09,TikTok Ads,Campaign_1,Search,Ecommerce,Mobile,11248,5043,4461.85,2257.0,1426.85
2025-02-09,TikTok Ads,Campaign_60,Video,EdTech,Tablet,19278,3185,2954.78,776.0,13875.59
2025-02-02,Meta Ads,Campaign_52,Shopping,Healthcare,Tablet,11940,8563,1634.23,201.0,
2024-04-25,Meta Ads,Campaign_116,Video,EdTech,Tablet,13441,54,3592.67,14.0,16534.2
2024-07-18,TikTok Ads,Campaign_83,Shopping,Finance,Tablet,6372,359,1664.5,4.0,7280.21
2024-11-06,TikTok Ads,Campaign_49,Video,EdTech,Tablet,13031,7366,843.51,3677.0,
2024-01-26,TikTok Ads,Campaign_114,Video,Healthcare,Tablet,14329,7557,3622.61,2265.0,21.08
2025-03-19,TikTok Ads,Campaign_85,Search,Healthcare,Desktop,13171,4374,1553.52,,7407.21
2024-01-04,TikTok Ads,Campaign_20,Shopping,Finance,Mobile,11001,8847,4004.13,4881.0,1258.31
2024-08-14,TikTok Ads,Campaign_38,Shopping,EdTech,Desktop,12177,166,2201.56,43.0,5398.34
2024-04-18,TikTok Ads,Campaign_4,Shopping,Healthcare,Tablet,9863,2151,613.53,981.0,
2024-12-02,TikTok Ads,Campaign_106,Video,Healthcare,Tablet,1925,1037,3155.87,313.0,2539.77
2025-01-14,Meta Ads,Campaign_20,Video,Healthcare,Mobile,17734,13134,2120.75,3814.0,3470.96
2024-08-06,Google Ads,Campaign_106,Search,EdTech,Mobile,11608,598,2618.75,260.0,
2025-01-29,Meta Ads,Campaign_15,Video,Ecommerce,Desktop,2766,2098,12.77,391.0,12.34
2024-10-28,Meta Ads,Campaign_6,Search,EdTech,Mobile,11505,4951,1494.1,,1365.41
2024-06-24,TikTok Ads,Campaign_39,Video,Ecommerce,Desktop,6881,3722,824.73,3693.0,1110.13
2024-12-02,Google Ads,Campaign_107,Search,Healthcare,Mobile,3824,3520,814.58,1249.0,176.54
2024-05-01,Google Ads,Campaign_23,Shopping,EdTech,Desktop,3240,795,1912.22,271.0,6740.78
2024-07-20,TikTok Ads,Campaign_24,Video,Healthcare,Mobile,12437,11234,3154.55,1615.0,2963.33
2024-06-02,TikTok Ads,Campaign_52,Search,EdTech,Mobile,18360,1835,1767.18,803.0,5052.46
2024-03-21,Meta Ads,Campaign_100,Shopping,Healthcare,Mobile,11820,11766,2416.59,,5942.32
2024-04-06,Google Ads,Campaign_82,Shopping,Finance,Tablet,3393,2000,479.88,1565.0,1235.15
2024-07-03,Meta Ads,Campaign_44,Search,Ecommerce,Mobile,602,88,4226.68,63.0,10531.87
2024-07-17,Meta Ads,Campaign_57,Shopping,Ecommerce,Tablet,16438,9916,2506.86,2910.0,7724.98
2024-05-09,Meta Ads,Campaign_23,Shopping,Finance,Tablet,170,81,1147.09,50.0,3599.71
2024-06-10,Meta Ads,Campaign_16,Video,Healthcare,Desktop,5136,593,2563.57,13.0,6373.77
2024-05-04,TikTok Ads,Campaign_61,Shopping,EdTech,Tablet,9670,6467,3594.1,,
2024-10-10,TikTok Ads,Campaign_8,Shopping,Finance,Desktop,11726,8621,2884.55,2751.0,
2024-04-09,Google Ads,Campaign_3,Search,Ecommerce,Desktop,15736,3223,1444.72,1345.0,1489.71
2025-02-16,TikTok Ads,Campaign_48,Shopping,Healthcare,Desktop,17426,14560,4868.04,,11713.56
2024-05-30,TikTok Ads,Campaign_26,Search,Healthcare,Tablet,17864,7363,3460.38,5957.0,6169.43
2024-03-24,Google Ads,Campaign_44,Search,Ecommerce,Tablet,4100,3509,3997.56,3237.0,7541.95
2024-09-14,TikTok Ads,Campaign_107,Search,EdTech,Tablet,5877,3204,2727.37,3123.0,7331.51
2024-05-16,TikTok Ads,Campaign_117,Search,Finance,Desktop,5365,2550,4212.36,1112.0,
2025-03-10,Google Ads,Campaign_111,Video,Healthcare,Desktop,6122,2554,1213.99,1614.0,916.64
2024-09-13,Google Ads,Campaign_50,Shopping,Finance,Tablet,17092,6416,1077.27,1621.0,1296.41
2024-12-04,Meta Ads,Campaign_56,Video,Healthcare,Mobile,16579,4714,4852.71,1474.0,3159.66
2024-03-10,TikTok Ads,Campaign_93,Search,Finance,Tablet,6762,642,893.66,22.0,1301.65
2024-06-05,TikTok Ads,Campaign_10,Shopping,EdTech,Desktop,11344,7230,4846.18,611.0,8140.7
2025-03-04,Google Ads,Campaign_3,Shopping,Healthcare,Desktop,5032,2417,4140.54,2256.0,18272.32
2024-01-17,Meta Ads,Campaign_112,Shopping,Finance,Mobile,6771,2492,1864.66,,113.63
2024-02-21,TikTok Ads,Campaign_4,Video,EdTech,Tablet,1751,125,395.74,97.0,62.01
2024-10-10,Google Ads,Campaign_47,Search,Finance,Tablet,12259,12255,4356.01,4669.0,12974.23
2025-03-31,Meta Ads,Campaign_81,Video,Ecommerce,Tablet,9209,3140,405.45,2587.0,286.48
2024-08-30,Google Ads,Campaign_17,Shopping,EdTech,Desktop,6080,4153,4159.57,2007.0,18560.68
2024-02-18,TikTok Ads,Campaign_58,Shopping,EdTech,Tablet,8005,3686,1342.77,728.0,2542.88
2025-03-10,Google Ads,Campaign_58,Shopping,Healthcare,Mobile,9746,8678,2834.07,6294.0,7948.06
2024-03-27,Meta Ads,Campaign_90,Video,EdTech,Desktop,7398,4010,3783.05,3411.0,5364.42
2024-12-19,Google Ads,Campaign_87,Video,Ecommerce,Mobile,8644,1611,4150.33,1119.0,13734.05
2024-05-06,Google Ads,Campaign_21,Shopping,Ecommerce,Tablet,711,394,3411.13,172.0,6191.23
2024-04-21,TikTok Ads,Campaign_42,Shopping,EdTech,Desktop,19935,19807,1657.46,11117.0,6817.0
2025-02-04,Google Ads,Campaign_36,Video,EdTech,Tablet,3408,1161,316.12,793.0,982.75
2025-02-09,Meta Ads,Campaign_98,Shopping,Healthcare,Desktop,13527,12872,3123.18,10218.0,
2024-07-01,TikTok Ads,Campaign_71,Search,Finance,Tablet,984,960,4100.32,882.0,19739.69
2024-05-12,Meta Ads,Campaign_4,Shopping,EdTech,Tablet,6032,1825,3103.54,1259.0,
2024-01-03,Meta Ads,Campaign_32,Video,Healthcare,Mobile,9196,2121,3108.63,23.0,15083.34
2024-03-18,Meta Ads,Campaign_84,Video,Finance,Mobile,13051,1242,4517.91,712.0,
2024-02-14,TikTok Ads,Campaign_97,Shopping,Healthcare,Desktop,6861,2612,867.31,1691.0,2685.12
2025-03-11,Meta Ads,Campaign_15,Shopping,EdTech,Desktop,19942,3860,1585.41,1264.0,5241.29
2024-07-03,Meta Ads,Campaign_3,Search,Ecommerce,Tablet,12349,5515,1905.72,2019.0,6814.52
2024-04-28,TikTok Ads,Campaign_86,Video,Ecommerce,Mobile,1795,934,3353.99,559.0,12536.01
2024-07-15,TikTok Ads,Campaign_74,Video,EdTech,Desktop,5983,5619,1585.44,1093.0,6362.61
2024-08-08,Meta Ads,Campaign_105,Video,Ecommerce,Tablet,9755,4684,526.09,3632.0,
2024-06-30,Meta Ads,Campaign_41,Video,Ecommerce,Desktop,14997,6842,423.9,5550.0,1209.74
2024-04-29,Google Ads,Campaign_62,Search,Healthcare,Desktop,9691,9176,4664.73,2364.0,1805.52
2024-08-24,Meta Ads,Campaign_84,Shopping,Ecommerce,Desktop,19514,696,4808.95,222.0,6111.67
2024-07-11,Meta Ads,Campaign_73,Video,Ecommerce,Desktop,18428,1116,4106.27,627.0,6247.9
2024-03-17,Google Ads,Campaign_3,Search,Healthcare,Tablet,10543,3005,3972.21,339.0,10509.96
2024-05-03,Google Ads,Campaign_109,Shopping,Healthcare,Tablet,5970,4561,3225.53,3670.0,10180.94
2024-11-02,TikTok Ads,Campaign_82,Shopping,Ecommerce,Tablet,8614,7906,3652.66,,13623.59
2024-11-18,Google Ads,Campaign_29,Video,Healthcare,Mobile,7507,316,1390.27,105.0,
2025-03-28,Meta Ads,Campaign_30,Shopping,Ecommerce,Tablet,435,279,1653.7,251.0,7047.86
2024-08-19,Meta Ads,Campaign_32,Shopping,Ecommerce,Tablet,4691,1896,3604.99,1017.0,17277.89
2024-03-31,Google Ads,Campaign_54,Shopping,EdTech,Tablet,13309,2661,1533.24,2069.0,5480.13
2024-06-01,Meta Ads,Campaign_66,Video,Healthcare,Tablet,589,198,3170.18,16.0,14506.64
2024-02-20,Google Ads,Campaign_19,Video,Ecommerce,Desktop,18226,16710,2003.05,4278.0,8107.13
2024-08-07,TikTok Ads,Campaign_75,Search,Finance,Desktop,15105,9266,1107.26,153.0,
2024-03-03,Google Ads,Campaign_16,Video,Finance,Desktop,14450,5618,263.37,1495.0,389.48
2025-02-22,Meta Ads,Campaign_39,Search,Finance,Mobile,5043,478,3619.84,113.0,6904.69
2024-01-07,TikTok Ads,Campaign_51,Shopping,EdTech,Desktop,2324,2304,1887.24,569.0,
2024-03-21,Meta Ads,Campaign_111,Video,Finance,Desktop,14878,7523,1773.62,1341.0,
2024-02-09,Google Ads,Campaign_107,Search,EdTech,Mobile,13668,617,3016.57,,6001.13
2024-05-20,Meta Ads,Campaign_57,Video,Finance,Tablet,14860,9974,3880.65,5845.0,1531.83
2024-09-11,Meta Ads,Campaign_86,Video,Finance,Tablet,1634,961,3901.03,93.0,18832.43
2024-11-30,Meta Ads,Campaign_75,Video,EdTech,Mobile,16938,11956,3157.89,2434.0,7612.01
2024-09-15,TikTok Ads,Campaign_33,Video,Finance,Tablet,7170,2022,1596.06,102.0,3929.68
2025-03-16,Meta Ads,Campaign_55,Video,Healthcare,Desktop,4655,2074,3575.16,,7793.3
2024-05-25,Meta Ads,Campaign_16,Search,Healthcare,Tablet,17773,3514,2735.56,262.0,11076.06
2025-03-03,Meta Ads,Campaign_45,Video,EdTech,Tablet,6495,6352,2166.6,5053.0,672.41
2024-01-07,Meta Ads,Campaign_60,Search,Finance,Tablet,7445,4223,2920.19,37.0,11347.17
2024-07-05,TikTok Ads,Campaign_69,Shopping,Finance,Desktop,17425,4715,725.22,1394.0,
2024-01-23,Google Ads,Campaign_16,Shopping,Finance,Desktop,17383,8325,1761.41,8247.0,1676.44
2024-06-14,Google Ads,Campaign_63,Search,Finance,Mobile,6590,2020,87.74,1408.0,271.07
2025-03-17,Google Ads,Campaign_52,Shopping,Ecommerce,Mobile,10749,6707,2466.46,4360.0,2231.89
2025-01-07,Google Ads,Campaign_94,Search,Finance,Mobile,16383,9605,4026.79,4452.0,11385.19
2025-01-22,TikTok Ads,Campaign_14,Video,Finance,Desktop,8412,227,1243.07,33.0,5113.47
2024-03-26,Meta Ads,Campaign_89,Video,Finance,Tablet,16128,15668,4828.44,7445.0,17412.66
2024-09-21,TikTok Ads,Campaign_78,Video,Ecommerce,Tablet,13684,9680,2379.92,4258.0,2798.26
2024-01-20,Meta Ads,Campaign_76,Search,Finance,Tablet,7636,7023,2185.45,1365.0,
2025-01-21,Google Ads,Campaign_92,Video,Healthcare,Mobile,17905,15866,3873.62,7521.0,5653.73
2024-07-07,Meta Ads,Campaign_92,Video,Finance,Desktop,11817,6106,4599.51,5238.0,9124.09
2024-03-11,TikTok Ads,Campaign_42,Search,EdTech,Desktop,224,45,131.69,37.0,183.62
2024-05-26,Google Ads,Campaign_18,Search,EdTech,Desktop,3501,1242,4031.23,106.0,15060.48
2024-07-07,Google Ads,Campaign_95,Video,EdTech,Desktop,12735,6031,1605.9,1743.0,7888.9
2024-07-30,TikTok Ads,Campaign_40,Shopping,EdTech,Mobile,18584,2143,1149.95,1481.0,387.67
2024-10-17,TikTok Ads,Campaign_66,Search,Finance,Mobile,13038,3214,1562.85,1468.0,4077.88
2024-06-30,Google Ads,Campaign_9,Search,Healthcare,Desktop,15808,10638,4339.16,2261.0,9851.55
2024-01-15,Meta Ads,Campaign_97,Video,EdTech,Tablet,15155,6353,23.2,2319.0,
2025-01-25,TikTok Ads,Campaign_78,Video,Healthcare,Tablet,1154,1023,4603.69,16.0,
2024-05-12,Google Ads,Campaign_116,Video,Ecommerce,Desktop,11819,3083,510.82,1543.0,1609.56
2024-03-22,Meta Ads,Campaign_84,Video,EdTech,Tablet,8964,7914,693.7,6284.0,2426.86
2024-06-17,TikTok Ads,Campaign_60,Search,Ecommerce,Mobile,9033,3534,4777.06,1872.0,18854.48
2024-07-26,Google Ads,Campaign_112,Video,EdTech,Mobile,6845,4435,4250.42,743.0,7677.31
2024-12-16,Meta Ads,Campaign_66,Shopping,Ecommerce,Desktop,16592,13444,1676.87,7548.0,5668.7
2024-02-26,Meta Ads,Campaign_5,Video,Healthcare,Tablet,4019,1290,3453.61,148.0,11067.99
2024-03-23,Google Ads,Campaign_97,Search,Healthcare,Tablet,17219,2483,4494.06,1239.0,17547.4
2024-03-19,Meta Ads,Campaign_99,Video,Ecommerce,Mobile,2466,1225,487.99,651.0,2364.17
2024-01-13,Google Ads,Campaign_105,Search,Finance,Mobile,19844,18220,2795.05,9589.0,8964.95
2024-03-12,Google Ads,Campaign_61,Video,Finance,Desktop,6688,2435,4069.77,2063.0,3443.35
2024-12-25,TikTok Ads,Campaign_113,Search,Ecommerce,Desktop,5112,1355,2108.41,1120.0,477.88
2024-09-30,Google Ads,Campaign_106,Video,Finance,Mobile,592,254,1184.01,66.0,3604.64
2024-11-21,Google Ads,Campaign_96,Search,Ecommerce,Mobile,12326,8202,3549.41,,2999.28
2024-10-20,Google Ads,Campaign_91,Shopping,Healthcare,Desktop,10966,1809,870.32,402.0,3579.86
2024-01-07,TikTok Ads,Campaign_85,Shopping,Healthcare,Mobile,15732,3233,392.46,2689.0,682.06
2024-09-16,Meta Ads,Campaign_82,Video,EdTech,Tablet,18047,3301,2863.88,1041.0,1051.68
2024-07-30,Google Ads,Campaign_57,Shopping,Ecommerce,Mobile,6503,1814,3250.89,,
2024-04-01,Google Ads,Campaign_30,Shopping,EdTech,Desktop,14227,895,4052.94,152.0,17773.09
2025-01-01,Meta Ads,Campaign_111,Shopping,Ecommerce,Mobile,1349,938,2368.01,,4156.76
2024-07-30,Meta Ads,Campaign_26,Shopping,Finance,Tablet,13223,5339,1439.44,2444.0,2589.78
2024-09-01,TikTok Ads,Campaign_91,Shopping,Healthcare,Tablet,14512,7127,2577.97,5022.0,5135.98
2025-02-17,Meta Ads,Campaign_78,Shopping,Ecommerce,Mobile,19837,2516,702.62,1964.0,3038.72
2024-11-14,Google Ads,Campaign_103,Search,Healthcare,Desktop,16327,14041,1535.41,,6437.8
2025-02-02,Google Ads,Campaign_14,Search,EdTech,Desktop,10103,2336,2061.67,1580.0,
2024-06-14,Meta Ads,Campaign_110,Shopping,Ecommerce,Mobile,12663,1415,1518.03,181.0,175.25
2024-02-29,Google Ads,Campaign_69,Video,Finance,Tablet,1461,838,633.11,45.0,2337.94
2024-08-24,Google Ads,Campaign_83,Video,Healthcare,Tablet,18422,14516,1855.77,12432.0,106.64
2025-01-27,Google Ads,Campaign_35,Video,EdTech,Mobile,7015,3461,2005.05,1411.0,7101.62
2024-08-11,TikTok Ads,Campaign_1,Search,Finance,Tablet,10640,2870,65.67,2391.0,243.9
2025-02-20,Google Ads,Campaign_16,Video,Finance,Tablet,1017,594,3625.68,308.0,3150.73
2024-09-07,Meta Ads,Campaign_75,Video,EdTech,Tablet,660,291,875.39,213.0,2564.92
2024-07-20,Google Ads,Campaign_33,Video,Finance,Desktop,12289,11909,4787.45,4734.0,4986.07
2025-03-08,Google Ads,Campaign_60,Video,Healthcare,Mobile,4221,3671,3034.73,845.0,
2024-04-22,Google Ads,Campaign_51,Video,Healthcare,Mobile,15325,13480,3310.05,7120.0,4535.11
2024-01-26,Meta Ads,Campaign_96,Shopping,Finance,Tablet,3361,1419,918.31,815.0,
2025-03-13,Meta Ads,Campaign_3,Search,Healthcare,Tablet,56,21,2728.66,14.0,7817.52
2024-03-26,TikTok Ads,Campaign_10,Search,Healthcare,Desktop,7115,2719,4390.95,259.0,4999.42
2024-07-22,TikTok Ads,Campaign_19,Video,Healthcare,Mobile,17645,14357,3190.28,,15924.21
2024-12-23,Meta Ads,Campaign_91,Shopping,Finance,Desktop,7228,1108,224.08,489.0,1067.6
2025-01-17,Google Ads,Campaign_107,Video,Healthcare,Desktop,11464,7699,3907.22,5860.0,15428.25
2024-08-03,TikTok Ads,Campaign_103,Video,Ecommerce,Tablet,12703,2779,3844.57,1418.0,13345.98
2024-09-08,Google Ads,Campaign_94,Shopping,Finance,Desktop,917,156,1925.7,41.0,
2024-03-11,Google Ads,Campaign_109,Shopping,Ecommerce,Desktop,10892,3253,2892.8,2968.0,2438.65
2025-01-03,TikTok Ads,Campaign_19,Search,EdTech,Mobile,13489,7562,274.79,607.0,770.44
2024-06-10,TikTok Ads,Campaign_78,Shopping,Ecommerce,Mobile,5622,3121,669.36,2350.0,1274.0
2024-11-20,TikTok Ads,Campaign_38,Shopping,EdTech,Tablet,4887,2990,4395.16,,8170.62
2024-07-12,Google Ads,Campaign_73,Search,Ecommerce,Tablet,19693,4054,673.78,,2025.38
2024-10-26,Google Ads,Campaign_113,Video,EdTech,Mobile,3827,1403,4806.17,116.0,218.54
2024-04-12,TikTok Ads,Campaign_69,Shopping,EdTech,Mobile,8936,601,237.74,91.0,76.6
2024-08-10,TikTok Ads,Campaign_102,Search,EdTech,Tablet,14370,5368,743.5,4375.0,694.31
2025-03-14,Google Ads,Campaign_93,Search,EdTech,Desktop,2500,1056,3525.41,15.0,12279.12
2025-03-28,Meta Ads,Campaign_41,Video,EdTech,Desktop,19943,19070,4663.99,2332.0,22564.36
2024-07-27,Meta Ads,Campaign_11,Search,EdTech,Desktop,5194,4605,1040.23,1116.0,2734.71
2025-03-29,TikTok Ads,Campaign_14,Search,Finance,Mobile,17490,5305,3371.46,,14075.76
2024-03-05,Meta Ads,Campaign_30,Shopping,Healthcare,Mobile,11114,5691,3505.34,4479.0,11607.01
2024-01-30,TikTok Ads,Campaign_104,Shopping,Healthcare,Mobile,761,359,4022.67,,11515.96
2025-01-30,Google Ads,Campaign_16,Video,Ecommerce,Tablet,11685,9308,4460.13,7108.0,22254.03
2024-01-19,Meta Ads,Campaign_4,Search,EdTech,Mobile,13795,7552,4692.33,3264.0,20380.99
2024-05-03,TikTok Ads,Campaign_67,Shopping,Ecommerce,Tablet,15898,2732,1413.91,1872.0,6606.71
2024-05-20,TikTok Ads,Campaign_73,Search,Ecommerce,Mobile,1940,319,2869.59,,
2024-04-18,Meta Ads,Campaign_20,Search,Finance,Mobile,14743,1368,382.22,178.0,263.32
2024-07-12,TikTok Ads,Campaign_6,Shopping,Finance,Tablet,4182,153,687.75,28.0,3141.67
2024-12-08,Meta Ads,Campaign_23,Search,EdTech,Desktop,11525,6686,2913.01,5224.0,12.49
2024-11-16,TikTok Ads,Campaign_85,Shopping,Ecommerce,Desktop,10492,4499,2475.46,2180.0,5078.48
2024-11-19,Google Ads,Campaign_85,Search,Ecommerce,Mobile,18815,17771,4479.55,11495.0,6927.8
2025-01-31,Google Ads,Campaign_23,Video,Healthcare,Desktop,6440,6199,3147.8,3543.0,11548.27
2024-05-29,Google Ads,Campaign_29,Search,Finance,Tablet,7582,820,65.61,656.0,255.83
2024-10-17,Google Ads,Campaign_113,Shopping,Healthcare,Desktop,8900,717,4818.9,593.0,9102.89
2024-07-05,Meta Ads,Campaign_97,Video,Healthcare,Desktop,10487,2813,4090.56,1237.0,14970.26
2024-05-08,Google Ads,Campaign_67,Shopping,Ecommerce,Tablet,6362,5119,1430.44,4014.0,
2025-01-31,TikTok Ads,Campaign_108,Video,EdTech,Desktop,315,158,2873.55,96.0,11044.91
2024-10-17,Google Ads,Campaign_105,Search,Healthcare,Tablet,547,451,4096.85,,
2024-06-06,Google Ads,Campaign_115,Search,EdTech,Mobile,13264,6132,919.56,1611.0,
2024-12-29,Google Ads,Campaign_21,Shopping,EdTech,Mobile,11573,10566,728.47,2555.0,1397.67
2024-06-06,TikTok Ads,Campaign_97,Shopping,Healthcare,Mobile,7985,4508,1140.84,568.0,3365.55
2025-03-13,Meta Ads,Campaign_33,Video,EdTech,Desktop,1795,395,2963.39,161.0,306.15
2024-12-02,TikTok Ads,Campaign_2,Shopping,EdTech,Desktop,18610,13622,1058.08,12491.0,355.67
2024-02-02,Google Ads,Campaign_95,Search,Ecommerce,Desktop,16149,14268,3829.33,13977.0,7819.85
2024-09-17,Meta Ads,Campaign_118,Shopping,EdTech,Tablet,5951,2835,3213.67,1313.0,6658.45
2025-02-07,Google Ads,Campaign_6,Search,Finance,Tablet,7951,610,1221.83,328.0,5807.63
2024-03-08,Meta Ads,Campaign_17,Search,Ecommerce,Mobile,15425,4901,233.89,1696.0,969.06
2025-01-14,TikTok Ads,Campaign_91,Shopping,Ecommerce,Desktop,13567,10967,4518.66,5982.0,
2025-01-23,Meta Ads,Campaign_68,Shopping,Finance,Tablet,2099,1242,426.25,517.0,1893.24
2024-08-31,Meta Ads,Campaign_89,Search,Healthcare,Tablet,13361,1040,1067.25,522.0,4250.86
2024-02-28,TikTok Ads,Campaign_70,Video,Healthcare,Mobile,15193,10780,1280.54,1381.0,1279.93
2024-09-23,TikTok Ads,Campaign_39,Video,EdTech,Desktop,11576,5439,3721.52,2251.0,18601.92
2025-01-15,Meta Ads,Campaign_45,Search,EdTech,Desktop,9260,4311,1717.95,1623.0,1026.32
2024-11-18,Meta Ads,Campaign_28,Shopping,Ecommerce,Tablet,11618,8352,296.36,5914.0,681.66
2024-05-16,Google Ads,Campaign_64,Search,Ecommerce,Mobile,3084,2045,60.84,760.0,109.21
2025-03-03,Google Ads,Campaign_3,Shopping,Healthcare,Desktop,5578,5197,2893.59,3896.0,1957.51
2024-02-22,Meta Ads,Campaign_118,Video,Healthcare,Mobile,12238,11402,1090.08,2694.0,2912.5
2024-06-24,Meta Ads,Campaign_83,Search,EdTech,Desktop,2226,292,4607.63,58.0,16038.55
2025-03-10,TikTok Ads,Campaign_13,Shopping,Healthcare,Tablet,2401,749,2857.24,743.0,8420.9
2024-01-05,Meta Ads,Campaign_12,Video,Healthcare,Desktop,5118,4163,2220.58,827.0,140.12
2024-05-26,Google Ads,Campaign_85,Video,Healthcare,Mobile,5880,2233,4424.29,1013.0,20006.75
2024-12-01,TikTok Ads,Campaign_57,Search,Ecommerce,Desktop,18161,59,2697.58,33.0,1353.03
2025-01-06,TikTok Ads,Campaign_15,Shopping,EdTech,Mobile,6458,959,917.14,597.0,4198.38
2025-01-16,Meta Ads,Campaign_21,Shopping,EdTech,Tablet,9260,7636,785.81,4187.0,2607.76
2025-03-31,TikTok Ads,Campaign_53,Shopping,Ecommerce,Desktop,500,458,640.77,49.0,1976.95
2025-01-27,Meta Ads,Campaign_7,Shopping,Ecommerce,Desktop,7944,2051,1213.47,1704.0,5116.97
2024-11-10,Meta Ads,Campaign_21,Shopping,Finance,Desktop,12490,1759,2879.55,1370.0,14263.79
2024-09-25,TikTok Ads,Campaign_62,Video,Finance,Tablet,11036,4012,2268.74,2092.0,1677.86
2025-02-16,Google Ads,Campaign_103,Search,EdTech,Mobile,1265,935,4838.31,781.0,4843.73
2024-10-29,Meta Ads,Campaign_50,Shopping,Healthcare,Tablet,5424,190,3357.25,77.0,8395.79
2024-08-26,Meta Ads,Campaign_36,Shopping,Healthcare,Mobile,6121,2773,1162.97,108.0,412.65
2025-02-20,Meta Ads,Campaign_86,Search,EdTech,Tablet,11544,4075,4075.14,490.0,94.71
2024-11-06,Meta Ads,Campaign_97,Video,Healthcare,Mobile,13090,372,4931.65,331.0,7775.37
2024-02-08,TikTok Ads,Campaign_57,Video,EdTech,Desktop,13499,10352,2188.26,5300.0,548.91
2024-05-20,TikTok Ads,Campaign_119,Search,Healthcare,Mobile,4757,2114,2951.08,1554.0,13786.41
2024-07-27,Google Ads,Campaign_46,Video,Ecommerce,Tablet,15151,10330,3787.68,38.0,9602.59
2024-06-19,Meta Ads,Campaign_81,Shopping,Healthcare,Mobile,16597,5723,3152.17,1576.0,10342.8
2024-12-22,TikTok Ads,Campaign_108,Shopping,Healthcare,Mobile,18979,15546,1904.44,3953.0,575.43
2024-07-07,TikTok Ads,Campaign_85,Video,EdTech,Desktop,8390,6958,448.04,5442.0,1751.51
2024-05-30,TikTok Ads,Campaign_81,Shopping,EdTech,Tablet,16141,10605,2490.74,7939.0,112.13
2024-08-15,TikTok Ads,Campaign_119,Video,Finance,Desktop,19553,16766,1278.22,7790.0,4684.48
2024-12-26,TikTok Ads,Campaign_102,Video,EdTech,Desktop,1262,1020,2433.05,687.0,8913.3
2025-02-18,Meta Ads,Campaign_40,Video,Ecommerce,Desktop,6949,2205,1550.13,429.0,5794.12
2025-02-27,TikTok Ads,Campaign_82,Shopping,EdTech,Mobile,2535,618,4566.13,169.0,
2025-02-15,Google Ads,Campaign_13,Shopping,EdTech,Tablet,13887,2293,3884.4,,12113.93
2025-02-22,Meta Ads,Campaign_19,Video,Ecommerce,Mobile,17977,9939,2700.54,7704.0,13471.66
2024-03-26,TikTok Ads,Campaign_64,Shopping,Ecommerce,Mobile,9249,5407,1081.6,5098.0,5224.19
2024-12-21,Google Ads,Campaign_103,Search,EdTech,Tablet,19668,5952,4834.94,5106.0,23949.27
2024-02-02,TikTok Ads,Campaign_109,Shopping,Healthcare,Tablet,3711,1783,3423.61,1586.0,7948.51
2024-03-15,TikTok Ads,Campaign_28,Search,Ecommerce,Mobile,14864,13632,4261.54,9837.0,7158.44
2024-03-04,Google Ads,Campaign_19,Search,EdTech,Mobile,5406,4277,3498.47,1474.0,14188.19
2024-12-31,TikTok Ads,Campaign_75,Video,Ecommerce,Desktop,9805,3017,4630.31,,22729.72
2024-02-21,Google Ads,Campaign_62,Video,EdTech,Desktop,7556,5032,4237.66,1341.0,13056.27
2024-03-21,Google Ads,Campaign_83,Shopping,EdTech,Desktop,14287,11829,2345.63,2422.0,10870.94
2024-06-28,TikTok Ads,Campaign_105,Video,Healthcare,Desktop,2500,197,253.05,2.0,373.16
2024-01-17,Meta Ads,Campaign_5,Search,Ecommerce,Desktop,6172,2088,1209.35,1215.0,2007.38
2024-11-29,Google Ads,Campaign_77,Shopping,Healthcare,Tablet,17246,10554,3922.31,4320.0,11212.65
2024-04-04,TikTok Ads,Campaign_42,Video,Healthcare,Tablet,3143,1524,4113.85,1470.0,6866.87
2024-05-24,Google Ads,Campaign_94,Video,Healthcare,Desktop,11391,8096,2166.89,,8420.84
2024-10-29,Meta Ads,Campaign_56,Shopping,Finance,Tablet,124,1,2560.39,,5470.04
2024-06-30,Google Ads,Campaign_100,Shopping,Finance,Desktop,394,151,2871.4,129.0,12664.21
2024-04-02,Meta Ads,Campaign_9,Search,Finance,Mobile,11612,2504,2219.49,384.0,7516.54
2024-02-23,Google Ads,Campaign_1,Search,Finance,Tablet,18281,2192,3539.33,1091.0,5877.18
2024-07-27,Meta Ads,Campaign_61,Shopping,Ecommerce,Mobile,4494,807,331.88,255.0,595.1
2024-05-22,Google Ads,Campaign_32,Shopping,Finance,Mobile,9811,275,286.94,,
2024-12-26,Meta Ads,Campaign_95,Shopping,Ecommerce,Tablet,10273,8646,2896.82,3308.0,
2025-02-05,Meta Ads,Campaign_114,Shopping,Healthcare,Tablet,16615,7749,1549.87,571.0,4736.12
2024-06-30,Google Ads,Campaign_86,Video,Finance,Desktop,14294,188,3860.75,17.0,4898.3
2024-01-28,Meta Ads,Campaign_35,Shopping,Finance,Tablet,9817,1870,2710.98,165.0,9044.64
2024-06-11,Google Ads,Campaign_79,Shopping,Healthcare,Tablet,19885,12139,4609.33,11218.0,322.21
2024-08-17,Google Ads,Campaign_115,Video,EdTech,Tablet,2089,1509,3274.74,1196.0,12071.45
2024-01-09,Meta Ads,Campaign_38,Shopping,Ecommerce,Tablet,12236,7430,1539.32,647.0,4421.95
2024-07-26,Meta Ads,Campaign_107,Search,EdTech,Tablet,19401,7392,3084.25,689.0,14215.84
2024-11-05,Google Ads,Campaign_28,Video,Healthcare,Tablet,1765,901,4543.9,529.0,2604.52
2024-11-30,Google Ads,Campaign_93,Shopping,Healthcare,Desktop,291,102,801.77,35.0,1852.18
2024-02-28,TikTok Ads,Campaign_104,Shopping,Ecommerce,Desktop,11233,2579,4071.14,1824.0,17321.29
2024-12-25,TikTok Ads,Campaign_44,Shopping,EdTech,Tablet,17125,9764,4593.78,6444.0,22706.06
2025-02-05,TikTok Ads,Campaign_12,Shopping,Finance,Tablet,14114,1944,3220.12,95.0,4465.34
2024-08-26,TikTok Ads,Campaign_37,Video,Healthcare,Mobile,2171,1622,2401.04,12.0,
2024-09-04,Google Ads,Campaign_106,Video,EdTech,Mobile,10916,10774,1296.9,9509.0,5206.19
2025-03-07,TikTok Ads,Campaign_37,Search,Finance,Tablet,4656,4218,3630.91,2665.0,2457.44
2024-05-25,TikTok Ads,Campaign_112,Search,Healthcare,Mobile,2957,2820,46.11,1729.0,96.72
2024-11-19,Meta Ads,Campaign_58,Shopping,EdTech,Tablet,9933,4137,1023.46,3231.0,663.13
2024-02-11,Google Ads,Campaign_101,Shopping,EdTech,Tablet,18855,14284,3708.75,5014.0,4162.97
2024-03-03,Google Ads,Campaign_59,Video,Finance,Desktop,8527,4976,1587.79,3860.0,
2025-02-15,Meta Ads,Campaign_95,Shopping,EdTech,Mobile,753,252,3674.77,51.0,4136.36
2024-08-18,TikTok Ads,Campaign_80,Video,Healthcare,Tablet,12869,219,2577.34,3.0,8480.72
2024-08-24,TikTok Ads,Campaign_46,Shopping,Healthcare,Tablet,3774,346,3222.39,335.0,1737.9
2024-07-01,Google Ads,Campaign_77,Shopping,EdTech,Mobile,17869,13913,529.4,2620.0,2097.72
2024-03-20,Meta Ads,Campaign_54,Search,Healthcare,Tablet,16881,7124,3306.74,1164.0,1788.11
2024-10-21,Google Ads,Campaign_43,Shopping,EdTech,Tablet,9941,6131,1155.87,3617.0,5751.5
2024-08-15,TikTok Ads,Campaign_14,Video,Finance,Mobile,13137,2137,2500.85,756.0,
2024-12-25,TikTok Ads,Campaign_8,Search,Finance,Mobile,12977,5310,751.99,3428.0,1745.03
2024-02-19,Google Ads,Campaign_44,Shopping,Ecommerce,Tablet,12202,9234,254.86,5515.0,1125.47
2024-05-22,Google Ads,Campaign_62,Video,Finance,Tablet,4507,785,1447.35,182.0,1251.74
2024-10-22,TikTok Ads,Campaign_73,Video,EdTech,Mobile,9558,9214,260.56,6383.0,
2025-02-06,Google Ads,Campaign_49,Video,Ecommerce,Desktop,16096,3389,3920.47,202.0,
2025-02-23,Google Ads,Campaign_96,Video,Healthcare,Tablet,803,265,2281.48,246.0,4234.83
2024-08-13,Google Ads,Campaign_15,Search,Finance,Mobile,10346,10297,4993.47,,19421.91
2024-01-31,TikTok Ads,Campaign_99,Search,Finance,Desktop,2503,658,1356.85,525.0,6644.33
2025-02-15,Meta Ads,Campaign_27,Search,Healthcare,Tablet,12195,2338,342.05,110.0,1363.11
2025-01-23,Google Ads,Campaign_56,Video,Healthcare,Mobile,2082,654,2247.66,415.0,5996.63
2024-03-23,Google Ads,Campaign_4,Video,Healthcare,Tablet,4113,2136,4809.86,156.0,3957.62
2024-06-23,Google Ads,Campaign_46,Shopping,Healthcare,Tablet,10736,8633,2818.29,6971.0,6790.54
2025-02-02,Google Ads,Campaign_117,Search,EdTech,Mobile,13616,1367,4241.15,569.0,14040.82
2025-03-06,TikTok Ads,Campaign_9,Search,EdTech,Mobile,7255,2662,2316.22,2653.0,
2025-02-23,Google Ads,Campaign_20,Search,Finance,Desktop,18050,7389,4984.93,3400.0,3626.1
2024-12-01,Meta Ads,Campaign_101,Shopping,Ecommerce,Mobile,6587,2415,1432.73,,5980.75
2024-02-29,Google Ads,Campaign_47,Shopping,EdTech,Tablet,19233,13598,4827.45,2747.0,15342.87
2025-03-30,TikTok Ads,Campaign_85,Search,EdTech,Mobile,14813,13333,4982.78,558.0,20657.4
2025-01-25,Google Ads,Campaign_118,Shopping,EdTech,Desktop,2634,2569,1999.54,800.0,2807.49
2024-10-28,Meta Ads,Campaign_91,Search,Finance,Desktop,9386,2024,2192.34,1357.0,10714.57
2025-03-26,TikTok Ads,Campaign_29,Video,EdTech,Mobile,7131,105,4251.79,42.0,2732.87
2024-07-19,Google Ads,Campaign_40,Video,Finance,Tablet,10060,5433,2473.17,1438.0,
2024-12-30,Meta Ads,Campaign_103,Search,EdTech,Desktop,14309,6020,2881.54,2768.0,12188.33
2025-01-31,Google Ads,Campaign_85,Shopping,Ecommerce,Desktop,5431,4378,152.71,,
2025-03-23,TikTok Ads,Campaign_71,Search,Ecommerce,Desktop,4987,1486,4555.25,,1462.05
2024-04-18,Meta Ads,Campaign_37,Shopping,Healthcare,Tablet,8323,1857,4790.57,119.0,
2024-02-10,Google Ads,Campaign_117,Search,Ecommerce,Desktop,4923,4282,1232.48,1059.0,2371.61
2025-03-19,Meta Ads,Campaign_81,Shopping,Healthcare,Tablet,6221,718,257.58,195.0,905.06
2024-01-12,TikTok Ads,Campaign_57,Video,Healthcare,Tablet,9607,6790,2863.84,361.0,
2024-04-03,TikTok Ads,Campaign_17,Shopping,EdTech,Desktop,13357,4742,2852.85,1852.0,11091.52
2025-03-20,Meta Ads,Campaign_34,Shopping,Finance,Mobile,2721,725,267.33,515.0,491.87
2024-02-22,Meta Ads,Campaign_48,Video,EdTech,Mobile,8,3,4623.22,0.0,20259.15
2024-01-15,TikTok Ads,Campaign_15,Shopping,EdTech,Desktop,17296,15337,4691.65,5699.0,
2024-06-16,Meta Ads,Campaign_36,Shopping,EdTech,Tablet,19616,2822,4424.15,388.0,12854.56
2025-02-24,TikTok Ads,Campaign_108,Shopping,Ecommerce,Mobile,13531,4986,3365.47,3848.0,
2024-08-11,Meta Ads,Campaign_65,Search,Ecommerce,Mobile,1076,1074,1681.63,838.0,5189.72
2024-06-07,Google Ads,Campaign_69,Search,Ecommerce,Desktop,12018,8876,4832.32,8072.0,780.27
2024-04-08,Meta Ads,Campaign_101,Search,Ecommerce,Tablet,8752,1375,3206.9,634.0,16002.76
2024-08-03,Google Ads,Campaign_90,Shopping,Finance,Desktop,8911,7486,4073.49,,8218.01
2024-02-07,Meta Ads,Campaign_24,Search,Finance,Desktop,7068,6557,3262.67,,5411.9
2024-09-19,Google Ads,Campaign_16,Video,Healthcare,Mobile,8503,774,1346.42,449.0,3970.28
2024-11-12,Google Ads,Campaign_77,Shopping,EdTech,Mobile,6780,3331,3426.69,889.0,6194.69
2024-05-07,TikTok Ads,Campaign_62,Shopping,Ecommerce,Desktop,11188,247,1071.54,26.0,4685.73
2025-01-13,TikTok Ads,Campaign_8,Video,Ecommerce,Desktop,12466,882,2858.55,,
2024-03-11,Google Ads,Campaign_4,Search,Healthcare,Desktop,8086,5238,2148.01,905.0,1425.08
2024-02-08,Meta Ads,Campaign_112,Search,Healthcare,Mobile,9484,5605,4759.04,,14656.2
2024-05-25,Google Ads,Campaign_4,Search,Finance,Desktop,13874,9185,3614.23,3459.0,15573.99
2024-12-09,Google Ads,Campaign_51,Video,Finance,Mobile,16787,14867,373.1,794.0,421.35
2024-03-16,Meta Ads,Campaign_72,Shopping,Finance,Mobile,4999,3562,4517.66,1694.0,17022.21
2024-01-07,TikTok Ads,Campaign_75,Shopping,EdTech,Mobile,3447,1754,4175.47,1086.0,3246.77
2024-07-05,TikTok Ads,Campaign_56,Shopping,Ecommerce,Mobile,3015,2615,4481.82,2196.0,15449.1
2025-03-19,Google Ads,Campaign_20,Search,Healthcare,Desktop,19329,5429,2405.9,4439.0,5041.02
2024-10-13,TikTok Ads,Campaign_102,Search,EdTech,Tablet,4661,3842,2252.35,2398.0,10380.47
2024-03-31,Meta Ads,Campaign_14,Search,Healthcare,Mobile,15786,10266,1808.14,5236.0,8865.58
2025-01-04,Meta Ads,Campaign_49,Shopping,Finance,Tablet,6177,246,4757.74,86.0,
2024-11-12,Google Ads,Campaign_29,Shopping,Finance,Mobile,7929,7750,3423.36,5532.0,14772.24
2024-02-03,TikTok Ads,Campaign_70,Video,Healthcare,Desktop,12255,760,2841.36,263.0,
2024-03-06,Google Ads,Campaign_30,Search,Ecommerce,Tablet,12837,5006,16.47,4965.0,
2024-02-09,TikTok Ads,Campaign_36,Search,EdTech,Mobile,2063,111,147.76,,608.32
2024-01-14,TikTok Ads,Campaign_86,Video,EdTech,Desktop,9156,280,3435.44,248.0,10315.9
2024-01-28,TikTok Ads,Campaign_76,Video,Healthcare,Tablet,12228,9656,4146.15,77.0,12656.59
2025-01-04,Google Ads,Campaign_70,Shopping,Finance,Tablet,7116,1491,4122.38,1315.0,4280.57
2024-01-17,Google Ads,Campaign_64,Search,Finance,Tablet,10548,4969,3838.38,2250.0,9567.66
2025-01-03,Google Ads,Campaign_13,Shopping,Healthcare,Mobile,5868,2735,2432.97,2338.0,3054.0
2024-07-14,TikTok Ads,Campaign_97,Video,Healthcare,Desktop,6151,4167,3545.68,2145.0,11270.6
2024-10-03,Google Ads,Campaign_66,Search,Ecommerce,Mobile,3167,1284,1060.22,120.0,3439.35
2024-11-04,Meta Ads,Campaign_39,Shopping,Healthcare,Tablet,10638,5834,1857.71,2249.0,931.82
2024-03-15,Google Ads,Campaign_106,Shopping,Ecommerce,Mobile,8534,717,4251.54,412.0,12521.59
2025-03-11,TikTok Ads,Campaign_39,Shopping,Healthcare,Mobile,16029,14,2763.53,13.0,5894.18
2024-06-13,Meta Ads,Campaign_85,Search,Ecommerce,Desktop,3864,2469,3728.37,2130.0,11606.56
2024-12-10,Google Ads,Campaign_100,Shopping,Ecommerce,Mobile,19088,9386,3134.48,6260.0,
2024-09-04,Google Ads,Campaign_30,Search,EdTech,Mobile,18654,8121,3877.48,7671.0,6956.75
2024-09-19,Meta Ads,Campaign_67,Search,Finance,Tablet,14388,14075,1306.17,12325.0,6087.05
2024-11-18,Meta Ads,Campaign_45,Search,Ecommerce,Tablet,14730,5156,1995.7,3322.0,7959.89
2024-09-09,TikTok Ads,Campaign_27,Shopping,EdTech,Tablet,14225,11184,1785.15,,5204.54
2024-08-31,TikTok Ads,Campaign_10,Shopping,Finance,Mobile,9853,5968,4212.64,4264.0,15084.1
2024-04-16,Meta Ads,Campaign_15,Shopping,EdTech,Mobile,19396,2610,574.76,2473.0,
2025-02-23,TikTok Ads,Campaign_38,Video,Ecommerce,Tablet,18072,6511,1055.07,5.0,
2024-12-15,Google Ads,Campaign_82,Shopping,Finance,Tablet,2815,1000,3654.26,638.0,11032.22
2024-10-07,Google Ads,Campaign_39,Search,Finance,Mobile,11473,7158,76.08,1634.0,37.4
2024-08-03,Meta Ads,Campaign_50,Shopping,Healthcare,Mobile,14132,4002,724.26,629.0,2910.74
2024-09-12,Google Ads,Campaign_77,Video,Healthcare,Mobile,8203,3157,461.29,,198.3
2024-01-02,TikTok Ads,Campaign_93,Shopping,Healthcare,Mobile,4991,4065,3130.55,3779.0,879.61
2024-10-08,Meta Ads,Campaign_44,Video,Finance,Mobile,18084,15229,3771.01,13244.0,13907.7
2024-07-14,Google Ads,Campaign_52,Search,Healthcare,Tablet,4521,1583,4956.48,1393.0,5210.62
2024-09-29,TikTok Ads,Campaign_97,Search,Healthcare,Mobile,2539,2113,3511.87,911.0,
2025-01-24,Google Ads,Campaign_10,Shopping,EdTech,Desktop,19628,6007,2610.42,522.0,8999.28
2024-07-18,TikTok Ads,Campaign_117,Shopping,Ecommerce,Tablet,3620,2439,1811.83,,7772.42
2024-01-26,TikTok Ads,Campaign_79,Video,Healthcare,Mobile,3363,3023,450.04,1817.0,2002.59
2024-05-20,Google Ads,Campaign_51,Shopping,EdTech,Mobile,2184,1357,2123.06,,7259.24
2024-09-25,TikTok Ads,Campaign_32,Shopping,Finance,Mobile,1360,661,861.32,365.0,794.62
2025-01-18,Meta Ads,Campaign_67,Shopping,Ecommerce,Tablet,14480,6085,3785.48,234.0,12520.84
2024-11-15,Google Ads,Campaign_87,Video,Finance,Mobile,14184,14038,951.8,13159.0,
2025-03-18,TikTok Ads,Campaign_40,Shopping,Finance,Desktop,1874,991,134.07,189.0,
2024-01-16,Meta Ads,Campaign_22,Video,Healthcare,Mobile,1409,380,3778.54,296.0,4090.32
2024-10-22,TikTok Ads,Campaign_105,Search,EdTech,Tablet,9644,6453,2532.06,2753.0,3806.34
2024-07-19,Google Ads,Campaign_52,Shopping,Ecommerce,Tablet,9926,6731,3720.4,4442.0,4263.69
2025-02-03,Google Ads,Campaign_65,Search,EdTech,Desktop,7695,3473,4599.47,1198.0,6747.67
2024-04-03,Google Ads,Campaign_77,Shopping,Ecommerce,Desktop,15169,7549,1478.17,6687.0,253.74
2024-01-29,Google Ads,Campaign_87,Video,EdTech,Tablet,6637,352,1664.51,116.0,1670.12
2024-02-26,Google Ads,Campaign_13,Video,Finance,Tablet,2819,1619,2884.73,859.0,8613.99
2024-05-05,Google Ads,Campaign_100,Search,Finance,Desktop,10070,6257,3131.83,1011.0,
2024-09-27,TikTok Ads,Campaign_39,Shopping,Finance,Mobile,13594,3684,3509.37,391.0,10316.53
2025-03-08,TikTok Ads,Campaign_72,Search,Ecommerce,Tablet,17945,15831,1960.63,6805.0,5178.93
2024-11-19,Google Ads,Campaign_69,Shopping,EdTech,Tablet,17374,2120,2439.12,1417.0,6352.26
2024-03-22,Meta Ads,Campaign_119,Shopping,Finance,Mobile,2244,1408,4225.67,1141.0,
2024-07-07,TikTok Ads,Campaign_11,Video,Ecommerce,Tablet,13778,5601,279.44,1388.0,884.46
2024-07-31,TikTok Ads,Campaign_2,Search,Finance,Mobile,6377,1711,1408.65,231.0,2772.97
2024-07-24,Meta Ads,Campaign_18,Shopping,EdTech,Tablet,3498,2860,360.13,,
2024-01-20,Google Ads,Campaign_2,Video,EdTech,Mobile,13953,10677,2722.57,,5656.09
2024-02-16,Meta Ads,Campaign_69,Shopping,EdTech,Desktop,9513,8012,3679.87,7928.0,476.57
2024-04-24,Meta Ads,Campaign_76,Shopping,EdTech,Tablet,7933,6391,4924.77,2993.0,13017.98
2024-06-10,TikTok Ads,Campaign_115,Shopping,Finance,Tablet,12952,4878,2657.08,2898.0,1194.94
2024-05-15,Google Ads,Campaign_67,Video,Finance,Desktop,18394,13937,3075.07,2582.0,
2024-12-04,Google Ads,Campaign_76,Search,EdTech,Mobile,7014,5479,1140.37,4643.0,
2024-02-25,Google Ads,Campaign_68,Shopping,Healthcare,Mobile,12694,9545,1536.89,8894.0,6750.88
2024-03-12,Google Ads,Campaign_115,Shopping,Finance,Mobile,1783,825,3895.69,,4726.86
2024-02-06,Google Ads,Campaign_38,Shopping,Healthcare,Mobile,2936,539,3492.4,91.0,11040.85
2024-04-29,Meta Ads,Campaign_29,Video,Ecommerce,Tablet,14436,5309,2969.15,1535.0,9323.4
2024-09-27,Google Ads,Campaign_43,Shopping,Ecommerce,Tablet,10564,5091,2967.38,518.0,11674.85
2024-08-04,Google Ads,Campaign_21,Video,Healthcare,Mobile,10509,8796,3807.75,176.0,14275.7
2025-01-17,TikTok Ads,Campaign_24,Shopping,Healthcare,Desktop,4755,84,4557.75,10.0,3570.36
2024-11-14,Meta Ads,Campaign_92,Shopping,Ecommerce,Desktop,3050,2495,200.64,2397.0,719.57
2025-03-22,TikTok Ads,Campaign_1,Shopping,Finance,Tablet,145,91,1783.83,59.0,6712.87
2024-09-21,Meta Ads,Campaign_110,Search,Ecommerce,Tablet,9096,5555,1219.82,2617.0,746.6
2024-07-07,TikTok Ads,Campaign_91,Shopping,Ecommerce,Mobile,11678,5178,1789.44,2706.0,3120.7
2024-06-26,Google Ads,Campaign_111,Search,Finance,Desktop,10039,9683,3620.79,2021.0,
2024-08-21,Google Ads,Campaign_101,Shopping,EdTech,Desktop,893,745,1353.49,63.0,6293.48
2024-02-12,TikTok Ads,Campaign_58,Video,Finance,Desktop,11973,3779,4702.45,2005.0,3106.24
2024-02-05,Meta Ads,Campaign_81,Video,EdTech,Desktop,17443,12735,2159.63,2233.0,6281.18
2024-03-14,TikTok Ads,Campaign_110,Shopping,Healthcare,Tablet,2209,555,500.62,299.0,
2024-08-03,Meta Ads,Campaign_92,Shopping,Healthcare,Tablet,10096,6378,3651.53,2036.0,1210.95
2024-04-03,Meta Ads,Campaign_84,Search,Finance,Mobile,5444,5003,1055.46,4188.0,4135.33
2024-10-01,TikTok Ads,Campaign_40,Video,Healthcare,Desktop,17551,16278,1223.9,11733.0,2200.51
2024-09-24,TikTok Ads,Campaign_6,Shopping,Ecommerce,Mobile,18157,9190,2224.02,7412.0,2147.93
2024-02-27,Google Ads,Campaign_66,Shopping,Healthcare,Tablet,2421,1844,4226.93,1804.0,12881.6
2024-12-31,TikTok Ads,Campaign_18,Search,Healthcare,Desktop,2447,1898,3383.29,1553.0,
2024-06-27,Google Ads,Campaign_14,Video,Healthcare,Desktop,14787,7906,4594.96,3022.0,17953.3
2024-12-22,Google Ads,Campaign_112,Video,Finance,Mobile,12280,4673,317.25,337.0,188.02
2024-03-17,Meta Ads,Campaign_49,Shopping,EdTech,Tablet,7856,4035,4641.43,3744.0,19628.51
2024-05-03,Meta Ads,Campaign_76,Search,Healthcare,Desktop,3306,2372,4289.65,150.0,17955.35
2025-01-15,Google Ads,Campaign_9,Video,Healthcare,Desktop,9387,4353,3950.62,2326.0,2593.39
2024-08-24,Meta Ads,Campaign_44,Search,Finance,Mobile,13792,9759,400.96,,1303.06
2024-11-11,Google Ads,Campaign_115,Shopping,EdTech,Tablet,3336,3084,4369.5,2543.0,18747.7
2024-11-01,Meta Ads,Campaign_29,Shopping,Ecommerce,Desktop,12334,5950,4884.31,3421.0,22876.14
2024-06-26,Meta Ads,Campaign_37,Shopping,Healthcare,Mobile,7715,3325,3319.45,507.0,
2024-04-16,TikTok Ads,Campaign_8,Video,Finance,Mobile,2677,2048,2897.16,1744.0,527.86
2024-02-26,Meta Ads,Campaign_74,Search,EdTech,Desktop,19945,7179,1229.63,6657.0,4451.18
2025-03-03,Google Ads,Campaign_59,Search,Healthcare,Mobile,3897,3678,1474.52,1843.0,3254.3
2024-01-02,Meta Ads,Campaign_22,Search,EdTech,Mobile,3724,322,3420.82,139.0,
2024-01-10,Google Ads,Campaign_113,Search,Ecommerce,Tablet,16653,860,1118.63,290.0,4950.3
2024-08-08,TikTok Ads,Campaign_91,Search,Ecommerce,Tablet,4708,3974,2452.63,3398.0,1050.27
2024-12-28,TikTok Ads,Campaign_35,Search,EdTech,Desktop,6831,3,1577.99,1.0,5438.86
2024-04-05,Google Ads,Campaign_65,Search,Ecommerce,Mobile,18559,9573,1785.18,4173.0,7519.99
2024-12-11,Meta Ads,Campaign_109,Search,Ecommerce,Tablet,1693,542,467.99,150.0,480.0
2025-03-16,Google Ads,Campaign_106,Search,Healthcare,Mobile,17314,12746,4222.55,1444.0,2836.91
2024-04-04,Google Ads,Campaign_39,Shopping,EdTech,Desktop,4762,1753,475.55,958.0,1819.94
2024-02-04,Meta Ads,Campaign_37,Video,Ecommerce,Tablet,10482,5229,4065.37,3837.0,15977.78
2024-11-22,TikTok Ads,Campaign_89,Search,Finance,Mobile,3346,104,693.95,27.0,1833.65
2024-01-04,Google Ads,Campaign_26,Search,Ecommerce,Tablet,6713,3739,2969.9,3183.0,12591.64
2024-04-04,TikTok Ads,Campaign_101,Shopping,Ecommerce,Mobile,5161,964,2864.74,582.0,9558.09
2024-09-08,TikTok Ads,Campaign_105,Video,Healthcare,Mobile,2837,576,1661.35,305.0,7020.14
2025-03-28,Meta Ads,Campaign_62,Video,Ecommerce,Mobile,12965,10493,774.38,2988.0,3067.46
2024-07-15,Meta Ads,Campaign_29,Video,EdTech,Tablet,17622,4834,2758.23,,6007.7
2024-04-15,TikTok Ads,Campaign_5,Shopping,Finance,Desktop,12284,1382,3079.38,1174.0,4496.02
2024-04-05,Meta Ads,Campaign_84,Video,Ecommerce,Mobile,19157,1706,4755.33,553.0,11219.6
2024-07-16,TikTok Ads,Campaign_25,Shopping,Finance,Mobile,5425,3797,3553.99,637.0,15601.14
2024-10-13,Meta Ads,Campaign_63,Search,EdTech,Mobile,19094,880,4533.28,434.0,7993.19
2024-02-23,Google Ads,Campaign_56,Shopping,Ecommerce,Tablet,13320,1493,2348.24,631.0,4230.05
2024-05-23,Google Ads,Campaign_72,Search,Ecommerce,Tablet,1547,953,516.1,706.0,298.21
2024-04-14,Google Ads,Campaign_61,Search,EdTech,Tablet,12795,616,287.96,419.0,1086.47
2025-02-02,TikTok Ads,Campaign_16,Search,Healthcare,Desktop,18530,705,264.86,310.0,815.53
2024-07-05,TikTok Ads,Campaign_82,Video,Ecommerce,Mobile,209,24,3013.08,21.0,13414.48
2024-07-30,Meta Ads,Campaign_66,Search,Healthcare,Desktop,19248,2607,2793.27,2218.0,
2025-02-09,TikTok Ads,Campaign_93,Shopping,Finance,Desktop,18807,1890,77.3,1519.0,
2024-02-18,TikTok Ads,Campaign_10,Shopping,Finance,Mobile,8751,3762,2681.65,3551.0,9404.14
2024-06-26,Meta Ads,Campaign_109,Shopping,Healthcare,Mobile,6932,1525,1014.53,328.0,3319.63
2024-11-01,Google Ads,Campaign_42,Shopping,Healthcare,Tablet,7582,2817,1298.38,511.0,265.09
2024-12-17,Google Ads,Campaign_34,Video,Healthcare,Mobile,6712,2023,1678.43,,7980.95
2024-11-06,Google Ads,Campaign_98,Shopping,EdTech,Mobile,15438,9982,2554.88,1106.0,7196.62
2024-01-14,Meta Ads,Campaign_63,Video,Ecommerce,Tablet,14841,2435,3447.89,2340.0,3953.64
2024-01-30,Meta Ads,Campaign_96,Shopping,Ecommerce,Mobile,12857,8287,4421.19,1283.0,18408.89
2024-06-08,Google Ads,Campaign_89,Shopping,Healthcare,Tablet,7534,1835,1110.18,619.0,4609.89
2024-02-12,Google Ads,Campaign_55,Search,Healthcare,Desktop,360,205,1916.18,88.0,1733.18
2024-04-17,Google Ads,Campaign_4,Shopping,EdTech,Desktop,1055,112,4788.52,76.0,2477.56
2025-03-09,TikTok Ads,Campaign_66,Search,Finance,Desktop,11590,1056,3334.61,142.0,15239.14
2024-04-28,Google Ads,Campaign_54,Shopping,Finance,Tablet,7050,6011,4915.97,1968.0,13872.34
2024-07-11,Meta Ads,Campaign_41,Video,Ecommerce,Tablet,13165,2871,915.83,,1323.02
2024-01-26,TikTok Ads,Campaign_95,Search,Finance,Desktop,7051,4353,1668.87,892.0,1250.44
2024-12-04,Google Ads,Campaign_99,Search,Finance,Desktop,3417,2349,3894.49,1321.0,1846.62
2024-04-10,Google Ads,Campaign_61,Shopping,Healthcare,Mobile,16965,795,4499.83,125.0,5825.43
2025-03-08,Meta Ads,Campaign_14,Video,Ecommerce,Desktop,19464,2460,4126.07,1741.0,13805.78
2024-12-22,TikTok Ads,Campaign_68,Shopping,Finance,Desktop,16225,13403,754.82,3052.0,1183.79
2024-01-19,Google Ads,Campaign_117,Shopping,Healthcare,Mobile,18134,7575,4508.25,3171.0,
2024-02-29,Meta Ads,Campaign_99,Search,Ecommerce,Desktop,13412,7547,3817.87,7322.0,3048.74
2024-10-03,TikTok Ads,Campaign_23,Search,Healthcare,Mobile,18791,63,4864.77,56.0,
2024-02-04,Google Ads,Campaign_15,Video,Healthcare,Mobile,5509,2886,1545.13,2728.0,1679.44
2024-06-16,TikTok Ads,Campaign_108,Video,Finance,Mobile,13894,10581,3534.84,4848.0,17431.18
2024-02-08,TikTok Ads,Campaign_119,Video,Ecommerce,Tablet,15942,5862,278.63,4150.0,171.17
2024-09-09,Google Ads,Campaign_68,Video,Healthcare,Mobile,4485,1235,1313.59,666.0,
2024-07-26,Google Ads,Campaign_112,Video,Finance,Mobile,12156,11571,1579.16,5679.0,1049.05
2024-12-24,TikTok Ads,Campaign_24,Search,Ecommerce,Desktop,14983,13384,1184.09,,4719.65
2024-09-08,TikTok Ads,Campaign_99,Search,EdTech,Tablet,18588,12494,2898.65,9972.0,
2024-11-23,Meta Ads,Campaign_90,Shopping,Finance,Mobile,18970,6123,3694.84,4930.0,9435.76
2025-03-11,Meta Ads,Campaign_37,Shopping,Ecommerce,Mobile,18884,5307,2676.2,4712.0,208.58
2024-06-30,TikTok Ads,Campaign_17,Shopping,Finance,Tablet,7604,7139,688.08,2714.0,
2025-01-17,TikTok Ads,Campaign_69,Shopping,Finance,Tablet,19069,14418,1692.79,27.0,1795.87
2024-05-11,TikTok Ads,Campaign_6,Video,EdTech,Desktop,12480,10466,2401.44,4546.0,4828.37
2025-02-27,TikTok Ads,Campaign_59,Shopping,EdTech,Mobile,1979,1041,953.75,462.0,2145.64
2024-11-17,Meta Ads,Campaign_81,Search,Finance,Mobile,12022,7988,3405.55,1967.0,9112.06
2024-08-15,Meta Ads,Campaign_9,Video,Finance,Desktop,5737,2358,2919.72,382.0,2090.07
2024-08-19,Google Ads,Campaign_4,Video,Healthcare,Mobile,15713,9121,4945.37,5823.0,1218.51
2024-07-23,TikTok Ads,Campaign_72,Shopping,Healthcare,Mobile,10872,10290,3183.88,,15635.87
2024-10-01,TikTok Ads,Campaign_18,Search,EdTech,Mobile,8981,1300,4358.73,194.0,15749.19
2024-05-02,TikTok Ads,Campaign_26,Video,Healthcare,Mobile,14420,13473,207.68,3948.0,788.69
2025-02-10,Meta Ads,Campaign_110,Shopping,Healthcare,Desktop,3651,2878,3412.91,653.0,15453.39
2024-12-22,Google Ads,Campaign_90,Shopping,Healthcare,Tablet,13175,2379,4769.17,1012.0,3095.32
2024-03-18,TikTok Ads,Campaign_98,Search,Finance,Tablet,15454,4838,1011.3,2475.0,54.22
2025-02-15,Meta Ads,Campaign_68,Video,Healthcare,Desktop,3528,1832,4745.02,370.0,4291.25
2024-11-24,Google Ads,Campaign_70,Video,Healthcare,Mobile,12116,2424,782.63,2279.0,675.42
2024-05-04,TikTok Ads,Campaign_19,Search,Healthcare,Desktop,16906,4577,2524.78,121.0,
2024-08-12,Google Ads,Campaign_101,Video,Finance,Desktop,19691,3642,3168.94,2817.0,10329.68
2024-11-29,Google Ads,Campaign_83,Search,Ecommerce,Desktop,12794,11850,49.3,3402.0,
2024-05-20,TikTok Ads,Campaign_73,Search,Healthcare,Tablet,1768,375,64.18,11.0,108.2
2024-04-21,Meta Ads,Campaign_80,Search,Healthcare,Tablet,7885,7623,3573.95,3573.0,5776.01
2024-07-24,TikTok Ads,Campaign_74,Shopping,Finance,Desktop,16394,15547,220.04,4604.0,48.93
2024-08-16,Google Ads,Campaign_23,Shopping,Ecommerce,Tablet,8487,297,4802.07,72.0,23301.73
2024-02-06,Google Ads,Campaign_95,Video,Ecommerce,Mobile,12127,5190,942.07,662.0,4285.24
2024-01-30,Google Ads,Campaign_97,Video,Healthcare,Desktop,16401,2533,955.18,2414.0,2637.18
2024-07-31,Google Ads,Campaign_104,Shopping,Healthcare,Tablet,6422,4527,4435.3,2715.0,5494.71
2024-04-07,Meta Ads,Campaign_84,Shopping,Finance,Desktop,18991,15993,4857.22,4697.0,
2024-02-10,Google Ads,Campaign_3,Shopping,Finance,Mobile,915,296,3867.59,81.0,5694.19
2024-09-06,TikTok Ads,Campaign_70,Shopping,Finance,Tablet,10569,8882,3235.35,3204.0,2523.8
2024-08-29,Google Ads,Campaign_10,Video,Ecommerce,Mobile,213,130,21.85,125.0,23.72
2024-03-27,TikTok Ads,Campaign_94,Search,Healthcare,Desktop,13890,2054,111.83,,171.63
2024-12-30,Meta Ads,Campaign_37,Shopping,EdTech,Mobile,8096,6714,4863.1,2268.0,17829.97
2024-12-26,Google Ads,Campaign_54,Search,EdTech,Tablet,4288,877,3633.75,389.0,2537.03
2024-08-20,TikTok Ads,Campaign_79,Video,EdTech,Mobile,767,368,3892.78,185.0,4107.33
2024-10-30,Meta Ads,Campaign_16,Shopping,Ecommerce,Desktop,4161,3983,2927.24,,6089.84
2024-11-30,Meta Ads,Campaign_25,Video,Ecommerce,Desktop,1356,452,4812.76,157.0,8842.48
2024-07-13,Google Ads,Campaign_67,Search,Ecommerce,Desktop,7282,6951,624.21,3802.0,1128.42
2024-07-19,Google Ads,Campaign_43,Video,Healthcare,Desktop,166,60,2488.1,54.0,3073.61
2024-08-06,Meta Ads,Campaign_90,Video,Healthcare,Mobile,9411,3132,4824.32,359.0,12223.81
2024-11-20,Meta Ads,Campaign_21,Search,EdTech,Desktop,3763,1743,436.74,784.0,1953.58
2024-06-16,TikTok Ads,Campaign_117,Video,Finance,Mobile,7371,3985,1612.53,1269.0,1877.43
2025-01-16,Meta Ads,Campaign_97,Shopping,Healthcare,Mobile,18788,10014,4133.42,1271.0,
2025-03-11,Google Ads,Campaign_57,Video,Ecommerce,Tablet,16257,15778,297.01,6266.0,253.8
2024-09-20,Meta Ads,Campaign_11,Video,Healthcare,Tablet,4438,4427,157.8,3527.0,156.64
2024-03-25,TikTok Ads,Campaign_24,Search,Ecommerce,Mobile,15577,10990,3991.76,2930.0,10181.08
2024-06-04,Google Ads,Campaign_24,Shopping,Healthcare,Mobile,7553,5604,4087.25,850.0,9988.88
2024-04-26,Meta Ads,Campaign_114,Shopping,Finance,Mobile,12584,8514,3897.96,5973.0,7242.05
2024-08-08,Google Ads,Campaign_48,Shopping,Finance,Tablet,4835,996,3549.0,486.0,5329.02
2024-12-03,TikTok Ads,Campaign_17,Shopping,EdTech,Tablet,2694,208,1500.84,126.0,771.4
2024-04-13,TikTok Ads,Campaign_38,Shopping,Healthcare,Desktop,19572,16955,357.26,,1697.32
2025-02-09,Google Ads,Campaign_50,Video,EdTech,Desktop,260,238,4076.81,167.0,1998.27
2024-12-22,Meta Ads,Campaign_4,Video,Finance,Desktop,10047,1655,4782.1,485.0,17396.86
2024-09-05,Google Ads,Campaign_77,Shopping,Healthcare,Tablet,4161,2427,3500.93,1336.0,1536.23
2024-06-28,Google Ads,Campaign_97,Video,Ecommerce,Mobile,7601,5051,477.7,3517.0,2022.5
2024-10-01,Meta Ads,Campaign_49,Search,Finance,Mobile,19470,13417,2953.84,8921.0,8624.01
2024-08-10,Google Ads,Campaign_102,Search,Finance,Mobile,2033,931,4850.77,141.0,5754.43
2025-01-02,Google Ads,Campaign_4,Video,EdTech,Tablet,5586,3917,2211.35,803.0,6888.09
2024-11-09,Google Ads,Campaign_89,Video,EdTech,Desktop,19677,18319,4843.69,615.0,3847.15
2024-04-23,TikTok Ads,Campaign_15,Shopping,Healthcare,Mobile,9776,1903,1064.83,875.0,2540.9
2024-12-09,Meta Ads,Campaign_30,Video,Ecommerce,Mobile,10174,7203,3877.82,2428.0,
2024-06-20,Google Ads,Campaign_15,Shopping,Finance,Mobile,14615,5472,1484.85,4716.0,5498.36
2024-10-22,TikTok Ads,Campaign_11,Video,Ecommerce,Mobile,2819,663,92.01,130.0,
2024-02-16,Google Ads,Campaign_110,Search,Ecommerce,Desktop,5311,636,2327.6,427.0,9061.11
2025-02-27,Google Ads,Campaign_77,Search,Ecommerce,Tablet,7022,6230,2248.67,514.0,6125.1
2024-01-19,Google Ads,Campaign_99,Search,Finance,Mobile,2468,2428,1173.2,2052.0,5721.58
2024-09-06,Meta Ads,Campaign_79,Search,Finance,Desktop,15498,13583,2850.47,9411.0,9846.61
2024-08-28,Google Ads,Campaign_54,Search,EdTech,Mobile,8462,2560,3181.54,1043.0,4680.74
2024-06-29,TikTok Ads,Campaign_87,Shopping,Finance,Mobile,2520,2385,4197.61,318.0,1327.58
2024-12-29,TikTok Ads,Campaign_68,Video,Healthcare,Desktop,7352,3136,2520.31,548.0,8714.71
2024-07-07,Google Ads,Campaign_117,Search,Finance,Mobile,9344,7805,2244.66,6656.0,
2024-10-07,Google Ads,Campaign_94,Shopping,EdTech,Desktop,15640,7574,4982.77,,18172.66
2024-05-06,Google Ads,Campaign_22,Video,Finance,Desktop,18069,15710,3834.15,13373.0,9010.06
2025-01-17,Google Ads,Campaign_34,Video,Healthcare,Tablet,15328,2962,2326.7,2468.0,1873.97
2024-11-03,TikTok Ads,Campaign_92,Video,Finance,Desktop,4688,4073,1857.01,3787.0,6005.41
2024-12-04,TikTok Ads,Campaign_55,Search,Healthcare,Mobile,3032,2813,3926.37,2493.0,9249.11
2024-07-29,TikTok Ads,Campaign_35,Video,Healthcare,Tablet,7859,99,1541.91,19.0,7706.9
2024-01-24,Google Ads,Campaign_93,Shopping,Ecommerce,Tablet,18003,10088,4141.63,9167.0,6121.63
2024-03-21,Meta Ads,Campaign_44,Shopping,EdTech,Desktop,7348,575,145.95,3.0,221.36
2024-02-25,Meta Ads,Campaign_50,Video,Ecommerce,Mobile,4541,3860,3021.87,1514.0,2015.9
2024-06-03,Meta Ads,Campaign_53,Search,Ecommerce,Desktop,2816,2315,2342.18,407.0,
2025-02-14,TikTok Ads,Campaign_91,Search,Healthcare,Mobile,3726,678,3881.39,259.0,
2025-02-26,Google Ads,Campaign_24,Shopping,Ecommerce,Mobile,6344,5930,902.54,898.0,266.88
2024-09-11,TikTok Ads,Campaign_75,Video,EdTech,Desktop,8395,2491,4213.61,726.0,9720.92
2024-06-08,Google Ads,Campaign_11,Search,Healthcare,Desktop,9611,355,1267.69,240.0,347.09
2024-06-23,TikTok Ads,Campaign_32,Search,Ecommerce,Tablet,6704,3624,4223.03,3091.0,19915.56
2025-02-02,TikTok Ads,Campaign_61,Shopping,EdTech,Tablet,6674,4201,2415.51,,8652.19
2024-01-13,Meta Ads,Campaign_116,Search,EdTech,Desktop,19918,14844,3733.75,2052.0,2019.71
2024-12-09,Google Ads,Campaign_77,Shopping,Finance,Mobile,2127,1891,2751.92,,9145.45
2024-08-05,Meta Ads,Campaign_36,Shopping,Finance,Tablet,12133,8591,3408.14,,16793.3
2024-04-30,Google Ads,Campaign_59,Shopping,Ecommerce,Desktop,3782,1510,2272.98,,10422.2
2024-11-18,TikTok Ads,Campaign_103,Video,EdTech,Tablet,7570,5103,4434.94,617.0,5456.72
2024-08-03,TikTok Ads,Campaign_81,Shopping,EdTech,Desktop,14349,1003,4603.07,704.0,9023.58
2025-03-13,Meta Ads,Campaign_117,Shopping,Finance,Tablet,14239,4498,1207.8,2398.0,1094.98
2024-11-11,TikTok Ads,Campaign_51,Search,EdTech,Tablet,12093,8734,3914.51,3516.0,18454.51
2024-07-26,Meta Ads,Campaign_1,Shopping,EdTech,Mobile,7798,7736,187.43,7298.0,529.9
2024-09-15,Meta Ads,Campaign_20,Search,Ecommerce,Mobile,9350,8184,3503.99,7673.0,4891.7
2025-03-17,TikTok Ads,Campaign_61,Shopping,EdTech,Mobile,11819,6499,2370.16,5657.0,11794.87
2025-02-27,TikTok Ads,Campaign_66,Search,Ecommerce,Desktop,5039,636,2145.76,530.0,1542.17
2024-03-29,Meta Ads,Campaign_84,Video,Ecommerce,Mobile,10011,3432,4579.78,762.0,4811.46
2025-01-20,Meta Ads,Campaign_27,Search,EdTech,Tablet,11820,10693,1832.63,7637.0,
2024-09-29,TikTok Ads,Campaign_114,Search,Healthcare,Tablet,14387,7418,1519.62,6063.0,1508.53
2024-11-25,Google Ads,Campaign_108,Search,Ecommerce,Tablet,13332,12877,1689.46,3918.0,5211.47
2024-02-17,Google Ads,Campaign_86,Search,Finance,Tablet,10186,10124,2368.32,5056.0,11827.14
2024-03-26,Google Ads,Campaign_16,Shopping,EdTech,Tablet,227,9,4287.44,8.0,5039.05
2024-07-23,Meta Ads,Campaign_96,Search,Healthcare,Desktop,11818,7574,315.13,1181.0,1029.11
2024-11-23,Meta Ads,Campaign_70,Search,Ecommerce,Mobile,14943,13617,674.05,11920.0,1972.15
2024-05-30,Meta Ads,Campaign_118,Video,Ecommerce,Desktop,11110,1160,4811.31,648.0,9571.09
2024-04-20,TikTok Ads,Campaign_40,Search,Healthcare,Desktop,15205,7234,1050.37,5169.0,3363.32
2024-12-03,Google Ads,Campaign_119,Search,Ecommerce,Mobile,14490,1674,1745.78,,5250.37
2025-01-09,Meta Ads,Campaign_34,Shopping,Ecommerce,Mobile,2707,1412,230.17,226.0,73.46
2024-05-15,Meta Ads,Campaign_93,Shopping,Ecommerce,Desktop,18251,16410,2046.14,15826.0,5481.57
2025-01-18,Google Ads,Campaign_26,Shopping,Finance,Mobile,13536,2700,2425.14,1498.0,11276.69
2025-03-09,Google Ads,Campaign_108,Search,Healthcare,Mobile,17305,3092,2036.72,744.0,9392.57
2024-06-06,TikTok Ads,Campaign_99,Search,Healthcare,Mobile,15241,3625,579.67,3240.0,1811.62
2024-05-07,Meta Ads,Campaign_63,Search,Healthcare,Mobile,12311,3813,322.61,537.0,449.37
2024-03-20,TikTok Ads,Campaign_98,Shopping,Finance,Mobile,51,50,4720.75,22.0,
2024-11-12,Meta Ads,Campaign_44,Video,Healthcare,Mobile,716,115,1836.55,16.0,7511.74
2024-01-21,TikTok Ads,Campaign_100,Search,Ecommerce,Mobile,12631,5550,223.76,2606.0,851.14
2024-12-31,Google Ads,Campaign_94,Search,Healthcare,Tablet,16851,5583,1382.82,4972.0,4902.7
2024-06-21,Google Ads,Campaign_101,Shopping,Healthcare,Desktop,813,268,2118.86,95.0,10589.19
2024-09-25,TikTok Ads,Campaign_30,Video,Ecommerce,Tablet,17980,6614,2671.35,6607.0,13119.29
2024-12-30,Meta Ads,Campaign_45,Video,Ecommerce,Mobile,16200,9272,3312.44,7887.0,15289.1
2025-02-22,Meta Ads,Campaign_99,Search,Finance,Desktop,1192,813,3404.09,,9528.67
2025-03-07,TikTok Ads,Campaign_83,Shopping,EdTech,Desktop,16767,8989,1274.63,4467.0,4381.81
2024-07-21,TikTok Ads,Campaign_39,Shopping,Finance,Mobile,7791,3991,2444.03,3021.0,4660.61
2025-02-07,Meta Ads,Campaign_117,Search,Finance,Mobile,5807,2670,3111.61,,
2024-02-05,Meta Ads,Campaign_37,Search,EdTech,Tablet,9190,721,1417.73,190.0,4499.57
2024-01-13,Meta Ads,Campaign_117,Video,Healthcare,Mobile,4812,458,1645.05,186.0,7494.3
2025-01-11,TikTok Ads,Campaign_86,Search,EdTech,Desktop,2673,1049,1972.61,679.0,6471.89
2024-06-25,Meta Ads,Campaign_40,Shopping,Finance,Desktop,19650,2745,4587.33,84.0,20843.84
2024-09-29,Meta Ads,Campaign_87,Search,Finance,Tablet,18513,12308,2626.36,6834.0,12601.8
2024-06-24,Google Ads,Campaign_18,Shopping,Finance,Tablet,17994,7830,2718.89,1960.0,
2024-08-11,TikTok Ads,Campaign_57,Shopping,Finance,Tablet,6295,188,4377.74,163.0,10026.53
2025-03-22,Google Ads,Campaign_47,Search,Finance,Tablet,15930,15172,1214.22,6741.0,66.22
2024-03-10,TikTok Ads,Campaign_80,Search,Healthcare,Tablet,17602,8018,46.27,1760.0,144.45
2025-03-25,Google Ads,Campaign_63,Shopping,Ecommerce,Mobile,17154,388,1119.05,340.0,3790.37
2024-06-05,TikTok Ads,Campaign_25,Shopping,Healthcare,Tablet,12401,12009,4753.12,8965.0,
2024-10-12,Google Ads,Campaign_9,Search,Finance,Desktop,18079,13978,3219.97,,
2025-03-03,TikTok Ads,Campaign_40,Search,Ecommerce,Desktop,12821,3486,1589.15,1122.0,2657.7
2024-12-26,TikTok Ads,Campaign_88,Video,EdTech,Mobile,6291,2896,3513.0,731.0,5463.62
2024-02-15,TikTok Ads,Campaign_4,Video,EdTech,Tablet,6500,2511,2099.78,98.0,8946.06
2025-01-06,Meta Ads,Campaign_5,Video,Ecommerce,Mobile,1063,638,2900.59,,11792.43
2024-03-30,Google Ads,Campaign_87,Search,EdTech,Mobile,16334,6402,2930.24,4141.0,14067.72
2024-02-07,TikTok Ads,Campaign_72,Video,EdTech,Mobile,12099,11891,936.23,450.0,1844.81
2024-02-07,Google Ads,Campaign_110,Video,Healthcare,Tablet,11737,9659,3981.51,5915.0,13438.63
2024-06-20,Meta Ads,Campaign_7,Shopping,Ecommerce,Tablet,15718,3588,1968.47,2987.0,
2024-03-30,Meta Ads,Campaign_74,Video,Ecommerce,Mobile,10559,9252,1076.43,,3971.49
2024-08-07,TikTok Ads,Campaign_39,Video,EdTech,Mobile,11826,8479,1475.04,87.0,1700.72
2024-12-18,Google Ads,Campaign_84,Video,EdTech,Desktop,1836,511,1050.53,86.0,1000.95
2024-04-20,Meta Ads,Campaign_71,Shopping,Finance,Mobile,6737,2540,3502.38,494.0,190.8
2024-08-02,TikTok Ads,Campaign_114,Search,Finance,Mobile,19852,11772,3986.5,10152.0,2399.82
2024-12-22,Meta Ads,Campaign_36,Video,Ecommerce,Tablet,14053,9049,3151.19,5122.0,7194.62
2024-09-08,TikTok Ads,Campaign_87,Shopping,Ecommerce,Mobile,11156,1605,1448.23,1107.0,4368.71
2024-09-28,Google Ads,Campaign_34,Search,Ecommerce,Tablet,10043,2108,3493.68,578.0,9043.11
2024-05-20,TikTok Ads,Campaign_35,Shopping,Healthcare,Mobile,15906,4989,3418.85,3829.0,9426.91
2024-09-17,TikTok Ads,Campaign_113,Shopping,Healthcare,Mobile,9431,602,2899.17,25.0,4029.81
2024-05-08,TikTok Ads,Campaign_49,Video,EdTech,Desktop,13881,12119,3555.56,4120.0,9.07
2024-07-09,TikTok Ads,Campaign_72,Search,Ecommerce,Mobile,6959,1755,4702.8,707.0,2233.89
2024-01-11,TikTok Ads,Campaign_58,Video,EdTech,Tablet,14048,10214,3252.5,2186.0,12966.56
2025-02-10,TikTok Ads,Campaign_47,Search,Ecommerce,Desktop,17548,17001,3462.72,13052.0,9034.46
2025-01-20,Google Ads,Campaign_31,Search,Finance,Mobile,16606,1609,4273.42,625.0,1694.46
2025-02-19,Meta Ads,Campaign_18,Video,Healthcare,Desktop,17615,12260,3709.41,9939.0,15763.35
2024-06-14,TikTok Ads,Campaign_83,Search,Ecommerce,Desktop,4418,1204,3903.94,,11007.97
2025-02-27,TikTok Ads,Campaign_110,Video,Ecommerce,Desktop,17754,1087,3769.19,212.0,8191.05
2024-12-08,Meta Ads,Campaign_80,Shopping,EdTech,Tablet,8505,5632,4385.06,1706.0,19632.68
2025-03-18,Meta Ads,Campaign_82,Shopping,Healthcare,Mobile,17373,14911,3678.44,3680.0,14140.94
2025-02-02,Google Ads,Campaign_79,Video,Healthcare,Desktop,12863,11957,4530.8,1615.0,1240.62
2024-07-01,Meta Ads,Campaign_32,Video,Finance,Desktop,3216,1379,4899.7,982.0,
2024-10-04,TikTok Ads,Campaign_68,Search,Ecommerce,Desktop,8292,3448,3577.3,3244.0,12967.36
2025-01-20,Google Ads,Campaign_108,Video,EdTech,Desktop,11815,5479,4346.0,502.0,2150.03
2024-09-17,TikTok Ads,Campaign_63,Shopping,EdTech,Desktop,15678,260,1645.58,123.0,7540.58
2024-07-28,Google Ads,Campaign_56,Search,Finance,Mobile,4007,2704,1666.06,,628.52
2024-08-03,Meta Ads,Campaign_37,Shopping,Healthcare,Desktop,11965,4287,1387.59,1002.0,6672.86
2024-01-10,Meta Ads,Campaign_62,Shopping,Finance,Desktop,16537,9653,4659.61,6414.0,5688.44
2025-03-09,Google Ads,Campaign_113,Video,EdTech,Tablet,15591,5967,1621.12,3655.0,1645.21
2024-08-29,Google Ads,Campaign_60,Search,Ecommerce,Tablet,10882,4656,3962.66,2580.0,195.91
2024-06-29,TikTok Ads,Campaign_27,Shopping,EdTech,Mobile,8038,7740,1453.31,7664.0,5788.11
2024-10-10,Meta Ads,Campaign_5,Search,Healthcare,Tablet,19148,2724,717.38,2535.0,3252.56
2024-08-04,Google Ads,Campaign_110,Shopping,Healthcare,Mobile,12664,4320,495.92,,1315.66
2025-03-07,Google Ads,Campaign_18,Video,Ecommerce,Tablet,4309,2388,976.37,118.0,1004.25
2024-05-27,Meta Ads,Campaign_22,Video,Healthcare,Mobile,15438,3978,341.81,2471.0,581.6
2024-12-08,TikTok Ads,Campaign_47,Video,Finance,Mobile,16576,2770,1172.01,1097.0,
2024-12-20,TikTok Ads,Campaign_21,Search,Finance,Mobile,17034,10510,4942.44,2425.0,8922.99
2024-05-04,TikTok Ads,Campaign_110,Search,Finance,Desktop,11207,5099,2078.14,3371.0,118.72
2024-02-12,Google Ads,Campaign_114,Video,EdTech,Mobile,3877,3522,4984.17,1555.0,15264.03
2024-02-01,TikTok Ads,Campaign_79,Video,Finance,Desktop,8775,4941,1478.62,1996.0,1777.11
2024-02-26,Meta Ads,Campaign_52,Shopping,Ecommerce,Desktop,17956,13266,4628.05,6240.0,5459.32
2024-08-09,Google Ads,Campaign_38,Video,Finance,Mobile,8513,4379,3422.94,3113.0,16697.76
2024-09-05,Meta Ads,Campaign_61,Video,Finance,Desktop,16221,7081,2680.71,2371.0,3639.2
2024-08-11,TikTok Ads,Campaign_109,Video,Healthcare,Mobile,3047,1204,3089.54,,2030.54
2024-10-08,Google Ads,Campaign_47,Search,Ecommerce,Mobile,6127,4897,4250.96,552.0,7196.09
2024-08-30,Google Ads,Campaign_93,Shopping,Finance,Mobile,19142,12031,1074.4,3755.0,333.49
2024-05-28,Google Ads,Campaign_76,Search,Finance,Tablet,11727,6125,4072.68,5799.0,3889.04
2025-03-31,TikTok Ads,Campaign_4,Video,Ecommerce,Tablet,19134,15739,1992.2,10885.0,4365.65
2024-07-07,Google Ads,Campaign_13,Search,Finance,Mobile,13106,3534,1261.86,2914.0,
2024-08-27,Meta Ads,Campaign_117,Video,Ecommerce,Desktop,15794,14340,1754.25,10223.0,
2024-10-20,Google Ads,Campaign_76,Video,Healthcare,Desktop,9512,3887,2097.08,1330.0,9977.3
2024-06-21,Meta Ads,Campaign_79,Shopping,Ecommerce,Tablet,860,844,1447.75,268.0,4355.57
2024-08-05,Google Ads,Campaign_105,Search,Healthcare,Tablet,11598,8325,2986.0,2061.0,5453.53
2025-03-19,Google Ads,Campaign_117,Search,EdTech,Tablet,259,217,3858.26,51.0,1579.81
2024-12-23,Google Ads,Campaign_69,Search,EdTech,Tablet,1255,250,3523.2,84.0,9509.88
2024-01-10,TikTok Ads,Campaign_31,Video,Healthcare,Tablet,10304,8119,2927.79,6365.0,2051.74
2024-01-30,TikTok Ads,Campaign_91,Shopping,Finance,Desktop,8634,6408,145.99,3943.0,637.1
2024-09-04,Meta Ads,Campaign_44,Search,EdTech,Tablet,645,372,2497.31,23.0,6308.1
2024-01-02,Meta Ads,Campaign_12,Video,Ecommerce,Mobile,2556,1599,3163.43,75.0,10242.18
2025-02-11,Meta Ads,Campaign_91,Search,Finance,Desktop,11087,8187,1122.61,7645.0,524.91
2024-03-17,TikTok Ads,Campaign_12,Search,Healthcare,Mobile,8154,5680,1978.75,3310.0,8195.68
2024-03-17,Meta Ads,Campaign_3,Search,Healthcare,Desktop,16069,4502,379.94,,1232.3
2024-11-03,TikTok Ads,Campaign_37,Shopping,Healthcare,Tablet,18929,4984,1751.61,353.0,
2024-07-30,Google Ads,Campaign_75,Video,Finance,Tablet,16846,12068,2747.37,,11549.2
2024-06-25,TikTok Ads,Campaign_56,Video,EdTech,Mobile,11881,3222,596.95,435.0,1795.23
2025-02-14,Google Ads,Campaign_5,Search,Finance,Desktop,1494,1332,1800.55,245.0,8478.37
2024-08-05,TikTok Ads,Campaign_46,Search,EdTech,Tablet,6579,805,4643.86,427.0,12167.02
2024-09-19,Google Ads,Campaign_64,Video,Healthcare,Mobile,17905,1351,1523.13,650.0,5016.04
2024-04-30,TikTok Ads,Campaign_18,Video,Ecommerce,Mobile,13962,436,3090.36,84.0,321.97
2024-06-01,Meta Ads,Campaign_41,Video,EdTech,Desktop,1830,199,1995.26,161.0,3517.63
2025-02-12,Meta Ads,Campaign_17,Video,Healthcare,Mobile,15042,14900,711.49,12434.0,
2024-01-08,Meta Ads,Campaign_87,Video,Healthcare,Mobile,8237,3314,1289.02,310.0,2056.16
2024-12-04,Google Ads,Campaign_80,Search,Ecommerce,Tablet,16949,7651,2110.61,2320.0,993.54
2025-02-02,Google Ads,Campaign_52,Video,Healthcare,Tablet,8217,2648,933.11,544.0,1726.54
2024-12-13,TikTok Ads,Campaign_9,Video,EdTech,Mobile,19986,6878,3308.42,792.0,8336.92
2024-10-21,TikTok Ads,Campaign_93,Video,Finance,Mobile,6327,3353,4838.32,2942.0,
2024-10-24,Meta Ads,Campaign_51,Shopping,EdTech,Tablet,10058,3508,745.46,300.0,495.43
2024-01-10,Google Ads,Campaign_113,Shopping,EdTech,Mobile,17623,10560,4365.92,459.0,1271.43
2025-01-09,Meta Ads,Campaign_3,Shopping,Healthcare,Tablet,9382,7736,1247.4,2697.0,6024.22
2024-03-21,Google Ads,Campaign_72,Shopping,Finance,Tablet,2397,2221,2092.83,,2683.31
2025-03-02,Meta Ads,Campaign_60,Shopping,EdTech,Tablet,9970,6510,1266.12,825.0,591.87
2024-06-11,Meta Ads,Campaign_39,Shopping,Ecommerce,Mobile,11057,1361,4390.29,786.0,6690.56
2025-01-27,Google Ads,Campaign_103,Video,Ecommerce,Desktop,14659,6469,333.88,1610.0,
2025-03-24,Meta Ads,Campaign_34,Search,Ecommerce,Desktop,19476,10213,3300.59,9344.0,6901.58
2024-03-22,TikTok Ads,Campaign_93,Shopping,Healthcare,Tablet,1891,1176,548.56,490.0,1082.87
2024-09-09,Meta Ads,Campaign_55,Video,Finance,Tablet,11355,6667,799.65,6136.0,932.41
2024-02-05,TikTok Ads,Campaign_70,Search,Ecommerce,Mobile,12188,7713,477.02,380.0,27.13
2024-01-19,TikTok Ads,Campaign_107,Video,Finance,Desktop,19510,18060,4043.02,,4788.16
2024-08-28,Meta Ads,Campaign_91,Video,Finance,Tablet,17925,16850,2417.3,2944.0,6191.76
2025-03-26,Meta Ads,Campaign_12,Search,Finance,Desktop,1338,1150,3245.18,467.0,10494.45
2024-12-15,Google Ads,Campaign_43,Shopping,Ecommerce,Desktop,3088,2185,3636.08,1531.0,14258.22
2024-06-22,Meta Ads,Campaign_63,Shopping,Ecommerce,Tablet,473,103,2553.91,33.0,10469.76
2024-06-08,Meta Ads,Campaign_27,Shopping,EdTech,Tablet,2316,1274,3719.52,,
2025-03-30,TikTok Ads,Campaign_3,Shopping,Ecommerce,Tablet,15820,9704,359.91,5178.0,1422.77
2024-03-27,TikTok Ads,Campaign_76,Video,Ecommerce,Mobile,8921,5516,3792.72,2929.0,
2024-03-28,TikTok Ads,Campaign_75,Shopping,Finance,Mobile,7223,5229,4854.46,3120.0,23656.34
2024-07-29,TikTok Ads,Campaign_59,Video,Healthcare,Mobile,12022,10070,507.28,1944.0,1163.99
2024-05-03,TikTok Ads,Campaign_24,Search,EdTech,Mobile,321,61,1226.81,29.0,4934.04
2024-12-29,TikTok Ads,Campaign_110,Shopping,Ecommerce,Mobile,6447,1582,4421.93,1128.0,10020.8
2024-05-05,Meta Ads,Campaign_51,Search,Ecommerce,Tablet,13101,577,2671.78,149.0,4059.88
2024-03-08,Google Ads,Campaign_43,Video,Healthcare,Mobile,14202,2370,3681.73,1284.0,13970.71
2024-03-19,TikTok Ads,Campaign_36,Video,Healthcare,Mobile,3091,622,4102.27,432.0,
2024-01-02,Google Ads,Campaign_25,Search,EdTech,Mobile,6909,3493,3637.36,2127.0,1217.63
2024-05-04,TikTok Ads,Campaign_82,Shopping,EdTech,Tablet,1447,323,1657.53,68.0,5906.0
2024-06-25,TikTok Ads,Campaign_50,Shopping,Healthcare,Mobile,8840,7044,2940.51,227.0,4799.66
2024-03-29,TikTok Ads,Campaign_118,Video,Finance,Tablet,3749,3109,1190.44,2538.0,5929.3
2024-04-07,Meta Ads,Campaign_100,Shopping,Ecommerce,Desktop,8263,821,4467.6,,12807.01
2025-02-10,Google Ads,Campaign_33,Video,Ecommerce,Desktop,11445,4991,824.11,3801.0,2706.68
2025-03-25,Google Ads,Campaign_87,Video,EdTech,Tablet,9085,7715,4036.34,2684.0,16079.23
2024-03-07,Meta Ads,Campaign_38,Video,Ecommerce,Mobile,10683,2876,4896.32,1631.0,22954.85
2024-12-17,Meta Ads,Campaign_13,Video,EdTech,Desktop,10168,7495,4608.71,7413.0,
2024-09-15,Meta Ads,Campaign_84,Video,Healthcare,Desktop,2144,2118,2757.33,992.0,2035.97
2025-03-26,Meta Ads,Campaign_86,Search,Healthcare,Mobile,8195,5582,1094.32,164.0,4705.26
2024-07-29,TikTok Ads,Campaign_51,Shopping,Healthcare,Desktop,9530,4637,3586.03,612.0,357.39
2025-01-03,Meta Ads,Campaign_13,Video,Finance,Desktop,6486,1255,2305.49,612.0,9346.01
2024-11-18,Google Ads,Campaign_21,Shopping,Healthcare,Mobile,790,491,2745.15,362.0,8722.57
2024-07-21,Google Ads,Campaign_77,Search,EdTech,Mobile,4066,266,1832.7,,4969.37
2024-08-02,Google Ads,Campaign_2,Search,Healthcare,Desktop,18996,18464,3196.01,5919.0,2588.09
2024-12-02,Google Ads,Campaign_33,Shopping,Healthcare,Tablet,3079,402,4151.22,66.0,7833.17
2025-02-03,Meta Ads,Campaign_91,Video,EdTech,Tablet,2938,1262,3101.44,,8015.3
2024-03-20,Meta Ads,Campaign_4,Shopping,Finance,Desktop,5529,3809,1164.52,1248.0,4243.45
2024-09-30,Google Ads,Campaign_79,Search,Healthcare,Mobile,5291,233,3613.23,180.0,7145.86
2024-05-27,Meta Ads,Campaign_35,Search,Finance,Desktop,7121,2430,3687.38,1970.0,3773.46
2024-09-03,Google Ads,Campaign_15,Search,EdTech,Mobile,15089,12862,727.46,,311.8
2024-05-29,Google Ads,Campaign_44,Shopping,EdTech,Mobile,8714,5467,1120.77,2498.0,547.09
2024-01-07,Meta Ads,Campaign_46,Search,Finance,Tablet,16868,9876,982.68,8923.0,395.65
2024-04-18,TikTok Ads,Campaign_99,Shopping,Finance,Tablet,11390,4540,4750.34,,9746.45
2024-01-08,Google Ads,Campaign_5,Shopping,Finance,Desktop,11452,1028,1622.8,707.0,650.28
2024-08-02,Meta Ads,Campaign_26,Video,Finance,Desktop,6593,3595,4971.84,814.0,5945.98
2025-02-27,TikTok Ads,Campaign_37,Search,Finance,Desktop,184,31,3709.25,29.0,
2024-07-12,Meta Ads,Campaign_47,Shopping,Healthcare,Mobile,17722,14457,2788.73,13562.0,3328.54
2024-03-07,Google Ads,Campaign_104,Search,Finance,Mobile,16848,8882,2666.11,5310.0,5725.36
2025-02-27,Google Ads,Campaign_72,Video,Healthcare,Desktop,10541,5427,3847.94,,19201.52
2024-06-22,TikTok Ads,Campaign_12,Search,EdTech,Tablet,7636,1860,1107.24,1465.0,2856.59
2024-10-03,TikTok Ads,Campaign_8,Shopping,Ecommerce,Mobile,15435,12908,3425.89,9846.0,6483.01
2024-05-10,Google Ads,Campaign_111,Shopping,EdTech,Desktop,6610,1058,3115.04,748.0,
2024-02-04,Google Ads,Campaign_91,Video,Finance,Tablet,1066,874,2934.4,716.0,10056.12
2024-02-22,Meta Ads,Campaign_103,Video,Finance,Desktop,10498,7842,1493.58,3415.0,6059.41
2024-05-22,Meta Ads,Campaign_23,Video,Ecommerce,Tablet,8408,334,922.37,46.0,3104.33
2025-03-24,Google Ads,Campaign_72,Shopping,EdTech,Desktop,17166,3794,890.33,512.0,1331.91
2025-03-18,TikTok Ads,Campaign_62,Shopping,Finance,Desktop,13308,6055,1928.18,1375.0,163.84
2024-04-17,Google Ads,Campaign_21,Shopping,Healthcare,Desktop,2547,827,811.54,482.0,1388.88
2024-01-29,Meta Ads,Campaign_47,Search,EdTech,Tablet,19286,8664,1940.25,858.0,6373.2
2024-08-03,Meta Ads,Campaign_30,Shopping,Ecommerce,Desktop,4638,2866,1554.97,1059.0,
2024-08-26,Google Ads,Campaign_108,Video,Ecommerce,Desktop,4140,4042,1692.57,2042.0,1496.38
2024-06-29,TikTok Ads,Campaign_26,Video,EdTech,Mobile,13045,1420,1978.79,549.0,5148.01
2024-02-06,Meta Ads,Campaign_72,Search,Healthcare,Tablet,16442,11801,228.38,4573.0,44.86
2024-05-10,Meta Ads,Campaign_67,Video,EdTech,Tablet,1196,661,221.89,80.0,996.28
2024-02-23,Google Ads,Campaign_47,Video,EdTech,Mobile,10760,1604,3757.44,1563.0,8098.88
2024-01-22,Meta Ads,Campaign_119,Search,Ecommerce,Mobile,13397,576,2188.62,88.0,7780.76
2025-01-17,Google Ads,Campaign_74,Search,EdTech,Mobile,18851,10041,1073.22,531.0,2863.89
2024-09-20,Google Ads,Campaign_110,Video,Healthcare,Desktop,7559,3781,1067.57,3505.0,4751.05
2024-12-22,Google Ads,Campaign_55,Video,Finance,Desktop,7553,63,3042.04,59.0,2890.69
2024-09-22,Meta Ads,Campaign_60,Search,Ecommerce,Desktop,3864,2481,1156.6,1125.0,3964.41
2024-12-15,Meta Ads,Campaign_87,Search,EdTech,Mobile,1798,1494,2156.84,1351.0,6341.56
2025-01-24,TikTok Ads,Campaign_92,Search,Healthcare,Mobile,10097,6176,2099.13,387.0,7561.78
2024-01-03,Meta Ads,Campaign_9,Shopping,Healthcare,Desktop,18440,15828,725.54,14514.0,180.36
2025-02-02,TikTok Ads,Campaign_74,Video,Finance,Mobile,328,281,2659.84,,5131.64
2024-04-22,Google Ads,Campaign_43,Search,EdTech,Tablet,15151,10155,2568.63,6564.0,2698.42
2024-03-14,Meta Ads,Campaign_118,Shopping,Healthcare,Mobile,8199,7320,3255.39,3696.0,1431.81
2024-07-13,TikTok Ads,Campaign_106,Shopping,Finance,Mobile,8458,5092,1999.76,553.0,6494.12
2024-07-23,Google Ads,Campaign_65,Search,Finance,Tablet,11595,6749,3224.85,3061.0,14170.12
2024-05-04,Google Ads,Campaign_27,Shopping,Ecommerce,Mobile,14287,5161,1000.05,3526.0,1326.52
2024-03-07,Meta Ads,Campaign_103,Shopping,Ecommerce,Desktop,6436,1777,1201.56,1259.0,3732.63
2024-01-09,TikTok Ads,Campaign_94,Search,Healthcare,Tablet,12889,837,8.53,826.0,31.94
2024-04-30,Google Ads,Campaign_83,Video,Ecommerce,Desktop,19733,3310,4579.37,584.0,18804.42
2024-10-19,Meta Ads,Campaign_26,Video,Healthcare,Desktop,5623,3268,361.59,2042.0,1567.9
2024-05-06,Meta Ads,Campaign_29,Search,Finance,Desktop,12718,6594,2854.2,6166.0,11063.04
2024-06-08,Meta Ads,Campaign_72,Shopping,Healthcare,Mobile,18913,1202,1999.97,868.0,425.43
2024-04-23,Meta Ads,Campaign_100,Search,Finance,Tablet,3682,2629,3806.55,1172.0,11004.82
2024-01-27,Google Ads,Campaign_113,Shopping,Ecommerce,Tablet,2168,125,4414.88,36.0,860.24
2024-08-29,TikTok Ads,Campaign_75,Shopping,Ecommerce,Tablet,18392,4721,4664.74,4621.0,19991.12
2024-12-22,Meta Ads,Campaign_49,Video,Ecommerce,Desktop,19607,1415,4185.41,230.0,1844.06
2025-02-15,TikTok Ads,Campaign_21,Shopping,EdTech,Desktop,12063,10577,3326.95,3140.0,909.47
2024-02-25,TikTok Ads,Campaign_28,Search,Finance,Mobile,3163,367,4793.29,67.0,14843.49
2024-02-19,Meta Ads,Campaign_5,Search,Healthcare,Tablet,13140,10863,342.82,9560.0,773.62
2024-05-29,TikTok Ads,Campaign_26,Shopping,Finance,Mobile,14077,3662,819.59,1014.0,2803.49
2024-11-02,TikTok Ads,Campaign_47,Video,Ecommerce,Tablet,13246,10045,1956.95,4595.0,7477.93
2024-08-23,Meta Ads,Campaign_58,Search,Ecommerce,Tablet,1436,1229,4673.86,1202.0,6677.07
2024-05-12,Google Ads,Campaign_44,Shopping,Healthcare,Tablet,7842,25,4506.08,3.0,14366.83
2024-04-18,Meta Ads,Campaign_30,Video,EdTech,Mobile,10623,3584,2149.26,810.0,9766.79
2024-05-18,Meta Ads,Campaign_32,Shopping,EdTech,Mobile,4134,3484,2401.71,413.0,
2024-05-21,Meta Ads,Campaign_39,Video,Ecommerce,Mobile,19103,11858,22.69,4895.0,16.85
2024-04-20,Meta Ads,Campaign_88,Search,Healthcare,Mobile,6252,2975,3987.62,2002.0,12343.97
2024-02-07,Google Ads,Campaign_77,Video,Finance,Tablet,11829,10892,2419.54,7547.0,1147.05
2024-09-10,Meta Ads,Campaign_56,Search,Healthcare,Desktop,5985,160,2061.36,3.0,5047.44
2024-10-25,Meta Ads,Campaign_65,Video,Ecommerce,Tablet,1520,342,3300.06,114.0,7098.43
2024-10-11,Meta Ads,Campaign_4,Shopping,EdTech,Desktop,3801,2961,221.95,1935.0,652.73
2025-01-23,Google Ads,Campaign_61,Video,Finance,Mobile,6960,199,293.2,,66.41
2024-01-19,Google Ads,Campaign_19,Shopping,Healthcare,Desktop,1662,398,1889.81,212.0,8230.89
2025-03-03,TikTok Ads,Campaign_110,Shopping,Finance,Mobile,10843,10287,2954.74,3992.0,12475.99
2025-03-09,Google Ads,Campaign_73,Search,Healthcare,Mobile,11319,4989,2898.83,4133.0,5506.93
2024-11-09,TikTok Ads,Campaign_30,Search,EdTech,Mobile,2903,2768,525.14,2083.0,2063.31
2025-02-12,Meta Ads,Campaign_42,Shopping,Finance,Desktop,17370,9443,1704.4,4433.0,
2024-02-16,Meta Ads,Campaign_16,Shopping,EdTech,Tablet,3580,2802,2937.91,2204.0,13453.66
2024-04-06,Meta Ads,Campaign_88,Video,EdTech,Tablet,3207,1896,678.84,1049.0,2070.56
2024-11-06,TikTok Ads,Campaign_106,Search,Healthcare,Desktop,13640,453,1379.4,286.0,3890.07
2024-04-05,Google Ads,Campaign_91,Search,EdTech,Tablet,13761,8918,947.47,1831.0,3435.24
2024-12-23,TikTok Ads,Campaign_72,Search,Finance,Desktop,17757,8832,676.84,,917.85
2025-02-22,Meta Ads,Campaign_82,Search,Ecommerce,Tablet,1401,545,3515.78,485.0,
2025-02-09,Meta Ads,Campaign_103,Shopping,Finance,Desktop,1275,1072,2003.67,515.0,499.6
2024-07-28,Google Ads,Campaign_89,Video,EdTech,Desktop,5705,1144,3510.51,517.0,4837.3
2025-01-11,TikTok Ads,Campaign_66,Video,EdTech,Tablet,13974,10839,3618.75,5628.0,9139.38
2024-01-22,Google Ads,Campaign_64,Video,Finance,Tablet,19058,7504,64.81,,220.53
2024-12-24,Meta Ads,Campaign_76,Search,EdTech,Mobile,1613,1239,381.09,985.0,1540.77
2024-09-11,TikTok Ads,Campaign_76,Video,Healthcare,Desktop,19542,14134,3726.61,,11189.35
2025-01-14,TikTok Ads,Campaign_94,Search,Ecommerce,Desktop,5531,2764,4783.03,1794.0,22519.24
2024-10-05,Meta Ads,Campaign_46,Video,Finance,Desktop,17757,3553,736.0,1082.0,1700.52
2024-09-19,Google Ads,Campaign_80,Search,Ecommerce,Mobile,5915,4119,2817.56,,2315.45
2024-05-21,TikTok Ads,Campaign_108,Video,Healthcare,Tablet,1815,1312,2600.83,205.0,12588.69
2024-08-11,Meta Ads,Campaign_74,Shopping,Healthcare,Tablet,14346,2122,962.23,1323.0,4012.71
2024-09-22,Meta Ads,Campaign_80,Search,EdTech,Tablet,2001,1399,22.84,420.0,46.9
2024-02-27,Google Ads,Campaign_21,Search,Ecommerce,Mobile,13401,743,3094.03,18.0,5110.53
2025-01-23,Meta Ads,Campaign_26,Search,EdTech,Desktop,6897,5338,1924.15,1564.0,4524.72
2024-04-04,Google Ads,Campaign_48,Search,EdTech,Mobile,3678,583,969.38,500.0,2432.63
2024-09-07,Meta Ads,Campaign_94,Shopping,Finance,Desktop,9112,7004,2309.87,1242.0,390.23
2024-04-18,TikTok Ads,Campaign_110,Shopping,Finance,Tablet,5336,2243,3136.12,1320.0,9177.14
2024-01-03,Meta Ads,Campaign_60,Shopping,Finance,Mobile,18140,5713,4593.45,4879.0,19632.95
2024-02-04,TikTok Ads,Campaign_113,Search,Finance,Desktop,16970,15941,4633.74,13906.0,2157.22
2024-07-28,Meta Ads,Campaign_14,Search,Ecommerce,Desktop,7420,5753,246.3,4607.0,339.02
2025-02-13,Meta Ads,Campaign_90,Search,Ecommerce,Mobile,10,8,889.35,7.0,2740.96
2025-01-14,Meta Ads,Campaign_26,Video,Finance,Desktop,17866,2310,4745.21,1849.0,10340.79
2024-11-24,TikTok Ads,Campaign_39,Video,EdTech,Desktop,6566,852,4211.81,746.0,20300.13
2024-01-16,TikTok Ads,Campaign_67,Search,Ecommerce,Desktop,16239,8498,2261.72,1896.0,8802.19
2025-01-23,Google Ads,Campaign_2,Video,Finance,Desktop,703,316,3159.49,,8956.02
2024-04-29,Meta Ads,Campaign_56,Shopping,Healthcare,Desktop,5634,4781,3838.31,2799.0,11264.39
2024-03-12,Google Ads,Campaign_66,Shopping,Ecommerce,Tablet,8624,1141,1223.7,30.0,5141.56
2024-08-25,Meta Ads,Campaign_94,Shopping,Healthcare,Tablet,12115,1390,4861.6,,9533.72
2025-01-11,Meta Ads,Campaign_54,Video,Healthcare,Tablet,4430,1046,2495.92,270.0,
2024-10-26,TikTok Ads,Campaign_2,Video,Healthcare,Mobile,11794,5700,818.11,4227.0,3197.82
2024-06-27,Meta Ads,Campaign_31,Search,Finance,Mobile,18156,16548,4819.44,12612.0,7324.39
2024-02-17,TikTok Ads,Campaign_5,Search,EdTech,Desktop,19616,7594,895.95,402.0,2436.36
2024-12-15,Meta Ads,Campaign_59,Search,Finance,Tablet,17173,1494,1240.47,703.0,4782.86
2024-04-04,Meta Ads,Campaign_65,Video,Ecommerce,Mobile,17847,11257,875.87,7895.0,3373.5
2024-04-03,Meta Ads,Campaign_108,Video,Ecommerce,Desktop,17373,9917,1116.97,6272.0,1276.85
2025-03-02,Meta Ads,Campaign_10,Search,Finance,Tablet,19964,13938,3349.21,,8505.88
2024-07-06,TikTok Ads,Campaign_74,Shopping,EdTech,Tablet,4646,3750,3372.17,2058.0,
2024-04-21,TikTok Ads,Campaign_89,Shopping,EdTech,Mobile,4634,567,2994.21,120.0,7118.08
2025-01-23,Google Ads,Campaign_91,Search,EdTech,Desktop,15069,13697,2155.82,13456.0,
2025-02-17,Google Ads,Campaign_40,Shopping,Finance,Desktop,1280,135,3419.34,12.0,
2024-12-17,Google Ads,Campaign_70,Search,Healthcare,Desktop,19838,12798,3126.99,4808.0,
2024-04-15,TikTok Ads,Campaign_24,Shopping,EdTech,Desktop,10718,6860,4450.94,5435.0,170.84
2024-06-20,Meta Ads,Campaign_58,Shopping,Finance,Desktop,11969,2728,676.21,2148.0,3276.5
2024-06-02,Meta Ads,Campaign_115,Shopping,Finance,Mobile,12654,7511,2636.4,1773.0,29.97
2024-03-14,Google Ads,Campaign_52,Shopping,Healthcare,Tablet,9358,388,1770.38,53.0,
2024-12-29,TikTok Ads,Campaign_77,Shopping,EdTech,Desktop,14968,13008,2960.73,,9642.85
2024-12-05,Meta Ads,Campaign_9,Shopping,Ecommerce,Mobile,6281,4220,98.91,2981.0,236.46
2024-07-02,TikTok Ads,Campaign_87,Search,Healthcare,Desktop,13143,10245,2922.55,7546.0,8023.59
2024-07-25,Google Ads,Campaign_40,Video,EdTech,Mobile,1436,517,1527.34,294.0,6670.47
2025-02-25,Meta Ads,Campaign_103,Shopping,Finance,Mobile,19238,14484,4145.4,14101.0,13916.5
2025-01-07,Google Ads,Campaign_7,Shopping,Healthcare,Tablet,1251,1244,859.33,745.0,785.16
2024-08-05,Google Ads,Campaign_31,Shopping,EdTech,Mobile,620,47,22.47,44.0,46.17
2024-12-20,Meta Ads,Campaign_105,Video,Ecommerce,Mobile,8483,7326,3892.39,490.0,810.84
2024-03-27,Google Ads,Campaign_22,Search,EdTech,Mobile,13771,490,4436.83,52.0,
2025-03-12,Google Ads,Campaign_44,Shopping,Finance,Desktop,2750,2704,1673.72,261.0,6090.01
2024-11-26,Google Ads,Campaign_11,Video,EdTech,Desktop,4428,3536,557.62,2767.0,781.97
2024-10-19,Google Ads,Campaign_2,Video,Finance,Mobile,13849,3711,4830.58,2960.0,1244.24
2024-06-30,TikTok Ads,Campaign_85,Video,Finance,Desktop,11465,1713,270.58,1695.0,1200.42
2024-04-01,Google Ads,Campaign_62,Video,Healthcare,Desktop,17217,14316,1453.5,4106.0,3235.49
2024-05-05,TikTok Ads,Campaign_119,Search,EdTech,Desktop,4801,1758,1073.41,618.0,3721.42
2025-01-25,Meta Ads,Campaign_57,Shopping,Ecommerce,Tablet,12299,1500,1261.26,1317.0,
2024-04-06,Meta Ads,Campaign_28,Video,Finance,Mobile,9740,2086,1556.19,,846.9
2025-02-19,Google Ads,Campaign_62,Search,Healthcare,Tablet,8439,7602,2580.09,7573.0,2492.16
2024-11-05,TikTok Ads,Campaign_52,Search,Healthcare,Mobile,10707,7948,3748.73,5238.0,4109.86
2024-01-08,TikTok Ads,Campaign_77,Video,EdTech,Desktop,10006,1225,3099.31,778.0,8716.35
2025-03-14,Meta Ads,Campaign_64,Shopping,Healthcare,Mobile,10924,4642,653.05,2963.0,87.82
2024-05-01,Google Ads,Campaign_90,Video,Ecommerce,Mobile,5916,2510,4577.39,2165.0,
2024-02-19,Google Ads,Campaign_53,Search,Ecommerce,Mobile,8152,7526,1534.68,3357.0,2893.04
2024-05-11,TikTok Ads,Campaign_87,Video,Healthcare,Desktop,8828,3614,4604.31,226.0,6525.36
2024-08-15,Meta Ads,Campaign_102,Shopping,EdTech,Mobile,13429,5690,1803.92,,1084.95
2024-12-08,Meta Ads,Campaign_28,Search,Ecommerce,Tablet,13738,10850,2672.31,535.0,11277.78
2024-03-21,Google Ads,Campaign_65,Search,Finance,Tablet,9644,712,1333.79,583.0,
2024-01-27,Google Ads,Campaign_54,Shopping,Finance,Desktop,2843,592,126.27,,164.21
2025-01-30,Meta Ads,Campaign_22,Shopping,Ecommerce,Mobile,11490,9475,3925.27,1086.0,7585.51
2024-10-14,Google Ads,Campaign_67,Video,EdTech,Tablet,2896,2170,1136.24,,3844.39
2024-12-08,Meta Ads,Campaign_105,Shopping,Ecommerce,Mobile,12168,7696,1096.98,5997.0,60.59
2024-08-18,Meta Ads,Campaign_74,Video,Ecommerce,Desktop,9321,303,538.21,37.0,2033.81
2025-02-07,Google Ads,Campaign_50,Shopping,EdTech,Mobile,9370,104,1634.24,19.0,1541.03
2024-03-14,TikTok Ads,Campaign_44,Search,Finance,Desktop,1535,388,4718.15,362.0,14986.24
2024-05-03,Google Ads,Campaign_100,Video,Finance,Mobile,12667,9340,1211.88,780.0,3275.97
2024-12-25,TikTok Ads,Campaign_24,Search,Healthcare,Mobile,17553,7036,4639.76,6726.0,18621.14
2024-06-23,TikTok Ads,Campaign_93,Search,Ecommerce,Tablet,7304,4966,3976.54,365.0,
2025-03-22,Meta Ads,Campaign_84,Video,EdTech,Mobile,6426,1761,3241.68,956.0,15616.12
2024-05-31,Google Ads,Campaign_94,Video,Ecommerce,Desktop,9365,6005,4839.77,5652.0,6235.33
2024-12-27,Google Ads,Campaign_72,Video,Healthcare,Desktop,387,82,4892.1,79.0,9641.59
2024-04-28,TikTok Ads,Campaign_29,Search,EdTech,Mobile,10055,4019,4498.71,174.0,16677.17
2024-10-05,TikTok Ads,Campaign_75,Shopping,Ecommerce,Mobile,15163,3176,3529.13,2437.0,10170.43
2024-05-28,Google Ads,Campaign_27,Search,EdTech,Desktop,5365,2871,1117.02,233.0,2646.86
2024-08-02,Google Ads,Campaign_30,Shopping,Ecommerce,Tablet,1959,1086,3730.41,805.0,17518.24
2024-04-24,Google Ads,Campaign_47,Shopping,Finance,Desktop,17010,6884,2111.3,,4012.45
2025-01-09,TikTok Ads,Campaign_91,Search,Healthcare,Desktop,7997,3492,4446.94,2272.0,18406.2
2024-07-17,Google Ads,Campaign_16,Shopping,EdTech,Tablet,8698,4212,3564.44,942.0,5054.02
2024-03-24,Meta Ads,Campaign_32,Search,Finance,Mobile,2811,283,847.64,97.0,1395.49
2024-01-05,TikTok Ads,Campaign_22,Search,Healthcare,Desktop,707,290,3489.55,278.0,
2024-05-25,Meta Ads,Campaign_106,Video,Healthcare,Mobile,357,284,3486.17,162.0,3408.72
2025-01-18,Meta Ads,Campaign_81,Video,Finance,Desktop,4572,614,3198.44,435.0,12761.62
2024-08-22,Google Ads,Campaign_71,Video,Finance,Desktop,7647,923,2603.36,41.0,
2024-12-17,Google Ads,Campaign_4,Shopping,EdTech,Desktop,12908,11850,1049.28,984.0,4866.76
2024-05-09,Google Ads,Campaign_101,Search,Ecommerce,Desktop,2085,376,1341.58,336.0,5754.68
2024-09-04,Meta Ads,Campaign_97,Video,Finance,Tablet,13820,6762,1518.7,6468.0,3580.53
2024-10-18,TikTok Ads,Campaign_42,Shopping,EdTech,Tablet,9517,1171,4919.39,220.0,12226.06
2024-04-27,Meta Ads,Campaign_117,Search,Ecommerce,Desktop,348,218,812.35,193.0,3010.38
2025-03-12,Meta Ads,Campaign_116,Search,EdTech,Desktop,11961,3613,2826.05,114.0,8587.83
2025-02-07,Meta Ads,Campaign_92,Video,Ecommerce,Tablet,8403,158,7.25,59.0,3.24
2025-03-12,TikTok Ads,Campaign_94,Search,EdTech,Mobile,3485,1463,2171.42,1256.0,4910.26
2024-11-05,Google Ads,Campaign_80,Shopping,Healthcare,Mobile,19955,1560,4001.7,912.0,13012.35
2024-12-24,Meta Ads,Campaign_38,Shopping,EdTech,Mobile,13060,2421,1913.98,1598.0,504.23
2024-08-09,Meta Ads,Campaign_119,Video,EdTech,Mobile,4697,3669,1915.05,3174.0,3356.81
2024-01-04,Meta Ads,Campaign_35,Search,Ecommerce,Mobile,6368,2553,3656.88,1722.0,15745.9
2024-12-28,Google Ads,Campaign_31,Video,Healthcare,Mobile,15143,11794,1820.47,10321.0,54.59
2024-02-26,TikTok Ads,Campaign_86,Shopping,EdTech,Desktop,8240,3329,554.46,2588.0,2474.74
2024-11-22,Meta Ads,Campaign_33,Video,Ecommerce,Mobile,12434,2312,1592.94,2305.0,2626.38
2025-03-25,Meta Ads,Campaign_119,Search,Ecommerce,Desktop,1854,218,4085.83,48.0,
2024-10-11,Google Ads,Campaign_53,Search,EdTech,Tablet,14573,1683,594.08,102.0,1910.44
2024-11-14,Google Ads,Campaign_61,Shopping,Finance,Mobile,4341,1542,3907.62,,10414.34
2024-07-25,TikTok Ads,Campaign_111,Video,EdTech,Mobile,14228,8363,4748.6,1882.0,2052.96
2024-07-10,TikTok Ads,Campaign_85,Video,EdTech,Desktop,18976,9211,1551.13,6358.0,147.66
2024-12-29,Meta Ads,Campaign_29,Search,Healthcare,Tablet,7636,1787,3934.56,1739.0,1926.21
2024-09-01,TikTok Ads,Campaign_76,Video,Healthcare,Tablet,13455,11455,3520.42,8032.0,8982.48
2025-03-31,Google Ads,Campaign_24,Shopping,Ecommerce,Tablet,14387,11647,1693.93,242.0,2597.34
2024-04-23,TikTok Ads,Campaign_106,Shopping,EdTech,Tablet,11614,4003,817.6,,1969.28
2024-08-10,Meta Ads,Campaign_6,Search,EdTech,Desktop,4652,1310,2590.02,,
2024-04-25,Meta Ads,Campaign_116,Search,EdTech,Mobile,17441,2054,867.15,908.0,2024.29
2024-07-05,Google Ads,Campaign_73,Shopping,Healthcare,Mobile,6562,3549,1243.92,1359.0,5302.01
2024-04-25,Google Ads,Campaign_91,Video,Finance,Tablet,9773,7537,759.28,2278.0,
2024-08-22,TikTok Ads,Campaign_27,Shopping,EdTech,Tablet,18953,2815,4879.46,1784.0,8908.39
2024-02-20,Google Ads,Campaign_46,Shopping,EdTech,Mobile,18444,2613,2663.52,1812.0,7158.47
2025-01-13,Google Ads,Campaign_62,Video,Finance,Desktop,728,669,3974.93,,1363.26
2024-06-24,Google Ads,Campaign_69,Search,Ecommerce,Tablet,5624,4158,1186.38,2819.0,
2024-08-30,TikTok Ads,Campaign_18,Shopping,EdTech,Desktop,5586,2222,2292.06,1257.0,5234.16
2024-03-16,Google Ads,Campaign_85,Search,EdTech,Mobile,3993,3708,397.23,116.0,1212.56
2024-04-20,Meta Ads,Campaign_26,Video,Ecommerce,Tablet,3525,3517,4679.67,681.0,18531.99
2024-06-29,Google Ads,Campaign_38,Video,EdTech,Desktop,14301,12050,3016.21,4137.0,6693.51
2025-02-12,TikTok Ads,Campaign_102,Video,Finance,Mobile,2192,15,3577.31,4.0,13592.58
2024-02-22,Google Ads,Campaign_88,Search,Finance,Tablet,6723,2008,1271.47,1722.0,
2024-11-20,TikTok Ads,Campaign_71,Video,EdTech,Desktop,2921,349,4629.45,59.0,20028.06
2024-08-27,Meta Ads,Campaign_104,Search,Healthcare,Desktop,10806,8462,1638.49,5636.0,5217.09
2024-09-12,TikTok Ads,Campaign_42,Video,Ecommerce,Mobile,17235,12988,3395.4,1350.0,12662.94
2024-09-15,Google Ads,Campaign_57,Video,EdTech,Desktop,15778,1964,4619.18,457.0,534.35
2024-12-28,Google Ads,Campaign_56,Video,Finance,Mobile,12654,11418,4470.56,,4349.86
2024-06-26,TikTok Ads,Campaign_61,Search,Healthcare,Desktop,15979,15049,2238.66,9929.0,3606.42
2024-09-17,TikTok Ads,Campaign_29,Search,Finance,Mobile,12845,11870,3657.46,,15196.82
2024-06-20,Meta Ads,Campaign_32,Shopping,EdTech,Mobile,8151,5513,2199.8,185.0,4337.86
2024-02-22,TikTok Ads,Campaign_46,Shopping,Finance,Desktop,17708,4404,1971.75,1212.0,4167.15
2024-06-07,Meta Ads,Campaign_46,Video,Ecommerce,Desktop,11571,4552,4132.22,,3904.44
2025-01-11,Meta Ads,Campaign_15,Search,EdTech,Mobile,17042,2375,3652.23,275.0,10413.03
2024-07-04,Google Ads,Campaign_77,Shopping,Ecommerce,Mobile,12438,3251,67.49,1767.0,130.44
2024-07-17,Google Ads,Campaign_94,Shopping,Finance,Desktop,7309,3789,56.01,685.0,36.77
2024-02-17,TikTok Ads,Campaign_67,Search,Finance,Mobile,11159,2594,950.12,1092.0,4708.93
2025-01-08,TikTok Ads,Campaign_18,Search,EdTech,Desktop,9946,2979,363.29,2099.0,226.79
2024-12-06,Google Ads,Campaign_53,Search,Healthcare,Mobile,4431,1024,1878.78,895.0,
2024-12-07,TikTok Ads,Campaign_48,Search,Healthcare,Tablet,2193,965,2175.99,559.0,9240.19
2024-11-28,TikTok Ads,Campaign_76,Search,EdTech,Tablet,14830,12642,3734.49,6702.0,3270.78
2025-03-13,Google Ads,Campaign_116,Video,Finance,Desktop,13722,12874,4176.25,11958.0,8689.74
2024-01-21,Google Ads,Campaign_79,Search,Ecommerce,Desktop,3763,2468,4616.81,1203.0,13496.22
2024-01-18,Meta Ads,Campaign_17,Shopping,Healthcare,Mobile,8260,7232,225.73,2859.0,670.64
2024-12-20,TikTok Ads,Campaign_91,Video,Healthcare,Mobile,2615,860,3053.54,520.0,10887.93
2024-06-09,TikTok Ads,Campaign_25,Video,Healthcare,Tablet,14121,12654,302.85,8447.0,743.9
2024-11-03,TikTok Ads,Campaign_56,Search,Ecommerce,Desktop,14707,5647,4204.74,3094.0,
2024-05-17,Meta Ads,Campaign_33,Search,Finance,Desktop,4943,4765,786.62,1943.0,2329.18
2024-01-14,Google Ads,Campaign_83,Search,Ecommerce,Desktop,16134,9059,4338.86,,1126.27
2024-10-31,Meta Ads,Campaign_115,Video,Healthcare,Mobile,18651,5773,2548.8,3834.0,811.63
2024-03-09,TikTok Ads,Campaign_97,Search,Ecommerce,Tablet,19859,6816,1647.48,541.0,6654.24
2024-05-06,Google Ads,Campaign_38,Video,EdTech,Mobile,12605,8377,2693.22,4438.0,1978.28
2024-12-16,TikTok Ads,Campaign_112,Video,Finance,Mobile,14125,2368,4654.85,,9164.11
2024-07-18,Meta Ads,Campaign_31,Search,EdTech,Desktop,14815,6356,3612.58,3685.0,
2025-02-14,Google Ads,Campaign_27,Search,Ecommerce,Tablet,878,250,2627.06,23.0,6318.9
2024-05-31,Meta Ads,Campaign_79,Video,Healthcare,Mobile,11207,7714,1988.97,1733.0,3131.01
2024-08-29,TikTok Ads,Campaign_93,Shopping,Healthcare,Desktop,16581,10159,4633.32,9726.0,17155.26
2025-02-20,TikTok Ads,Campaign_85,Search,EdTech,Mobile,2626,2486,1792.61,2124.0,3696.4
2025-01-23,Google Ads,Campaign_1,Shopping,EdTech,Desktop,9591,3411,1665.38,82.0,
2024-01-31,Meta Ads,Campaign_19,Video,Finance,Mobile,13894,13269,3662.89,8796.0,12669.21
2024-01-17,TikTok Ads,Campaign_11,Shopping,Finance,Tablet,10173,3300,1975.93,582.0,1677.78
2024-09-04,TikTok Ads,Campaign_77,Shopping,EdTech,Desktop,779,86,4394.27,60.0,
2024-05-11,Meta Ads,Campaign_26,Shopping,Healthcare,Desktop,12062,3796,3975.94,2534.0,
2024-05-29,Google Ads,Campaign_11,Shopping,EdTech,Mobile,1717,146,2814.58,25.0,8908.75
2025-01-12,Google Ads,Campaign_43,Search,Healthcare,Desktop,12250,10346,4194.09,5755.0,13482.77
2024-06-23,TikTok Ads,Campaign_115,Video,Finance,Mobile,16214,8764,4499.75,8013.0,1263.99
2024-04-04,Google Ads,Campaign_96,Shopping,Finance,Tablet,10091,2655,2826.43,2329.0,
2024-02-01,Meta Ads,Campaign_91,Video,Healthcare,Tablet,9222,4921,884.17,2481.0,3739.48
2024-02-26,TikTok Ads,Campaign_110,Search,EdTech,Desktop,14413,1569,4473.33,208.0,14496.06
2024-10-06,Meta Ads,Campaign_84,Video,EdTech,Tablet,12917,1732,54.74,1139.0,20.54
2025-03-10,TikTok Ads,Campaign_8,Video,Ecommerce,Mobile,16903,10738,2053.44,5041.0,7139.29
2024-02-09,TikTok Ads,Campaign_59,Search,Finance,Desktop,554,524,2372.61,,8255.52
2025-02-27,TikTok Ads,Campaign_7,Shopping,EdTech,Mobile,7322,2614,4146.79,963.0,19918.75
2024-09-12,Meta Ads,Campaign_36,Video,Healthcare,Mobile,17138,5217,3609.05,700.0,13598.15
2024-03-01,Google Ads,Campaign_91,Video,Ecommerce,Mobile,3337,1162,2892.98,961.0,11533.96
2024-05-31,Google Ads,Campaign_51,Video,EdTech,Mobile,3655,292,1952.26,197.0,7073.24
2024-01-18,TikTok Ads,Campaign_23,Search,Healthcare,Mobile,10669,2168,4942.38,1722.0,16401.43
2024-01-07,Google Ads,Campaign_74,Search,EdTech,Mobile,844,657,1547.01,125.0,6534.94
2025-02-12,Google Ads,Campaign_105,Search,Ecommerce,Mobile,9699,2090,1077.36,1116.0,2901.01
2024-12-27,Google Ads,Campaign_52,Shopping,Ecommerce,Mobile,15833,13195,822.42,3345.0,37.08
2025-03-15,Google Ads,Campaign_71,Shopping,Finance,Tablet,15952,12925,4539.31,4744.0,1177.89
2024-09-03,Meta Ads,Campaign_24,Shopping,Ecommerce,Tablet,12962,6857,3642.78,4834.0,17285.51
2025-02-17,TikTok Ads,Campaign_71,Video,EdTech,Desktop,2828,743,4248.98,612.0,6685.17
2024-03-16,TikTok Ads,Campaign_93,Shopping,Ecommerce,Tablet,1387,641,2527.77,492.0,1409.85
2025-02-13,Meta Ads,Campaign_3,Shopping,Healthcare,Mobile,7986,382,4821.13,346.0,
2025-01-14,TikTok Ads,Campaign_27,Video,EdTech,Tablet,6760,718,2696.14,64.0,7620.45
2025-02-13,TikTok Ads,Campaign_29,Search,EdTech,Mobile,16982,10589,4439.93,5217.0,16041.93
2025-01-20,Meta Ads,Campaign_9,Shopping,Healthcare,Desktop,14694,11646,1975.74,43.0,
2024-04-14,Google Ads,Campaign_55,Video,Ecommerce,Tablet,2995,820,4075.0,349.0,7727.2
2024-01-21,TikTok Ads,Campaign_32,Search,Ecommerce,Mobile,18288,17196,3734.81,4999.0,
2024-05-28,Google Ads,Campaign_9,Search,Finance,Tablet,2227,1650,3190.52,,1901.69
2024-01-05,Meta Ads,Campaign_101,Search,Finance,Mobile,5221,478,173.12,90.0,277.03
2024-11-18,Meta Ads,Campaign_29,Video,Finance,Tablet,10998,33,1112.21,4.0,5556.25
2024-08-26,TikTok Ads,Campaign_111,Shopping,Finance,Desktop,15709,1547,3337.47,462.0,
2024-06-16,Meta Ads,Campaign_30,Search,Finance,Desktop,7051,6961,1433.49,3081.0,3414.61
2024-09-05,Meta Ads,Campaign_38,Video,EdTech,Desktop,11699,4461,4496.83,2621.0,19803.3
2024-06-12,Google Ads,Campaign_41,Video,Healthcare,Tablet,19318,18695,4182.38,15168.0,
2024-11-06,TikTok Ads,Campaign_42,Video,Finance,Desktop,18835,7331,3067.77,4351.0,12872.24
2024-09-15,Meta Ads,Campaign_70,Search,EdTech,Mobile,14464,11020,1639.77,2373.0,4854.21
2024-07-01,Meta Ads,Campaign_19,Shopping,EdTech,Mobile,13233,4590,1482.2,4130.0,
2024-10-11,Meta Ads,Campaign_116,Shopping,Ecommerce,Mobile,4545,2143,3925.88,864.0,15482.07
2024-12-13,TikTok Ads,Campaign_98,Search,Healthcare,Tablet,2796,1719,205.39,629.0,1010.56
2024-08-19,TikTok Ads,Campaign_16,Search,Healthcare,Mobile,9876,9162,1319.21,746.0,5565.57
2024-12-28,Meta Ads,Campaign_47,Video,Healthcare,Tablet,15473,2024,645.34,1091.0,
2025-01-01,Meta Ads,Campaign_35,Video,Finance,Tablet,5529,4420,778.92,3873.0,388.91
2024-01-02,TikTok Ads,Campaign_108,Video,Healthcare,Tablet,18869,15771,3343.53,8292.0,7257.9
2024-03-04,Meta Ads,Campaign_118,Search,Healthcare,Desktop,11996,10805,4821.76,9107.0,19994.26
2024-11-24,Meta Ads,Campaign_38,Shopping,Ecommerce,Mobile,1365,718,2826.57,549.0,
2024-01-10,Meta Ads,Campaign_107,Shopping,Healthcare,Desktop,19369,12286,1090.31,1567.0,515.5
2024-03-22,TikTok Ads,Campaign_1,Search,EdTech,Desktop,11672,7174,1456.25,1719.0,
2024-01-06,Google Ads,Campaign_84,Video,Finance,Mobile,6714,5191,1794.99,5109.0,4480.11
2024-11-30,Meta Ads,Campaign_3,Shopping,Finance,Tablet,5231,2219,1376.85,698.0,4626.47
2024-10-22,TikTok Ads,Campaign_72,Search,Finance,Mobile,7880,4458,1521.06,3367.0,4166.07
2025-02-05,Meta Ads,Campaign_99,Shopping,EdTech,Mobile,4650,3875,2140.41,304.0,4134.89
2024-11-09,Meta Ads,Campaign_20,Search,Healthcare,Desktop,13475,6671,2394.87,3240.0,7971.63
2024-07-14,TikTok Ads,Campaign_87,Search,Ecommerce,Desktop,11798,7849,1933.49,,7778.54
2024-07-01,Meta Ads,Campaign_44,Video,Finance,Mobile,1172,159,128.42,27.0,
2024-12-20,TikTok Ads,Campaign_79,Shopping,Healthcare,Tablet,7902,6657,1552.16,5841.0,3455.65
2024-05-09,TikTok Ads,Campaign_25,Search,Finance,Desktop,5198,1470,3776.91,1031.0,
2024-09-19,Google Ads,Campaign_36,Search,Healthcare,Desktop,15762,968,1993.52,680.0,6082.39
2024-05-27,Meta Ads,Campaign_3,Video,Finance,Tablet,11071,3998,4042.7,790.0,13079.11
2024-10-31,Meta Ads,Campaign_85,Search,Ecommerce,Mobile,8133,1235,3714.52,1058.0,14479.59
2024-11-29,TikTok Ads,Campaign_95,Search,Finance,Tablet,18332,16606,1745.47,9831.0,5865.29
2024-04-26,TikTok Ads,Campaign_63,Shopping,Finance,Tablet,17755,16095,3097.45,6104.0,12804.88
2024-02-20,Meta Ads,Campaign_3,Search,EdTech,Mobile,4342,3362,317.24,2295.0,1325.78
2024-09-01,Google Ads,Campaign_73,Video,Ecommerce,Desktop,10704,4514,3595.08,258.0,
2024-12-05,Google Ads,Campaign_20,Search,Finance,Mobile,11641,11558,2796.01,11315.0,4425.84
2024-02-17,Meta Ads,Campaign_85,Video,Ecommerce,Mobile,9321,6822,4972.32,5878.0,21731.39
2024-10-10,Meta Ads,Campaign_106,Video,Finance,Tablet,17605,2249,762.88,2239.0,1124.42
2024-09-02,Meta Ads,Campaign_115,Shopping,Finance,Mobile,13499,4142,2555.87,1385.0,634.29
2024-12-14,Meta Ads,Campaign_67,Video,Ecommerce,Desktop,12484,12093,1918.92,,7475.07
2024-02-14,TikTok Ads,Campaign_20,Shopping,EdTech,Mobile,4509,3167,220.0,,51.06
2024-06-02,TikTok Ads,Campaign_113,Shopping,Finance,Mobile,11963,9304,1773.46,4808.0,7273.7
2024-09-10,TikTok Ads,Campaign_101,Search,Ecommerce,Tablet,11128,3106,1197.48,783.0,
2025-02-04,Meta Ads,Campaign_38,Video,Ecommerce,Desktop,8369,3481,2938.14,790.0,717.93
2024-03-06,TikTok Ads,Campaign_68,Search,Healthcare,Desktop,7051,2372,1174.68,1347.0,103.92
2024-10-11,Google Ads,Campaign_105,Shopping,Healthcare,Desktop,8273,5869,176.75,5429.0,
2024-05-30,Meta Ads,Campaign_16,Video,Finance,Tablet,17007,867,2235.14,428.0,2676.17
2024-06-01,Google Ads,Campaign_115,Search,Ecommerce,Desktop,2066,1819,4324.15,34.0,13972.05
2024-08-31,TikTok Ads,Campaign_69,Search,EdTech,Tablet,10920,9357,952.15,3841.0,1408.0
2024-09-01,Google Ads,Campaign_51,Video,Healthcare,Mobile,7388,4592,114.53,1519.0,20.65
2024-08-25,TikTok Ads,Campaign_50,Shopping,EdTech,Mobile,10019,6086,1248.58,4824.0,
2024-03-14,TikTok Ads,Campaign_55,Shopping,Ecommerce,Desktop,2036,1485,533.59,43.0,
2025-03-11,Meta Ads,Campaign_88,Video,EdTech,Desktop,18541,16689,1188.59,7123.0,3361.62
2025-01-07,TikTok Ads,Campaign_30,Video,Healthcare,Tablet,10963,10354,1760.74,2127.0,1835.62
2024-02-25,TikTok Ads,Campaign_41,Video,Ecommerce,Desktop,12881,1428,2615.37,947.0,7875.94
2025-02-18,TikTok Ads,Campaign_75,Search,Ecommerce,Desktop,10264,2142,72.3,564.0,
2025-03-06,Meta Ads,Campaign_55,Search,EdTech,Tablet,15298,12135,2399.1,5450.0,3023.58
2024-12-09,Google Ads,Campaign_101,Search,Healthcare,Mobile,11804,8715,4511.27,7826.0,20845.58
2024-11-17,Meta Ads,Campaign_104,Shopping,EdTech,Mobile,7093,4604,3817.17,1563.0,7648.53
2025-03-31,Meta Ads,Campaign_34,Shopping,Healthcare,Tablet,10664,5140,135.67,2686.0,551.81
2025-02-13,Meta Ads,Campaign_17,Shopping,EdTech,Mobile,11804,1512,941.2,642.0,1020.69
2024-08-07,Google Ads,Campaign_37,Shopping,Finance,Mobile,6442,1788,3367.78,72.0,16101.5
2024-07-07,TikTok Ads,Campaign_117,Video,Ecommerce,Mobile,18821,13259,4239.28,5190.0,17011.36
2025-03-18,Meta Ads,Campaign_62,Shopping,EdTech,Desktop,8083,5972,2738.75,3666.0,4842.49
2024-03-15,TikTok Ads,Campaign_52,Video,Ecommerce,Tablet,2057,677,1372.9,284.0,4221.71
2024-06-28,Google Ads,Campaign_86,Search,Healthcare,Desktop,10323,3314,3907.03,1129.0,10994.69
2024-08-30,Meta Ads,Campaign_34,Shopping,Finance,Tablet,8137,5805,4322.79,3050.0,2606.34
2025-03-01,Google Ads,Campaign_72,Video,Finance,Tablet,12032,10748,1143.11,1505.0,3700.46
2024-09-15,Google Ads,Campaign_44,Video,Healthcare,Desktop,14186,10226,4884.17,,16347.1
2024-01-06,Meta Ads,Campaign_44,Shopping,EdTech,Desktop,16368,1627,968.28,488.0,2379.84
2024-11-28,Google Ads,Campaign_73,Video,Finance,Mobile,13759,337,3114.93,335.0,7836.67
2024-02-11,Meta Ads,Campaign_64,Shopping,Ecommerce,Mobile,6564,1336,1431.01,308.0,3524.79
2025-03-15,Google Ads,Campaign_32,Search,EdTech,Desktop,9589,4381,4418.63,2218.0,13850.81
2024-05-07,Google Ads,Campaign_92,Shopping,Finance,Mobile,14640,6328,4411.46,2330.0,3256.43
2024-07-18,Meta Ads,Campaign_70,Video,Ecommerce,Tablet,15154,12085,3485.91,11146.0,
2024-11-11,Google Ads,Campaign_71,Search,Finance,Mobile,8679,1441,1873.3,342.0,
2024-04-08,Google Ads,Campaign_70,Search,Finance,Desktop,15568,8669,368.75,4271.0,511.7
2024-10-12,TikTok Ads,Campaign_112,Video,EdTech,Mobile,6438,4537,1088.06,1831.0,3285.24
2024-03-25,Google Ads,Campaign_73,Search,Ecommerce,Desktop,8359,3542,2515.99,1790.0,
2024-04-02,Google Ads,Campaign_64,Video,Healthcare,Desktop,8756,2859,113.08,301.0,447.34
2024-07-13,Meta Ads,Campaign_107,Video,Healthcare,Tablet,12392,10448,1082.18,,3379.03
2024-01-02,TikTok Ads,Campaign_32,Video,EdTech,Desktop,12177,7710,306.52,,39.44
2024-09-19,Meta Ads,Campaign_71,Shopping,EdTech,Desktop,2390,2383,4496.67,2071.0,
2024-02-14,Google Ads,Campaign_7,Video,Finance,Mobile,3930,2680,3902.12,864.0,
2024-12-18,Meta Ads,Campaign_64,Search,EdTech,Tablet,13130,10568,2938.13,10397.0,5960.09
2024-10-05,TikTok Ads,Campaign_17,Search,Finance,Tablet,4242,1679,4412.31,1048.0,20379.56
2024-05-10,Meta Ads,Campaign_1,Search,Healthcare,Mobile,5220,2973,3289.86,2435.0,12869.17
2024-06-27,Meta Ads,Campaign_16,Shopping,EdTech,Desktop,2427,843,111.95,143.0,44.66
2025-03-24,TikTok Ads,Campaign_47,Video,Ecommerce,Tablet,8116,1354,3497.85,1293.0,12241.88
2024-06-23,Google Ads,Campaign_66,Video,Ecommerce,Desktop,3374,929,2068.7,885.0,6773.8
2024-05-28,Meta Ads,Campaign_107,Video,Finance,Tablet,16304,7951,117.7,3011.0,
2024-01-20,TikTok Ads,Campaign_97,Shopping,EdTech,Mobile,18497,14956,3494.3,3685.0,8736.99
2024-01-29,TikTok Ads,Campaign_32,Search,Ecommerce,Tablet,11180,8461,4987.19,3806.0,16112.61
2024-09-22,TikTok Ads,Campaign_111,Video,EdTech,Tablet,5775,808,3086.06,,5188.65
2024-02-22,Google Ads,Campaign_48,Video,Finance,Mobile,542,78,3671.98,10.0,13777.84
2025-02-09,Meta Ads,Campaign_91,Video,Ecommerce,Mobile,7032,2848,221.98,2227.0,1062.74
2024-09-05,Google Ads,Campaign_3,Video,EdTech,Tablet,907,315,3813.7,171.0,14040.75
2024-06-19,Google Ads,Campaign_12,Search,Ecommerce,Tablet,9048,5565,2547.65,1876.0,11746.65
2024-04-02,Google Ads,Campaign_64,Video,Finance,Desktop,6369,352,511.02,159.0,474.78
2024-01-28,Meta Ads,Campaign_6,Video,EdTech,Mobile,14795,11180,4329.78,10420.0,18734.01
2025-03-31,Google Ads,Campaign_3,Search,EdTech,Desktop,9740,1488,1681.51,258.0,358.27
2025-01-11,TikTok Ads,Campaign_18,Search,EdTech,Desktop,7315,4796,3683.8,698.0,10936.06
2025-02-04,Meta Ads,Campaign_106,Shopping,Ecommerce,Desktop,7587,1343,3250.55,674.0,
2024-04-29,Meta Ads,Campaign_72,Search,Healthcare,Desktop,3960,2513,1507.17,1080.0,5715.1
2024-02-09,Google Ads,Campaign_56,Shopping,Healthcare,Tablet,18480,15785,1478.55,,
2024-03-05,TikTok Ads,Campaign_23,Shopping,Healthcare,Tablet,12292,9796,3944.11,1075.0,10111.01
2024-05-09,Meta Ads,Campaign_95,Search,EdTech,Mobile,2821,2771,3484.09,1465.0,3048.38
2024-09-17,TikTok Ads,Campaign_74,Search,Ecommerce,Desktop,10234,207,4609.71,94.0,
2025-03-19,Meta Ads,Campaign_5,Search,EdTech,Tablet,1436,231,57.65,100.0,18.48
2025-01-15,TikTok Ads,Campaign_27,Video,EdTech,Mobile,19986,18320,2581.09,4183.0,3039.45
2024-12-06,Google Ads,Campaign_35,Search,Ecommerce,Desktop,11129,7057,711.49,,1169.37
2024-11-06,Google Ads,Campaign_32,Search,Healthcare,Desktop,9757,4768,1763.22,398.0,8138.09
2025-01-10,Meta Ads,Campaign_13,Video,Healthcare,Desktop,18490,1087,1455.22,632.0,5590.3
2025-03-19,TikTok Ads,Campaign_115,Shopping,Healthcare,Desktop,17939,7054,829.77,5894.0,
2024-06-01,Meta Ads,Campaign_57,Shopping,EdTech,Tablet,16319,14364,807.7,3429.0,
2024-11-13,Google Ads,Campaign_33,Search,Finance,Mobile,6514,4900,2791.5,4409.0,10007.91
2024-10-05,Meta Ads,Campaign_20,Shopping,Healthcare,Mobile,374,297,2186.27,17.0,397.58
2024-03-12,Google Ads,Campaign_21,Search,Finance,Mobile,8065,4372,3111.58,3147.0,13639.78
2024-07-19,Meta Ads,Campaign_70,Search,Healthcare,Desktop,9127,3518,1592.79,,151.05
2024-02-10,TikTok Ads,Campaign_23,Search,Finance,Tablet,11419,7900,3704.57,1827.0,16008.83
2025-03-21,TikTok Ads,Campaign_28,Video,Healthcare,Tablet,12998,6136,369.64,3003.0,1775.89
2024-06-10,TikTok Ads,Campaign_117,Shopping,Healthcare,Desktop,8498,8312,467.57,,1626.05
2024-04-20,Meta Ads,Campaign_112,Shopping,Finance,Mobile,19379,4612,1547.75,1547.0,5469.77
2024-05-11,Google Ads,Campaign_113,Shopping,Finance,Tablet,9435,4582,726.05,2043.0,1140.04
2024-06-27,Meta Ads,Campaign_106,Shopping,EdTech,Mobile,915,777,237.24,10.0,987.09
2024-07-11,Google Ads,Campaign_89,Shopping,EdTech,Desktop,14576,6979,53.74,180.0,137.78
2024-11-03,TikTok Ads,Campaign_67,Search,EdTech,Tablet,7214,1456,299.24,145.0,291.71
2024-10-14,Google Ads,Campaign_41,Video,EdTech,Tablet,6345,5298,991.54,78.0,
2024-12-19,Meta Ads,Campaign_35,Shopping,EdTech,Mobile,15958,15561,3228.64,9255.0,942.64
2024-01-01,Google Ads,Campaign_90,Shopping,Finance,Tablet,14978,788,3933.72,376.0,13413.74
2024-04-20,Google Ads,Campaign_32,Search,Finance,Mobile,9640,966,3262.55,956.0,
2024-05-31,TikTok Ads,Campaign_62,Shopping,EdTech,Tablet,16015,9630,3705.73,3871.0,5242.17
2024-05-02,Meta Ads,Campaign_15,Video,EdTech,Desktop,18654,5385,3174.94,229.0,
2024-02-27,Google Ads,Campaign_79,Search,EdTech,Desktop,3474,2599,4071.19,1865.0,15441.8
2024-03-30,TikTok Ads,Campaign_33,Video,Ecommerce,Mobile,15386,3522,974.12,322.0,3998.51
2025-01-05,TikTok Ads,Campaign_83,Search,Finance,Tablet,19999,6805,641.98,3157.0,1828.42
2024-12-04,TikTok Ads,Campaign_41,Video,EdTech,Desktop,12470,4249,2476.04,3411.0,5198.28
2024-06-28,Google Ads,Campaign_77,Video,Ecommerce,Desktop,14676,3807,2457.56,1339.0,5056.24
2024-11-29,Google Ads,Campaign_81,Search,Ecommerce,Mobile,4439,2741,317.76,845.0,817.61
2024-05-13,Meta Ads,Campaign_3,Shopping,EdTech,Tablet,11229,6300,2881.24,1274.0,
2024-12-17,Meta Ads,Campaign_106,Video,Ecommerce,Desktop,3886,160,4953.78,92.0,18884.82
2024-06-18,Meta Ads,Campaign_99,Video,EdTech,Mobile,12019,11672,2932.55,1299.0,8552.58
2024-09-30,TikTok Ads,Campaign_5,Search,EdTech,Mobile,1103,719,846.3,129.0,83.2
2024-06-27,TikTok Ads,Campaign_83,Shopping,EdTech,Tablet,18436,4946,3243.98,4089.0,9993.18
2024-09-04,Meta Ads,Campaign_52,Search,Finance,Desktop,14501,6357,882.52,2576.0,
2024-12-16,Meta Ads,Campaign_61,Shopping,Healthcare,Desktop,7938,7918,576.14,2141.0,1460.88
2025-03-17,Meta Ads,Campaign_55,Video,Finance,Tablet,19825,8595,3452.35,6346.0,
2024-02-25,Meta Ads,Campaign_78,Shopping,Ecommerce,Desktop,1303,1112,2433.59,670.0,10057.21
2025-01-24,Meta Ads,Campaign_8,Shopping,Finance,Mobile,11804,5029,1635.88,980.0,3973.69
2024-09-01,TikTok Ads,Campaign_5,Search,Healthcare,Tablet,5014,1300,2570.32,,7143.88
2024-02-12,Meta Ads,Campaign_89,Shopping,EdTech,Mobile,9087,464,2043.6,300.0,3682.54
2024-10-04,Meta Ads,Campaign_22,Video,EdTech,Desktop,15398,11545,4966.9,11109.0,16457.5
2024-06-05,Google Ads,Campaign_106,Video,Healthcare,Desktop,4017,748,532.32,519.0,1470.3
2024-08-17,Meta Ads,Campaign_52,Search,Healthcare,Tablet,5273,4820,2102.95,86.0,5314.42
2025-03-11,Meta Ads,Campaign_91,Shopping,Finance,Tablet,14929,10681,1080.36,,2044.71
2025-01-08,Meta Ads,Campaign_41,Search,Ecommerce,Tablet,13389,5884,4030.53,1968.0,
2024-08-17,Google Ads,Campaign_117,Search,EdTech,Desktop,10277,9981,3042.1,8075.0,10054.36
2024-12-10,TikTok Ads,Campaign_54,Shopping,Finance,Tablet,15516,4263,1651.32,1105.0,7452.59
2025-03-23,Meta Ads,Campaign_108,Shopping,Ecommerce,Desktop,12573,864,2355.67,54.0,6890.83
2024-08-27,Meta Ads,Campaign_86,Search,EdTech,Tablet,16475,9443,4608.96,285.0,19065.58
2024-01-10,Meta Ads,Campaign_84,Search,Ecommerce,Tablet,8207,2925,3959.14,2383.0,3492.11
2024-01-05,Meta Ads,Campaign_5,Shopping,Healthcare,Tablet,16038,8705,4298.74,6103.0,17169.71
2024-04-20,Google Ads,Campaign_97,Video,Ecommerce,Tablet,11267,7250,859.19,5273.0,
2024-11-12,Google Ads,Campaign_109,Search,EdTech,Tablet,12218,598,673.27,537.0,1378.18
2024-09-03,TikTok Ads,Campaign_22,Video,EdTech,Desktop,13629,6466,4522.52,1614.0,5504.61
2024-03-11,Google Ads,Campaign_95,Video,Ecommerce,Tablet,16448,4341,4444.12,3142.0,4065.96
2024-01-28,TikTok Ads,Campaign_104,Video,Ecommerce,Desktop,12766,6696,2666.42,5422.0,11984.86
2024-02-18,Meta Ads,Campaign_20,Shopping,EdTech,Desktop,13366,4881,1131.31,1478.0,4252.39
2024-02-25,TikTok Ads,Campaign_43,Shopping,Finance,Tablet,596,46,493.26,33.0,1452.51
2024-12-16,Meta Ads,Campaign_10,Video,Finance,Desktop,8957,2612,2624.24,466.0,
2025-01-31,TikTok Ads,Campaign_102,Shopping,Healthcare,Desktop,16056,5930,1052.01,751.0,582.87
2025-03-18,Google Ads,Campaign_95,Shopping,Finance,Tablet,18337,7945,779.66,3708.0,1068.83
2024-02-12,Meta Ads,Campaign_26,Shopping,Finance,Mobile,11580,4582,513.78,2786.0,1121.31
2024-04-28,Meta Ads,Campaign_10,Search,Finance,Desktop,7297,6676,2824.95,,3789.3
2024-05-29,TikTok Ads,Campaign_80,Search,EdTech,Mobile,13901,7369,1415.92,3895.0,3045.6
2024-07-23,Google Ads,Campaign_90,Video,Healthcare,Mobile,8050,2914,2386.82,2095.0,4873.64
2024-10-22,Google Ads,Campaign_58,Shopping,Healthcare,Desktop,12026,3091,2133.63,1382.0,8364.03
2024-11-17,TikTok Ads,Campaign_119,Shopping,Healthcare,Tablet,15946,8124,2249.87,4948.0,8194.27
2024-06-04,Google Ads,Campaign_14,Search,Ecommerce,Mobile,2395,1536,51.95,1197.0,225.95
2025-01-27,Google Ads,Campaign_18,Shopping,Finance,Mobile,4540,2169,3578.2,1843.0,5595.25
2024-04-16,Meta Ads,Campaign_59,Video,Healthcare,Mobile,1286,142,1021.76,37.0,3988.05
2024-12-11,TikTok Ads,Campaign_1,Search,Finance,Mobile,10770,6309,2596.23,6054.0,7008.7
2024-03-04,Meta Ads,Campaign_11,Search,Healthcare,Mobile,13322,7747,2639.58,7394.0,
2024-02-27,Google Ads,Campaign_15,Shopping,Ecommerce,Desktop,18044,1763,4013.23,541.0,17841.99
2024-05-24,Google Ads,Campaign_14,Shopping,Finance,Desktop,17810,8067,310.0,3659.0,468.91
2024-07-16,Meta Ads,Campaign_86,Shopping,EdTech,Desktop,2293,1625,961.58,1453.0,1271.54
2024-10-28,Google Ads,Campaign_118,Video,EdTech,Mobile,19881,19778,4465.21,17157.0,20691.09
2024-12-07,Meta Ads,Campaign_74,Shopping,EdTech,Tablet,7239,6590,629.01,5828.0,843.97
2024-12-14,Google Ads,Campaign_79,Search,EdTech,Mobile,17572,5147,4599.69,3443.0,19111.49
2024-08-02,Google Ads,Campaign_13,Video,Ecommerce,Tablet,5678,3337,472.14,987.0,1212.0
2025-02-02,Google Ads,Campaign_12,Shopping,EdTech,Mobile,193,79,457.77,57.0,1523.37
2025-02-18,Google Ads,Campaign_82,Search,Ecommerce,Mobile,19943,15859,2693.41,,8473.87
2024-07-25,Meta Ads,Campaign_56,Video,Finance,Tablet,8324,7407,4163.21,7245.0,8535.03
2024-03-12,TikTok Ads,Campaign_93,Video,Finance,Tablet,15567,12583,1893.54,401.0,4053.87
2025-01-10,TikTok Ads,Campaign_16,Video,Ecommerce,Tablet,2275,452,322.36,253.0,1005.45
2024-03-29,Meta Ads,Campaign_98,Shopping,Healthcare,Tablet,11883,9295,933.03,7812.0,
2024-04-21,Google Ads,Campaign_78,Video,Healthcare,Mobile,4149,2243,3999.71,1752.0,1060.8
2024-12-05,TikTok Ads,Campaign_36,Shopping,Ecommerce,Desktop,6551,278,3047.45,164.0,3566.66
2024-05-27,Meta Ads,Campaign_76,Search,Finance,Desktop,15272,2819,1410.33,2066.0,129.05
2024-08-20,TikTok Ads,Campaign_75,Video,Ecommerce,Tablet,13102,7901,309.4,1174.0,444.85
2025-01-15,TikTok Ads,Campaign_28,Shopping,Ecommerce,Desktop,8159,2474,2872.55,,14236.33
2025-03-07,Meta Ads,Campaign_90,Shopping,Finance,Desktop,10037,1337,1028.73,1324.0,1170.49
2024-02-25,TikTok Ads,Campaign_26,Search,Finance,Tablet,8579,3680,4964.6,1602.0,
2025-01-04,Meta Ads,Campaign_2,Search,Healthcare,Mobile,11183,8505,4571.93,2280.0,16908.63
2024-05-28,TikTok Ads,Campaign_55,Search,Healthcare,Mobile,18121,9562,1817.65,3395.0,4253.31
2024-05-17,TikTok Ads,Campaign_40,Video,EdTech,Desktop,9595,3733,3451.88,2822.0,9354.94
2024-10-11,TikTok Ads,Campaign_100,Search,Finance,Desktop,11011,9164,4985.7,7334.0,17407.63
2024-01-29,TikTok Ads,Campaign_86,Search,Healthcare,Mobile,19350,7755,2288.0,553.0,984.05
2024-09-26,Meta Ads,Campaign_99,Search,Healthcare,Mobile,10215,9781,4492.12,5313.0,9569.99
2025-01-09,Meta Ads,Campaign_36,Search,Healthcare,Mobile,2075,1312,1163.33,236.0,831.34
2024-04-13,Meta Ads,Campaign_26,Search,Healthcare,Mobile,11934,6521,1582.07,6355.0,3334.41
2024-11-27,Google Ads,Campaign_67,Video,Healthcare,Mobile,14171,3524,3939.6,,13321.37
2024-05-06,TikTok Ads,Campaign_3,Video,Ecommerce,Mobile,13850,3316,4734.23,947.0,14024.3
2024-04-14,TikTok Ads,Campaign_78,Shopping,EdTech,Desktop,12461,10190,1370.21,89.0,3416.9
2024-03-06,TikTok Ads,Campaign_100,Video,Ecommerce,Mobile,6091,2633,3441.84,,2690.66
2025-02-07,TikTok Ads,Campaign_86,Shopping,Finance,Desktop,16995,13414,499.63,9651.0,
2025-01-23,Meta Ads,Campaign_5,Shopping,Ecommerce,Tablet,15437,11318,2933.17,11023.0,11861.47
2024-02-22,Google Ads,Campaign_14,Search,Finance,Tablet,5353,903,4155.4,153.0,
2024-01-06,Google Ads,Campaign_49,Shopping,Finance,Mobile,12802,8672,2065.67,6557.0,1211.41
2025-03-06,TikTok Ads,Campaign_16,Video,EdTech,Desktop,3019,764,1365.83,39.0,4176.77
2025-01-10,Meta Ads,Campaign_22,Search,Ecommerce,Mobile,9974,1064,2331.61,408.0,5435.54
2025-01-23,Meta Ads,Campaign_59,Shopping,Finance,Tablet,17775,1335,1244.42,211.0,543.81
2024-12-23,TikTok Ads,Campaign_119,Shopping,Ecommerce,Desktop,17875,15816,1758.9,7301.0,
2024-03-10,Meta Ads,Campaign_75,Video,Healthcare,Desktop,6613,4319,1380.61,1275.0,1630.92
2024-08-26,Meta Ads,Campaign_100,Video,Ecommerce,Desktop,3983,267,4034.57,87.0,16179.29
2024-03-09,Google Ads,Campaign_117,Shopping,Ecommerce,Mobile,16181,992,2592.47,735.0,12313.17
2024-04-22,Meta Ads,Campaign_112,Shopping,Finance,Tablet,7084,2888,4131.24,591.0,6182.81
2025-02-03,Meta Ads,Campaign_119,Video,Finance,Mobile,7114,3052,2950.13,1123.0,8997.55
2024-09-28,Google Ads,Campaign_60,Video,Ecommerce,Desktop,7450,2945,2630.59,2057.0,5597.83
2024-08-13,Google Ads,Campaign_30,Shopping,Healthcare,Desktop,9392,8501,112.14,1025.0,388.1
2024-12-26,Google Ads,Campaign_40,Video,EdTech,Tablet,14363,12429,2077.92,4023.0,6878.84
2024-01-24,Meta Ads,Campaign_63,Shopping,Healthcare,Tablet,10616,4680,629.09,798.0,1701.49
2024-11-05,TikTok Ads,Campaign_39,Search,Finance,Tablet,13971,13939,3447.01,11873.0,16197.77
2024-02-05,Meta Ads,Campaign_66,Search,Ecommerce,Tablet,7210,787,3923.36,339.0,1535.85
2024-04-07,Meta Ads,Campaign_91,Shopping,Ecommerce,Tablet,1358,1204,46.86,,
2024-02-28,Meta Ads,Campaign_11,Shopping,Finance,Desktop,14216,10015,53.04,2625.0,141.97
2024-05-06,TikTok Ads,Campaign_26,Video,EdTech,Desktop,17921,11169,2814.9,2728.0,7118.57
2024-07-01,Google Ads,Campaign_77,Shopping,EdTech,Tablet,923,618,585.44,304.0,879.54
2024-10-06,TikTok Ads,Campaign_103,Video,Healthcare,Tablet,16476,7375,2233.0,6724.0,10052.53
2024-12-27,Google Ads,Campaign_113,Shopping,Healthcare,Mobile,11282,6833,4924.0,2256.0,
2024-05-28,Google Ads,Campaign_115,Video,EdTech,Mobile,10594,2147,4003.56,1639.0,16967.74
2024-04-27,Meta Ads,Campaign_91,Video,EdTech,Mobile,1994,1837,959.63,1323.0,2065.75
2024-01-06,Google Ads,Campaign_89,Shopping,Finance,Mobile,10236,8075,226.48,,481.36
2024-08-01,TikTok Ads,Campaign_4,Video,Ecommerce,Mobile,11194,5916,2863.24,4546.0,1143.67
2024-02-01,TikTok Ads,Campaign_18,Search,Ecommerce,Tablet,982,575,3199.09,332.0,7208.32
2024-10-11,Google Ads,Campaign_76,Search,EdTech,Mobile,18707,13318,606.92,1882.0,
2025-01-02,Meta Ads,Campaign_41,Video,Ecommerce,Mobile,13242,10599,224.13,3202.0,907.08
2025-01-07,TikTok Ads,Campaign_74,Video,Ecommerce,Tablet,14542,2162,2356.9,1192.0,4617.18
2024-02-08,Meta Ads,Campaign_44,Shopping,Ecommerce,Desktop,1867,1688,1455.69,576.0,4740.88
2025-02-02,Meta Ads,Campaign_6,Video,Ecommerce,Tablet,14202,4547,1260.59,4083.0,4039.96
2024-07-22,Meta Ads,Campaign_77,Search,Ecommerce,Tablet,16481,10140,4475.66,8156.0,3761.12
2025-02-02,TikTok Ads,Campaign_72,Shopping,EdTech,Desktop,2923,905,3930.13,808.0,
2024-10-12,TikTok Ads,Campaign_52,Shopping,Healthcare,Mobile,8114,1606,1606.69,381.0,1753.52
2024-09-07,Google Ads,Campaign_49,Shopping,Finance,Tablet,14150,9701,4929.77,,21393.31
2025-03-30,Google Ads,Campaign_60,Search,Healthcare,Tablet,8810,2712,3949.55,858.0,9092.29
2024-03-04,Google Ads,Campaign_6,Search,Ecommerce,Tablet,4239,618,2240.35,353.0,6126.09
2024-07-28,Google Ads,Campaign_65,Video,Healthcare,Desktop,13137,2166,4114.06,173.0,13891.26
2025-01-25,TikTok Ads,Campaign_75,Search,Healthcare,Desktop,6703,227,3263.42,53.0,3024.91
2024-01-31,Meta Ads,Campaign_56,Search,Ecommerce,Desktop,18180,15870,162.07,8046.0,189.39
2024-11-12,Meta Ads,Campaign_7,Video,Ecommerce,Tablet,7654,95,124.52,92.0,
2024-09-03,TikTok Ads,Campaign_80,Video,Finance,Mobile,17214,12002,1309.56,7937.0,3823.75
2024-01-13,Google Ads,Campaign_26,Video,Ecommerce,Desktop,753,213,4530.52,199.0,1541.49
2024-07-05,Google Ads,Campaign_40,Shopping,Finance,Desktop,1514,1115,502.46,840.0,17.34
2024-03-28,Meta Ads,Campaign_12,Shopping,Ecommerce,Tablet,5364,90,1925.02,54.0,1159.49
2024-12-20,Meta Ads,Campaign_49,Shopping,EdTech,Desktop,17738,7877,2454.61,3946.0,4478.69
2024-01-18,Meta Ads,Campaign_65,Search,Ecommerce,Mobile,4983,938,4108.6,367.0,4662.98
2024-08-16,Google Ads,Campaign_92,Search,Ecommerce,Tablet,11147,6290,1382.01,5913.0,4755.84
2025-03-15,Google Ads,Campaign_67,Video,EdTech,Mobile,3979,1287,2697.49,739.0,7367.01
2024-01-02,TikTok Ads,Campaign_31,Search,Ecommerce,Mobile,7480,1185,4872.0,589.0,
2024-04-18,Google Ads,Campaign_35,Search,Healthcare,Mobile,19937,16308,3992.46,15985.0,11286.8
2024-12-08,Google Ads,Campaign_90,Search,Ecommerce,Tablet,3579,3099,1623.67,2251.0,
2024-04-30,TikTok Ads,Campaign_102,Shopping,Finance,Desktop,18462,2714,2484.44,1338.0,
2024-04-25,Google Ads,Campaign_28,Shopping,Ecommerce,Tablet,7358,6395,1870.52,,7961.35
2024-03-10,TikTok Ads,Campaign_17,Search,EdTech,Tablet,14022,5325,4235.57,2965.0,9017.75
2024-07-31,Google Ads,Campaign_32,Search,Healthcare,Desktop,6661,1471,2439.95,131.0,10088.22
2024-05-26,TikTok Ads,Campaign_117,Shopping,Ecommerce,Desktop,6462,1800,2127.18,1222.0,
2024-11-08,Meta Ads,Campaign_79,Video,Ecommerce,Desktop,5447,5014,3717.11,2663.0,2309.04
2024-10-08,Meta Ads,Campaign_46,Search,Finance,Desktop,18175,16119,4692.96,2519.0,5116.91
2024-07-29,Google Ads,Campaign_112,Search,Healthcare,Tablet,18344,12386,4234.44,8846.0,17492.76
2024-02-13,Meta Ads,Campaign_81,Video,Healthcare,Tablet,1758,1171,4803.39,359.0,9893.89
2024-01-26,TikTok Ads,Campaign_25,Search,Healthcare,Tablet,11494,9101,2483.33,1961.0,11522.08
2024-01-04,TikTok Ads,Campaign_7,Video,Finance,Mobile,19626,4683,3804.43,,7912.01
2024-01-01,TikTok Ads,Campaign_100,Shopping,Finance,Mobile,12923,1176,1126.72,39.0,
2024-03-11,TikTok Ads,Campaign_77,Search,Healthcare,Mobile,13786,9570,611.71,5243.0,144.18
2025-01-31,Google Ads,Campaign_80,Shopping,EdTech,Desktop,17949,4268,1812.43,2839.0,
2024-01-19,Meta Ads,Campaign_17,Search,Finance,Mobile,1026,535,629.42,520.0,920.75
2024-03-25,Meta Ads,Campaign_16,Shopping,Ecommerce,Desktop,17807,3721,4970.05,1475.0,1157.24
2024-10-20,Google Ads,Campaign_74,Search,Ecommerce,Desktop,14285,12439,456.24,9097.0,801.22
2024-07-24,Google Ads,Campaign_81,Search,Healthcare,Desktop,13541,12591,3127.35,12464.0,9504.61
2025-03-25,Meta Ads,Campaign_73,Search,Finance,Mobile,3062,801,4122.25,387.0,7224.94
2024-11-24,TikTok Ads,Campaign_38,Video,Ecommerce,Mobile,18403,9072,195.51,4161.0,943.21
2024-07-30,Google Ads,Campaign_40,Search,EdTech,Mobile,5887,1478,1193.83,40.0,
2025-01-02,TikTok Ads,Campaign_14,Shopping,Healthcare,Desktop,12448,6856,2474.72,5660.0,143.2
2024-07-30,Google Ads,Campaign_35,Video,Finance,Desktop,6516,4401,3423.87,3032.0,16035.37
2024-11-16,TikTok Ads,Campaign_84,Shopping,EdTech,Desktop,11830,10589,3267.22,10112.0,1054.33
2024-09-26,Google Ads,Campaign_75,Video,EdTech,Tablet,3807,640,3071.8,15.0,
2024-09-16,Meta Ads,Campaign_77,Video,Healthcare,Mobile,7952,1403,3320.46,386.0,250.81
2024-03-30,Meta Ads,Campaign_55,Shopping,Healthcare,Mobile,9383,3315,1770.82,3289.0,4799.68
2024-05-28,Meta Ads,Campaign_111,Shopping,EdTech,Desktop,17593,4978,767.39,,
2024-11-19,Meta Ads,Campaign_44,Search,Finance,Mobile,18101,9546,1919.17,2635.0,9406.35
2024-01-26,Google Ads,Campaign_100,Video,Ecommerce,Desktop,19332,16333,3238.03,6830.0,12254.0
2024-11-15,TikTok Ads,Campaign_109,Search,Ecommerce,Tablet,13341,3716,4166.08,905.0,19661.37
2024-01-18,Google Ads,Campaign_112,Search,Finance,Tablet,19902,6644,99.43,4354.0,
2024-07-25,TikTok Ads,Campaign_13,Search,Healthcare,Mobile,17980,1287,3508.19,267.0,1444.47
2024-09-29,TikTok Ads,Campaign_90,Shopping,Ecommerce,Tablet,5695,5445,3577.86,804.0,16688.48
2025-03-01,TikTok Ads,Campaign_46,Video,EdTech,Desktop,11997,11202,265.44,11175.0,1080.13
2024-03-02,Meta Ads,Campaign_82,Shopping,Healthcare,Mobile,5730,284,4968.69,,4145.04
2024-10-05,TikTok Ads,Campaign_93,Search,Finance,Mobile,14315,3269,2860.86,376.0,11656.52
2024-01-12,Meta Ads,Campaign_8,Search,Healthcare,Tablet,19083,12809,737.37,2158.0,524.82
2024-04-05,TikTok Ads,Campaign_66,Shopping,Finance,Tablet,1210,1122,3273.1,,
2024-02-05,Meta Ads,Campaign_23,Search,Ecommerce,Desktop,2861,398,2126.16,271.0,5877.39
2025-02-03,Meta Ads,Campaign_43,Shopping,EdTech,Desktop,9641,3942,4017.15,1771.0,9020.64
2024-09-04,Meta Ads,Campaign_84,Video,Healthcare,Tablet,19486,1800,2341.28,808.0,485.01
2025-03-13,TikTok Ads,Campaign_118,Video,Healthcare,Tablet,2489,515,2852.18,44.0,11753.13
2024-03-18,Google Ads,Campaign_91,Search,EdTech,Desktop,4087,1491,470.56,,356.67
2025-03-06,TikTok Ads,Campaign_110,Video,EdTech,Desktop,10551,5262,2377.13,196.0,3931.75
2024-03-02,Google Ads,Campaign_51,Search,Healthcare,Mobile,15817,6253,3542.1,6233.0,2661.46
2024-10-29,TikTok Ads,Campaign_29,Shopping,Ecommerce,Mobile,13755,9734,4292.25,1992.0,5707.76
2024-02-06,Google Ads,Campaign_91,Search,Finance,Desktop,13034,2674,3295.66,452.0,12060.57
2025-02-22,Google Ads,Campaign_108,Search,EdTech,Tablet,4660,3417,3716.26,820.0,9877.48
2025-02-20,Google Ads,Campaign_119,Search,Finance,Tablet,2177,1885,2064.83,786.0,3711.71
2025-03-28,TikTok Ads,Campaign_71,Shopping,Ecommerce,Desktop,12398,9442,1127.9,5906.0,705.08
2024-03-15,TikTok Ads,Campaign_82,Shopping,Finance,Mobile,5744,3900,3392.49,915.0,13330.31
2024-06-15,Meta Ads,Campaign_101,Shopping,Healthcare,Mobile,18134,16786,1924.45,10427.0,5474.51
2024-01-18,Google Ads,Campaign_61,Shopping,Ecommerce,Mobile,11870,7238,1824.92,4996.0,3291.75
2024-04-13,TikTok Ads,Campaign_97,Search,Finance,Desktop,9571,4528,1707.79,1041.0,8468.55
2024-07-04,TikTok Ads,Campaign_85,Video,EdTech,Desktop,5183,2301,3812.7,825.0,8955.69
2024-07-12,Meta Ads,Campaign_43,Search,Healthcare,Mobile,2695,513,3156.52,501.0,5471.68
2024-03-02,Meta Ads,Campaign_101,Shopping,EdTech,Desktop,263,4,365.65,4.0,1052.38
2025-01-18,Google Ads,Campaign_47,Shopping,Finance,Tablet,17482,16673,3864.29,2604.0,10148.77
2024-10-22,Google Ads,Campaign_61,Search,Finance,Desktop,6803,2294,2055.12,,2561.06
2024-03-30,TikTok Ads,Campaign_70,Video,Ecommerce,Tablet,19440,9515,1046.37,350.0,113.68
2024-08-12,Meta Ads,Campaign_54,Shopping,Finance,Tablet,1116,133,4113.66,111.0,5847.11
2025-03-18,Google Ads,Campaign_94,Search,Ecommerce,Tablet,17787,5630,4151.48,1330.0,7125.64
2024-02-23,Google Ads,Campaign_94,Shopping,Ecommerce,Tablet,1943,957,2814.31,615.0,8117.96
2024-11-05,Meta Ads,Campaign_66,Search,Healthcare,Desktop,12841,11086,3607.02,4921.0,10508.65
2024-04-03,TikTok Ads,Campaign_15,Video,EdTech,Mobile,17721,12281,2579.41,11044.0,12753.36
2024-09-21,Google Ads,Campaign_22,Search,Ecommerce,Desktop,3501,2276,4565.87,2077.0,15466.5
2025-03-24,Meta Ads,Campaign_43,Video,EdTech,Desktop,19613,17574,646.8,15544.0,158.21
2024-09-18,TikTok Ads,Campaign_8,Search,Finance,Desktop,16830,11927,2191.71,2250.0,5336.48
2025-03-12,TikTok Ads,Campaign_28,Shopping,Healthcare,Mobile,10626,8833,1532.78,4037.0,3178.04
2024-07-12,TikTok Ads,Campaign_40,Video,Ecommerce,Tablet,6098,4782,1321.72,4460.0,
2024-12-01,TikTok Ads,Campaign_85,Video,EdTech,Desktop,7557,7192,2810.11,5421.0,10551.55
2024-03-22,Google Ads,Campaign_73,Shopping,Finance,Tablet,13185,643,3391.28,20.0,7757.79
2024-01-01,Google Ads,Campaign_73,Search,Healthcare,Tablet,5684,2687,4172.19,1169.0,1516.37
2024-01-25,Google Ads,Campaign_84,Video,Ecommerce,Tablet,11709,10157,3987.16,303.0,4271.2
2024-10-04,Meta Ads,Campaign_19,Video,Ecommerce,Tablet,1353,179,4260.18,112.0,2229.78
2024-08-29,Meta Ads,Campaign_108,Shopping,EdTech,Tablet,17004,16305,1767.64,9405.0,1629.47
2024-04-15,Meta Ads,Campaign_77,Search,Ecommerce,Tablet,18624,6535,89.77,5161.0,236.44
2024-08-20,Google Ads,Campaign_105,Video,Finance,Tablet,5413,2835,1911.45,1875.0,2078.48
2024-09-03,TikTok Ads,Campaign_58,Video,Ecommerce,Tablet,17925,13238,1335.69,2091.0,
2024-08-22,Meta Ads,Campaign_59,Video,Ecommerce,Desktop,7987,5020,589.43,3014.0,771.11
2024-11-28,Meta Ads,Campaign_112,Video,Healthcare,Mobile,1732,1524,2004.2,894.0,
2024-08-27,TikTok Ads,Campaign_29,Shopping,Ecommerce,Mobile,15226,165,521.88,72.0,343.41
2025-01-03,Google Ads,Campaign_34,Search,EdTech,Tablet,16830,96,41.98,29.0,209.84
2024-07-08,Meta Ads,Campaign_105,Search,Finance,Mobile,15309,14105,2432.13,661.0,3099.28
2024-12-27,TikTok Ads,Campaign_40,Shopping,Healthcare,Desktop,9309,6690,2997.27,3482.0,8668.21
2025-03-30,Meta Ads,Campaign_118,Search,EdTech,Mobile,5634,910,1750.59,606.0,2001.92
2025-03-05,TikTok Ads,Campaign_46,Shopping,Finance,Tablet,18862,16688,3699.04,16282.0,1956.22
2024-07-31,Google Ads,Campaign_117,Search,Finance,Desktop,19849,3566,4596.79,512.0,21632.04
2024-03-15,Meta Ads,Campaign_17,Video,Ecommerce,Tablet,13452,5787,1995.91,1245.0,5766.96
2024-03-07,Meta Ads,Campaign_107,Video,Finance,Tablet,14256,196,3311.32,,16548.26
2024-08-02,Google Ads,Campaign_80,Shopping,Healthcare,Mobile,13432,7178,3145.31,6727.0,
2024-01-30,Meta Ads,Campaign_33,Search,Finance,Tablet,6377,6077,4111.81,,16125.36
2025-01-01,Google Ads,Campaign_64,Shopping,Healthcare,Mobile,17837,10493,2306.73,7546.0,7425.58
2025-03-19,TikTok Ads,Campaign_79,Shopping,EdTech,Mobile,10745,30,4750.32,0.0,7763.74
2024-01-20,Google Ads,Campaign_45,Search,Ecommerce,Tablet,16588,9675,512.27,,1707.37
2024-06-15,Meta Ads,Campaign_31,Video,EdTech,Desktop,6142,2099,4749.54,1742.0,8890.0
2025-01-20,TikTok Ads,Campaign_31,Shopping,Ecommerce,Mobile,18951,17480,3126.59,3098.0,4083.01
2024-03-22,Google Ads,Campaign_46,Video,Finance,Tablet,2704,2658,683.86,2227.0,
2024-01-24,Google Ads,Campaign_99,Shopping,Finance,Mobile,2666,1209,415.02,265.0,679.6
2024-04-24,Google Ads,Campaign_32,Video,EdTech,Desktop,10079,4012,4913.57,1978.0,23914.39
2025-02-19,TikTok Ads,Campaign_118,Shopping,EdTech,Tablet,5917,69,302.98,29.0,65.19
2024-09-16,Google Ads,Campaign_57,Shopping,Ecommerce,Desktop,9074,6350,3898.19,2625.0,1306.92
2024-10-18,Google Ads,Campaign_72,Search,Finance,Tablet,12206,11443,4416.4,1533.0,18339.84
2024-03-13,Meta Ads,Campaign_85,Video,Healthcare,Tablet,16481,4754,4309.67,,15404.93
2024-09-20,Meta Ads,Campaign_24,Video,Finance,Tablet,11715,5426,581.02,183.0,
2024-01-19,Meta Ads,Campaign_60,Search,EdTech,Tablet,11309,349,3241.63,98.0,8153.06
2024-08-09,TikTok Ads,Campaign_108,Search,Ecommerce,Mobile,12395,220,4225.61,144.0,9773.44
2024-05-25,Meta Ads,Campaign_98,Shopping,Healthcare,Mobile,9827,2068,4047.32,,1004.84
2024-12-19,TikTok Ads,Campaign_90,Search,Healthcare,Desktop,12980,10229,2058.74,9416.0,
2024-07-28,Google Ads,Campaign_54,Video,Finance,Mobile,16153,15736,1466.62,7135.0,6151.97
2024-03-22,TikTok Ads,Campaign_70,Video,Finance,Tablet,9933,1203,4135.45,240.0,1137.73
2024-09-17,TikTok Ads,Campaign_36,Video,Healthcare,Tablet,744,426,4453.08,190.0,11039.02
2024-02-28,Google Ads,Campaign_39,Shopping,EdTech,Mobile,9109,6504,479.23,3822.0,419.17
2024-08-28,Google Ads,Campaign_102,Shopping,Ecommerce,Mobile,1624,262,1813.93,115.0,5730.17
2025-03-24,Google Ads,Campaign_107,Shopping,EdTech,Mobile,14397,7738,4549.27,237.0,20567.71
2024-11-01,Meta Ads,Campaign_65,Video,Ecommerce,Mobile,4445,1304,3308.93,475.0,4764.02
2024-12-04,TikTok Ads,Campaign_4,Shopping,Ecommerce,Mobile,15009,11655,3711.11,9885.0,14176.0
2025-03-15,TikTok Ads,Campaign_87,Video,Ecommerce,Tablet,8048,1521,4995.63,900.0,1465.24
2024-05-07,Google Ads,Campaign_29,Video,Finance,Tablet,8340,4247,31.63,2353.0,82.21
2024-01-16,Google Ads,Campaign_23,Shopping,Healthcare,Mobile,10188,9442,3387.71,4462.0,14619.11
2024-04-23,Meta Ads,Campaign_54,Video,Finance,Mobile,13989,5178,4161.83,,
2025-03-20,TikTok Ads,Campaign_115,Search,Healthcare,Tablet,13347,2634,2526.12,2505.0,4856.8
2025-01-07,Meta Ads,Campaign_86,Search,EdTech,Tablet,16376,3349,1281.93,3214.0,
2024-10-28,Google Ads,Campaign_100,Video,EdTech,Mobile,740,326,2463.81,36.0,4613.19
2024-10-04,Meta Ads,Campaign_56,Search,Ecommerce,Mobile,15038,9583,4093.07,6206.0,9297.38
2025-03-21,Google Ads,Campaign_106,Video,Finance,Tablet,1979,1649,1459.32,,4008.91
2024-08-12,Meta Ads,Campaign_103,Search,Finance,Desktop,14496,8592,1533.21,1280.0,7107.25
2024-04-30,Meta Ads,Campaign_32,Video,Ecommerce,Tablet,9303,9248,4908.24,2300.0,7282.55
2025-03-23,TikTok Ads,Campaign_49,Search,Healthcare,Tablet,11183,9815,398.5,7861.0,914.59
2025-02-01,Google Ads,Campaign_88,Search,Finance,Tablet,15029,4306,2426.16,3781.0,2501.2
2025-03-13,Meta Ads,Campaign_47,Search,Finance,Mobile,8684,5725,2024.07,,
2025-01-30,Google Ads,Campaign_20,Search,EdTech,Desktop,6426,4009,533.09,2807.0,2038.07
2024-01-30,Google Ads,Campaign_2,Search,Healthcare,Mobile,12245,5409,2352.99,946.0,2515.56
2024-08-16,Meta Ads,Campaign_18,Shopping,Healthcare,Desktop,125,44,1784.87,,1952.39
2024-06-06,TikTok Ads,Campaign_116,Video,EdTech,Desktop,10769,1693,3097.29,548.0,12944.52
2024-12-03,TikTok Ads,Campaign_33,Video,Ecommerce,Mobile,17928,5225,109.97,3901.0,125.81
2024-07-15,TikTok Ads,Campaign_32,Search,EdTech,Tablet,17480,1204,264.03,,
2024-10-03,Meta Ads,Campaign_41,Shopping,Ecommerce,Mobile,11522,3568,3704.98,2925.0,12979.51
2025-01-14,TikTok Ads,Campaign_96,Video,Ecommerce,Mobile,7778,1684,4099.01,,7139.87
2025-02-19,TikTok Ads,Campaign_117,Video,EdTech,Mobile,8804,1387,1071.73,818.0,3595.56
2025-01-01,Meta Ads,Campaign_7,Shopping,Ecommerce,Desktop,5085,3105,2197.33,,3828.29
2024-10-21,Google Ads,Campaign_73,Search,EdTech,Tablet,9154,1243,3643.54,973.0,4115.64
2024-07-16,TikTok Ads,Campaign_17,Video,Healthcare,Mobile,3814,220,539.77,14.0,1981.65
2025-03-27,Meta Ads,Campaign_104,Video,Healthcare,Desktop,5082,4322,2315.01,2605.0,7637.86
2024-11-13,Google Ads,Campaign_84,Video,Healthcare,Mobile,5415,2245,2200.42,1593.0,8501.18
2024-04-18,TikTok Ads,Campaign_64,Search,EdTech,Tablet,9356,8092,100.98,5629.0,391.52
2024-10-19,Google Ads,Campaign_35,Search,EdTech,Tablet,785,227,2228.37,83.0,563.54
2024-08-17,TikTok Ads,Campaign_71,Shopping,Healthcare,Mobile,19932,7688,3199.95,2724.0,
2024-10-11,TikTok Ads,Campaign_53,Video,Ecommerce,Desktop,5548,5102,3058.17,4401.0,11794.78
2024-01-13,Meta Ads,Campaign_60,Video,Finance,Mobile,3123,2307,4657.02,1721.0,20431.09
2024-06-14,Meta Ads,Campaign_114,Video,Healthcare,Tablet,13747,3778,4816.73,321.0,19416.16
2024-09-28,Meta Ads,Campaign_64,Video,Ecommerce,Desktop,16438,11117,3352.03,6657.0,
2024-03-08,TikTok Ads,Campaign_19,Video,Ecommerce,Desktop,9369,8049,2054.54,5165.0,7698.96
2024-04-09,Meta Ads,Campaign_48,Video,Finance,Mobile,7057,3439,829.99,2367.0,1464.2
2025-01-26,TikTok Ads,Campaign_42,Search,Healthcare,Mobile,16648,15366,2406.47,,8051.95
2024-10-21,Meta Ads,Campaign_12,Shopping,Ecommerce,Desktop,7959,3196,4321.52,1185.0,13057.19
2025-01-14,Meta Ads,Campaign_38,Shopping,EdTech,Mobile,19010,8614,3184.6,1141.0,10587.98
2025-03-23,Meta Ads,Campaign_81,Search,Finance,Mobile,8482,1994,1337.22,834.0,6496.2
2025-03-31,Meta Ads,Campaign_92,Shopping,Healthcare,Desktop,9016,3274,1637.17,1936.0,3636.99
2024-09-09,Meta Ads,Campaign_118,Video,Healthcare,Desktop,18188,2023,2985.57,400.0,5209.23
2024-01-22,Google Ads,Campaign_41,Video,Finance,Desktop,5533,585,4252.8,497.0,
2024-06-06,Meta Ads,Campaign_75,Search,EdTech,Tablet,7618,6191,1816.96,2550.0,6360.15
2024-05-13,TikTok Ads,Campaign_67,Shopping,Healthcare,Mobile,9254,6122,1253.95,4528.0,1008.2
2025-03-28,Meta Ads,Campaign_63,Video,EdTech,Desktop,3069,1963,914.65,498.0,
2024-11-04,Meta Ads,Campaign_78,Video,Healthcare,Tablet,6121,3728,4798.85,3238.0,7527.01
2024-06-08,Google Ads,Campaign_94,Video,Finance,Tablet,200,3,2062.87,3.0,7422.0
2024-07-28,Google Ads,Campaign_86,Video,Healthcare,Tablet,4489,2016,4765.66,993.0,4757.32
2024-12-14,Meta Ads,Campaign_72,Video,Finance,Tablet,7402,972,4921.41,727.0,
2024-07-05,Meta Ads,Campaign_81,Video,Ecommerce,Desktop,13855,5040,2662.92,2377.0,177.78
2024-12-24,TikTok Ads,Campaign_35,Shopping,EdTech,Tablet,18216,13345,838.19,7605.0,1049.79
2024-11-06,Google Ads,Campaign_34,Video,Healthcare,Tablet,16359,6118,1316.38,4626.0,1316.92
2024-12-31,Google Ads,Campaign_118,Search,Healthcare,Tablet,14272,10491,447.28,3109.0,1372.52
2024-03-31,Google Ads,Campaign_43,Shopping,Finance,Mobile,17027,8217,3436.67,3937.0,
2024-04-27,TikTok Ads,Campaign_85,Search,EdTech,Desktop,13602,10517,4123.29,175.0,19907.22
2024-11-16,TikTok Ads,Campaign_96,Search,Ecommerce,Desktop,1920,1684,3802.53,1516.0,784.37
2024-11-19,Meta Ads,Campaign_49,Video,EdTech,Desktop,13808,10697,4222.66,3884.0,11690.17
2025-02-24,Google Ads,Campaign_91,Video,Ecommerce,Mobile,18484,12968,805.67,10084.0,1584.42
2024-11-09,TikTok Ads,Campaign_4,Shopping,EdTech,Mobile,6906,2541,3576.97,1259.0,2620.11
2024-09-06,Meta Ads,Campaign_77,Shopping,Ecommerce,Desktop,746,37,763.92,29.0,858.35
2024-12-26,TikTok Ads,Campaign_76,Shopping,Healthcare,Tablet,1789,1681,2806.26,239.0,9174.75
2024-11-23,Meta Ads,Campaign_114,Video,EdTech,Tablet,7252,7230,1287.88,99.0,847.0
2024-09-02,TikTok Ads,Campaign_24,Video,Finance,Desktop,17792,9702,754.9,,1437.21
2024-10-17,Google Ads,Campaign_48,Video,Healthcare,Tablet,67,7,212.54,6.0,373.5
2025-03-22,Google Ads,Campaign_93,Search,EdTech,Desktop,4651,352,1581.08,239.0,1042.76
2024-06-08,Google Ads,Campaign_111,Shopping,Healthcare,Tablet,1737,1603,1259.65,1048.0,4826.89
2025-01-16,Google Ads,Campaign_25,Shopping,Finance,Mobile,18979,2970,3699.53,2601.0,2104.72
2025-03-14,Meta Ads,Campaign_35,Video,Ecommerce,Tablet,3042,2836,3955.05,2468.0,
2024-10-16,Google Ads,Campaign_98,Search,Ecommerce,Desktop,15611,13143,2855.41,10493.0,
2025-01-12,Google Ads,Campaign_38,Video,Healthcare,Mobile,11827,2693,3480.7,1827.0,7164.53
2024-07-12,Google Ads,Campaign_104,Search,Healthcare,Desktop,6404,3967,3849.86,1211.0,12649.6
2024-04-29,Google Ads,Campaign_14,Video,Ecommerce,Mobile,11574,10135,2482.92,3999.0,11837.85
2024-11-25,Google Ads,Campaign_60,Video,Healthcare,Tablet,18618,10964,1758.54,9675.0,4566.74
2024-06-12,Google Ads,Campaign_13,Shopping,Finance,Mobile,15848,15161,2502.15,8705.0,6968.81
2024-03-19,Google Ads,Campaign_40,Shopping,Healthcare,Desktop,13208,2946,4373.76,1640.0,15034.76
2024-06-06,Meta Ads,Campaign_11,Video,Healthcare,Tablet,11561,4047,975.76,945.0,1277.56
2024-07-16,Google Ads,Campaign_111,Shopping,Healthcare,Mobile,7506,2027,3459.52,1283.0,16755.45
2024-02-09,Meta Ads,Campaign_22,Shopping,EdTech,Desktop,8200,5632,2069.95,5508.0,2024.57
2024-10-02,Google Ads,Campaign_110,Video,EdTech,Mobile,7364,6541,4662.43,3806.0,977.88
2024-11-28,TikTok Ads,Campaign_88,Video,Finance,Tablet,10536,3923,4516.34,2886.0,
2024-01-06,Meta Ads,Campaign_93,Shopping,EdTech,Tablet,11159,6852,4276.52,1212.0,
2024-03-23,Google Ads,Campaign_50,Shopping,Finance,Tablet,13869,3482,4204.62,2450.0,18971.91
2024-04-15,Google Ads,Campaign_91,Search,Finance,Mobile,7033,3084,1499.11,1879.0,3299.74
2024-12-05,TikTok Ads,Campaign_69,Search,EdTech,Desktop,18841,3450,1270.42,226.0,1457.03
2024-08-16,TikTok Ads,Campaign_43,Search,Finance,Desktop,12463,2631,2366.61,1345.0,2179.1
2024-10-26,TikTok Ads,Campaign_113,Shopping,EdTech,Mobile,4147,2131,2480.48,740.0,
2024-10-24,TikTok Ads,Campaign_74,Video,EdTech,Desktop,7905,4103,3572.04,,16361.44
2024-07-27,TikTok Ads,Campaign_39,Search,Finance,Tablet,12926,2919,3187.91,2746.0,2217.32
2024-02-12,Meta Ads,Campaign_55,Video,Finance,Desktop,785,605,3082.25,273.0,
2024-07-29,TikTok Ads,Campaign_104,Video,Healthcare,Tablet,6171,269,1147.58,73.0,778.41
2024-11-01,Google Ads,Campaign_36,Shopping,Ecommerce,Mobile,18604,11157,1120.15,8262.0,5020.64
2024-01-12,TikTok Ads,Campaign_67,Search,Healthcare,Desktop,5613,1583,3057.94,462.0,585.85
2024-02-10,TikTok Ads,Campaign_74,Shopping,Finance,Tablet,15809,11641,2061.72,10632.0,3228.13
2024-10-10,Meta Ads,Campaign_76,Shopping,EdTech,Mobile,6997,4604,2748.84,2560.0,
2024-10-01,Meta Ads,Campaign_39,Shopping,EdTech,Desktop,17787,16257,258.06,12267.0,
2024-11-19,TikTok Ads,Campaign_10,Shopping,Finance,Desktop,4368,3029,169.1,40.0,429.31
2024-06-17,Meta Ads,Campaign_44,Video,Finance,Desktop,14231,9028,3579.98,8716.0,10644.45
2024-03-27,TikTok Ads,Campaign_63,Video,Ecommerce,Tablet,13256,11776,3537.4,9909.0,3816.79
2025-03-29,Meta Ads,Campaign_57,Search,Healthcare,Desktop,16147,960,845.96,63.0,3118.41
2024-05-24,Meta Ads,Campaign_87,Video,Ecommerce,Mobile,6325,6307,2872.2,,3755.32
2025-03-26,Meta Ads,Campaign_80,Search,Ecommerce,Desktop,4228,3450,588.95,3059.0,
2025-01-11,Google Ads,Campaign_81,Shopping,EdTech,Tablet,3051,1497,3815.02,858.0,1868.91
2024-09-28,TikTok Ads,Campaign_93,Search,EdTech,Desktop,10385,8531,3012.31,1768.0,
2024-10-24,Meta Ads,Campaign_3,Search,Ecommerce,Desktop,6027,5049,4478.24,2175.0,10477.23
2024-07-02,Google Ads,Campaign_91,Shopping,Ecommerce,Mobile,9153,1627,170.15,1283.0,556.08
2024-09-06,Google Ads,Campaign_63,Video,Healthcare,Desktop,11054,2897,3692.48,1345.0,
2024-08-31,TikTok Ads,Campaign_87,Search,Finance,Desktop,5595,2731,1160.17,1407.0,2479.33
2024-01-23,Google Ads,Campaign_103,Search,Finance,Tablet,7323,2103,4236.64,1271.0,2928.81
2024-08-13,Meta Ads,Campaign_88,Search,Healthcare,Tablet,15421,15290,3269.1,5167.0,
2024-02-08,TikTok Ads,Campaign_23,Search,Finance,Tablet,125,113,826.64,69.0,2238.35
2025-03-04,TikTok Ads,Campaign_8,Video,Finance,Tablet,1254,987,249.44,69.0,961.09
2024-02-19,Google Ads,Campaign_75,Video,Ecommerce,Tablet,13163,360,3312.49,357.0,
2024-07-04,Google Ads,Campaign_108,Search,Finance,Tablet,3938,1515,2455.99,579.0,455.61
2024-04-06,TikTok Ads,Campaign_75,Shopping,Finance,Tablet,3105,1838,3934.31,221.0,4379.93
2024-08-31,Google Ads,Campaign_111,Search,Healthcare,Mobile,17792,7446,3682.29,,15003.55
2024-03-02,Google Ads,Campaign_102,Shopping,Finance,Desktop,13078,5007,4414.84,1375.0,6624.29
2024-05-13,TikTok Ads,Campaign_90,Video,EdTech,Mobile,7614,7341,1561.6,2358.0,7675.18
2024-02-26,Google Ads,Campaign_43,Video,EdTech,Tablet,19003,9872,372.39,577.0,1647.27
2024-04-29,TikTok Ads,Campaign_114,Search,Healthcare,Desktop,14429,266,1527.02,160.0,
2024-05-21,Meta Ads,Campaign_11,Shopping,Healthcare,Mobile,18418,13533,4800.51,11022.0,19281.76
2025-03-06,TikTok Ads,Campaign_22,Shopping,Ecommerce,Mobile,18459,271,2742.29,99.0,
2025-01-31,Meta Ads,Campaign_66,Shopping,Finance,Mobile,11967,10923,4493.99,5166.0,10047.98
2024-08-12,Meta Ads,Campaign_14,Video,Ecommerce,Mobile,9691,1904,2492.66,1049.0,10034.79
2024-09-08,TikTok Ads,Campaign_42,Video,EdTech,Mobile,43,29,2347.45,2.0,9594.54
2024-11-01,Meta Ads,Campaign_80,Search,Healthcare,Tablet,8301,4558,2602.91,514.0,10304.03
2024-08-31,Meta Ads,Campaign_1,Search,Healthcare,Mobile,11070,3977,74.48,3404.0,130.9
2024-08-10,TikTok Ads,Campaign_110,Shopping,Finance,Mobile,10220,9721,4077.21,488.0,19236.32
2024-04-13,TikTok Ads,Campaign_75,Search,Healthcare,Desktop,4701,4205,916.64,2301.0,3145.8
2024-08-17,Meta Ads,Campaign_100,Search,Finance,Mobile,1335,568,2959.29,100.0,
2024-01-13,Google Ads,Campaign_29,Search,Healthcare,Tablet,7740,5336,2554.74,2588.0,
2024-06-28,Google Ads,Campaign_62,Search,EdTech,Mobile,16601,8940,1117.96,4220.0,2023.64
2024-12-04,TikTok Ads,Campaign_78,Search,Ecommerce,Tablet,15098,7177,2901.22,698.0,5456.36
2025-03-24,TikTok Ads,Campaign_43,Video,EdTech,Desktop,5925,1821,2899.5,402.0,5955.52
2024-11-11,Google Ads,Campaign_119,Search,Finance,Desktop,6564,2109,4281.04,1608.0,11623.3
2024-09-07,Meta Ads,Campaign_61,Shopping,Finance,Tablet,14972,2200,1659.05,1041.0,
2024-06-24,Meta Ads,Campaign_80,Search,Ecommerce,Tablet,14060,9898,4384.74,243.0,3919.37
2024-05-13,Google Ads,Campaign_75,Shopping,Healthcare,Tablet,7321,6606,51.85,250.0,
2025-03-17,Meta Ads,Campaign_115,Shopping,Healthcare,Desktop,9361,5357,2922.48,,9960.59
2024-05-04,Google Ads,Campaign_37,Shopping,Finance,Desktop,15307,6401,2204.89,,5056.81
2025-01-12,Google Ads,Campaign_105,Shopping,Finance,Mobile,13280,4756,4329.9,2305.0,17337.55
2024-11-06,Meta Ads,Campaign_80,Shopping,EdTech,Desktop,5684,4106,432.02,2722.0,1202.65
2024-04-08,TikTok Ads,Campaign_27,Video,Finance,Mobile,12869,12058,3515.3,11017.0,15636.63
2024-05-15,Meta Ads,Campaign_7,Search,Healthcare,Tablet,4825,1981,2202.17,,
2024-04-01,Google Ads,Campaign_58,Video,Healthcare,Desktop,4674,2564,434.98,1020.0,1328.53
2024-10-24,Meta Ads,Campaign_91,Video,Finance,Mobile,11842,4766,4503.28,3428.0,22293.55
2024-10-06,Meta Ads,Campaign_5,Video,Healthcare,Tablet,11109,7059,2812.76,5649.0,3650.91
2024-03-18,Meta Ads,Campaign_62,Search,Healthcare,Desktop,11268,9113,85.57,4062.0,
2024-11-28,TikTok Ads,Campaign_79,Shopping,Finance,Mobile,16696,10634,1948.24,6686.0,9288.2
2024-10-22,Google Ads,Campaign_7,Video,Healthcare,Desktop,2403,1925,4825.24,,23019.82
2024-11-23,Google Ads,Campaign_110,Video,Ecommerce,Tablet,10378,3457,1179.86,2589.0,
2024-05-05,Google Ads,Campaign_42,Shopping,Finance,Desktop,13616,9223,3219.62,2006.0,
2025-01-05,Google Ads,Campaign_13,Video,Healthcare,Tablet,19476,7061,1698.68,1673.0,
2025-02-12,Google Ads,Campaign_51,Shopping,EdTech,Desktop,325,40,4475.06,17.0,
2024-11-13,Meta Ads,Campaign_47,Shopping,Ecommerce,Mobile,11447,9846,571.65,624.0,2348.94
2024-09-26,Google Ads,Campaign_10,Shopping,Finance,Tablet,4497,3852,883.17,,2513.88
2024-05-13,Google Ads,Campaign_42,Search,EdTech,Mobile,1398,1396,990.04,,4014.03
2024-06-10,TikTok Ads,Campaign_110,Search,Healthcare,Desktop,9058,5410,3561.54,2534.0,9316.03
2024-05-04,Google Ads,Campaign_69,Video,Ecommerce,Desktop,19726,1555,2608.53,275.0,6675.19
2024-04-12,Meta Ads,Campaign_85,Shopping,EdTech,Desktop,10259,1826,3161.98,246.0,3897.6
2024-09-09,Google Ads,Campaign_81,Search,Healthcare,Desktop,9862,36,935.16,24.0,2228.82
2024-04-11,Google Ads,Campaign_73,Shopping,Ecommerce,Tablet,17144,6301,249.97,392.0,196.06
2024-09-12,Google Ads,Campaign_78,Shopping,EdTech,Tablet,18564,5316,2325.73,3096.0,
2024-10-14,Google Ads,Campaign_2,Search,EdTech,Mobile,10873,4517,4590.78,2628.0,7214.61
2024-06-01,Google Ads,Campaign_94,Shopping,Ecommerce,Desktop,7097,3562,4553.96,985.0,
2025-01-17,Google Ads,Campaign_23,Shopping,Ecommerce,Mobile,2632,2532,4944.24,1268.0,1670.13
2024-08-07,Google Ads,Campaign_62,Search,Finance,Tablet,7125,3654,3977.93,620.0,17529.19
2024-08-19,Google Ads,Campaign_85,Search,Healthcare,Mobile,13672,10223,3429.91,7611.0,
2024-08-21,Meta Ads,Campaign_42,Video,EdTech,Mobile,13628,6407,4557.98,1752.0,1590.34
2024-04-17,Google Ads,Campaign_96,Search,Finance,Desktop,10490,6156,2645.23,2104.0,1783.18
2024-01-25,TikTok Ads,Campaign_38,Search,Ecommerce,Desktop,8826,1993,4556.23,627.0,2443.32
2024-11-24,Google Ads,Campaign_12,Video,Finance,Tablet,8097,555,3249.06,71.0,
2024-09-21,Meta Ads,Campaign_15,Video,Healthcare,Mobile,14341,2094,4680.98,,15080.93
2024-06-01,Meta Ads,Campaign_48,Video,EdTech,Tablet,19119,10715,1315.66,3455.0,4067.22
2024-07-24,TikTok Ads,Campaign_32,Search,Ecommerce,Tablet,17811,6287,713.67,1699.0,353.54
2024-03-04,TikTok Ads,Campaign_37,Video,Finance,Desktop,500,193,2235.66,3.0,714.77
2024-06-12,Google Ads,Campaign_119,Search,Ecommerce,Desktop,19569,1531,2015.08,1078.0,
2024-11-03,TikTok Ads,Campaign_101,Shopping,EdTech,Tablet,19928,13558,64.07,3818.0,57.14
2024-03-05,Google Ads,Campaign_102,Video,Healthcare,Desktop,7058,5532,2828.53,763.0,
2024-02-04,TikTok Ads,Campaign_98,Video,Healthcare,Mobile,16926,2203,4980.31,751.0,
2024-11-10,TikTok Ads,Campaign_90,Shopping,Ecommerce,Tablet,19075,9949,4275.47,4774.0,8086.87
2025-02-25,TikTok Ads,Campaign_116,Video,Ecommerce,Desktop,18855,15626,4132.89,8911.0,7722.19
2024-02-26,Google Ads,Campaign_68,Video,EdTech,Tablet,18169,14198,1227.77,1962.0,
2024-12-14,TikTok Ads,Campaign_54,Video,Healthcare,Tablet,1794,200,285.96,,70.27
2025-03-10,Meta Ads,Campaign_28,Video,Finance,Desktop,2378,874,4156.19,598.0,8157.22
2024-05-07,Google Ads,Campaign_78,Shopping,Finance,Mobile,15332,7854,2520.39,2756.0,1117.84
2025-01-01,Google Ads,Campaign_36,Video,Healthcare,Mobile,15660,14686,1952.44,5995.0,
2024-10-30,Meta Ads,Campaign_78,Shopping,EdTech,Tablet,18809,11410,3551.48,7155.0,14928.92
2024-11-15,TikTok Ads,Campaign_76,Shopping,Finance,Tablet,324,239,4065.02,92.0,11822.83
2024-01-11,Meta Ads,Campaign_104,Shopping,EdTech,Desktop,13997,10750,3073.08,3443.0,7286.98
2024-09-20,Google Ads,Campaign_27,Search,Healthcare,Desktop,19240,18725,3987.93,6336.0,4316.64
2024-05-23,Google Ads,Campaign_90,Search,Healthcare,Desktop,6172,4633,3018.07,1749.0,12366.05
2024-07-30,TikTok Ads,Campaign_36,Search,Finance,Desktop,16056,4899,1148.61,1467.0,494.64
2024-09-05,TikTok Ads,Campaign_52,Search,Healthcare,Tablet,15971,14356,2362.63,728.0,10186.08
2024-04-14,TikTok Ads,Campaign_91,Video,Healthcare,Tablet,7590,5263,4002.47,,9722.99
2025-03-15,Google Ads,Campaign_69,Video,Finance,Tablet,17678,787,3216.58,717.0,3522.5
2025-01-19,Google Ads,Campaign_51,Shopping,Ecommerce,Desktop,15590,11499,2801.74,5212.0,
2024-08-28,TikTok Ads,Campaign_112,Search,EdTech,Mobile,17845,6352,4247.2,,135.44
2024-11-12,TikTok Ads,Campaign_104,Search,Healthcare,Desktop,2670,1919,133.35,264.0,
2024-12-13,TikTok Ads,Campaign_111,Search,Ecommerce,Desktop,5475,1489,475.34,821.0,1880.68
2024-04-08,TikTok Ads,Campaign_97,Video,Healthcare,Mobile,11023,5022,426.59,3572.0,821.9
2024-09-28,Meta Ads,Campaign_45,Search,Finance,Mobile,3021,141,1942.67,138.0,6840.31
2025-01-27,Google Ads,Campaign_95,Video,Healthcare,Mobile,3943,2973,49.03,1492.0,57.59
2024-06-21,Google Ads,Campaign_5,Search,EdTech,Desktop,16471,1268,4230.96,1136.0,4713.41
2024-06-27,Meta Ads,Campaign_55,Shopping,Finance,Tablet,9449,4888,4451.12,4785.0,
2024-07-27,Google Ads,Campaign_105,Video,Finance,Desktop,16219,10825,3029.22,3488.0,7996.18
2025-02-10,Google Ads,Campaign_31,Shopping,Finance,Mobile,17935,13926,3094.23,5362.0,4610.48
2024-10-10,Google Ads,Campaign_107,Search,EdTech,Tablet,9925,6700,840.38,,3835.88
2024-09-14,TikTok Ads,Campaign_16,Search,Healthcare,Desktop,2455,2374,3627.5,941.0,
2024-10-03,Google Ads,Campaign_89,Video,Ecommerce,Tablet,2888,1722,4010.7,347.0,4473.1
2025-03-14,TikTok Ads,Campaign_19,Video,Finance,Tablet,10314,8664,1697.5,5120.0,4128.13
2024-04-12,TikTok Ads,Campaign_117,Shopping,Ecommerce,Mobile,14538,7973,4756.32,7710.0,180.01
2025-01-26,Google Ads,Campaign_34,Search,Ecommerce,Desktop,606,207,4023.53,148.0,4904.2
2024-10-27,Google Ads,Campaign_25,Shopping,EdTech,Tablet,4445,2196,4552.34,1222.0,7148.32
2025-01-16,Google Ads,Campaign_100,Video,Healthcare,Desktop,5033,4333,878.93,2985.0,4249.94
2024-04-25,Meta Ads,Campaign_54,Search,Finance,Tablet,16389,8411,3749.53,8203.0,3965.56
2024-12-09,Google Ads,Campaign_39,Video,EdTech,Desktop,8143,7552,4553.91,3828.0,21816.03
2024-08-23,Meta Ads,Campaign_42,Shopping,EdTech,Tablet,10077,9420,829.9,8386.0,
2024-04-10,TikTok Ads,Campaign_38,Video,Ecommerce,Tablet,3773,3647,2253.34,2866.0,7478.44
2024-01-06,Google Ads,Campaign_36,Shopping,Finance,Mobile,8267,7044,397.58,3775.0,463.12
2024-10-07,TikTok Ads,Campaign_67,Shopping,Healthcare,Mobile,10122,6832,4936.39,369.0,22928.52
2024-08-04,Google Ads,Campaign_92,Search,Healthcare,Desktop,12839,11987,3257.29,5405.0,14872.04
2024-12-08,Meta Ads,Campaign_29,Shopping,Finance,Desktop,10559,9826,3418.8,8433.0,14053.62
2024-01-15,TikTok Ads,Campaign_40,Search,Finance,Tablet,8763,5605,2396.43,2708.0,2619.69
2024-09-14,TikTok Ads,Campaign_78,Search,Ecommerce,Mobile,8896,4492,1636.06,677.0,2068.54
2024-07-03,Meta Ads,Campaign_114,Shopping,Ecommerce,Tablet,4544,3148,3652.1,827.0,6854.0
2024-12-13,TikTok Ads,Campaign_76,Video,Finance,Desktop,4222,1126,2848.92,476.0,4432.08
2025-03-01,TikTok Ads,Campaign_14,Search,EdTech,Tablet,15581,9810,3330.58,9427.0,
2024-08-11,TikTok Ads,Campaign_92,Video,EdTech,Desktop,13497,5172,1733.14,2184.0,3505.75
2024-10-09,Meta Ads,Campaign_31,Shopping,Ecommerce,Desktop,12988,2967,45.0,72.0,190.6
2024-12-22,Meta Ads,Campaign_87,Search,Finance,Desktop,9642,2540,4080.59,81.0,3128.18
2024-06-30,Meta Ads,Campaign_94,Shopping,Finance,Mobile,8499,233,820.86,10.0,2240.39
2024-07-11,Google Ads,Campaign_31,Video,Ecommerce,Desktop,13508,11819,3364.7,1545.0,15995.8
2024-03-12,TikTok Ads,Campaign_119,Shopping,Finance,Mobile,900,622,3410.89,269.0,938.23
2025-03-20,Meta Ads,Campaign_117,Shopping,Ecommerce,Tablet,1155,935,1556.63,543.0,
2024-03-24,Meta Ads,Campaign_107,Shopping,Healthcare,Desktop,18888,18530,2474.26,7304.0,60.71
2024-04-29,Google Ads,Campaign_52,Search,EdTech,Desktop,18419,6807,1201.64,169.0,271.91
2024-10-06,Meta Ads,Campaign_2,Shopping,Ecommerce,Tablet,14035,3034,1526.36,1040.0,227.5
2024-01-03,Meta Ads,Campaign_95,Search,Finance,Tablet,4925,2572,2115.48,978.0,
2024-05-18,TikTok Ads,Campaign_70,Search,Ecommerce,Desktop,2301,2230,3122.74,1173.0,1611.68
2024-05-04,Google Ads,Campaign_6,Video,Ecommerce,Mobile,1569,207,3676.48,,1941.8
2024-04-04,Meta Ads,Campaign_113,Search,Healthcare,Desktop,2697,1743,1879.34,705.0,
2024-02-28,Google Ads,Campaign_6,Search,Ecommerce,Desktop,8204,2301,4000.24,2023.0,5737.98
2025-03-18,Meta Ads,Campaign_116,Video,Ecommerce,Tablet,1332,402,4825.34,174.0,13318.15
2024-06-06,TikTok Ads,Campaign_4,Shopping,Healthcare,Tablet,18373,15492,4320.71,5809.0,15248.58
2025-03-10,TikTok Ads,Campaign_57,Video,EdTech,Desktop,2920,749,3918.2,71.0,13092.89
2024-05-20,Meta Ads,Campaign_29,Video,EdTech,Mobile,6992,4026,4572.26,,
2025-02-08,Meta Ads,Campaign_15,Search,EdTech,Mobile,5660,3127,4327.94,797.0,12639.87
2025-02-08,Meta Ads,Campaign_27,Search,EdTech,Mobile,782,96,3375.66,74.0,11634.29
2024-09-03,Google Ads,Campaign_34,Shopping,Finance,Mobile,7817,2837,2992.25,1875.0,
2025-03-14,Google Ads,Campaign_4,Shopping,Healthcare,Mobile,75,67,2909.25,39.0,1004.77
2024-06-20,TikTok Ads,Campaign_4,Search,Finance,Tablet,19546,8389,4903.16,,229.29
2024-09-25,Google Ads,Campaign_115,Video,Ecommerce,Tablet,3771,3023,3588.68,1442.0,10043.73
2024-07-08,Google Ads,Campaign_73,Video,Healthcare,Desktop,11505,1244,3331.93,657.0,1116.85
2024-09-22,TikTok Ads,Campaign_103,Video,EdTech,Mobile,4535,3626,3918.38,2956.0,12853.6
2024-11-01,TikTok Ads,Campaign_31,Search,Ecommerce,Desktop,12953,1516,2053.67,1284.0,
2024-10-02,TikTok Ads,Campaign_50,Shopping,EdTech,Mobile,8293,4550,3196.1,4288.0,6569.68
2024-12-07,TikTok Ads,Campaign_86,Shopping,EdTech,Tablet,15383,13649,2883.71,3155.0,10678.49
2024-03-02,TikTok Ads,Campaign_3,Shopping,EdTech,Mobile,3936,1169,4569.2,990.0,4854.48
2024-12-05,Meta Ads,Campaign_53,Search,Healthcare,Tablet,9747,9414,4036.23,4934.0,15901.1
2025-03-30,TikTok Ads,Campaign_7,Shopping,Ecommerce,Mobile,2627,1975,2370.17,1896.0,7890.1
2024-03-26,Meta Ads,Campaign_114,Video,Ecommerce,Mobile,11936,8958,1594.32,2027.0,4019.65
2024-06-30,Meta Ads,Campaign_45,Shopping,Ecommerce,Desktop,12384,841,2238.21,123.0,5194.12
2024-01-25,Google Ads,Campaign_98,Video,EdTech,Tablet,6625,3241,1500.55,2725.0,6815.71
2024-02-05,Google Ads,Campaign_60,Search,Ecommerce,Desktop,16856,2217,1894.08,700.0,3983.52
2024-04-26,Meta Ads,Campaign_45,Search,Healthcare,Desktop,4835,4364,1677.48,185.0,1530.68
2024-08-21,Meta Ads,Campaign_67,Shopping,EdTech,Desktop,13932,5645,684.77,4261.0,3317.59
2024-05-03,Meta Ads,Campaign_59,Video,Ecommerce,Mobile,13725,1192,2866.09,768.0,6632.5
2024-06-01,TikTok Ads,Campaign_107,Search,Healthcare,Tablet,1883,1479,4025.45,540.0,14053.37
2024-03-03,Meta Ads,Campaign_62,Shopping,Ecommerce,Desktop,11132,1407,2650.12,820.0,4285.21
2024-07-12,TikTok Ads,Campaign_63,Video,Healthcare,Tablet,17935,357,4993.05,,5668.94
2024-06-16,Google Ads,Campaign_92,Search,Healthcare,Desktop,6043,4682,2673.24,483.0,2273.35
2024-11-25,TikTok Ads,Campaign_113,Search,EdTech,Desktop,11319,10312,635.41,8243.0,513.81
2024-04-03,TikTok Ads,Campaign_95,Search,Ecommerce,Mobile,5418,1228,596.84,290.0,1174.67
2024-01-04,Google Ads,Campaign_96,Video,EdTech,Tablet,14433,4445,3339.74,2626.0,7481.74
2024-11-26,Meta Ads,Campaign_58,Search,EdTech,Tablet,13302,10210,3523.7,9837.0,2046.18
2024-08-09,Meta Ads,Campaign_2,Video,EdTech,Tablet,19138,18049,2261.12,4038.0,1715.58
2025-03-19,Google Ads,Campaign_6,Search,Ecommerce,Tablet,3498,1124,2408.27,621.0,10231.04
2024-01-01,Google Ads,Campaign_65,Video,Healthcare,Mobile,14649,2167,3047.34,1947.0,12539.28
2024-07-14,Meta Ads,Campaign_32,Search,Finance,Mobile,10387,573,2210.19,524.0,10321.67
2024-03-29,TikTok Ads,Campaign_35,Video,Healthcare,Tablet,18839,9992,4110.73,5416.0,20206.6
2025-01-08,TikTok Ads,Campaign_54,Video,EdTech,Desktop,3794,2719,4670.96,2148.0,19024.05
2024-04-10,TikTok Ads,Campaign_54,Search,Finance,Desktop,354,318,3865.72,194.0,10682.77
2024-03-05,TikTok Ads,Campaign_33,Video,Ecommerce,Desktop,16875,4919,1403.03,4774.0,5537.36
2025-01-07,TikTok Ads,Campaign_77,Video,Healthcare,Tablet,5824,2313,1825.71,571.0,5809.39
2024-11-24,Google Ads,Campaign_12,Video,Finance,Tablet,5126,2032,1012.1,1714.0,3965.27
2024-12-21,TikTok Ads,Campaign_52,Search,Ecommerce,Desktop,6571,2961,2211.59,292.0,3851.85
2024-02-10,Meta Ads,Campaign_78,Shopping,Healthcare,Mobile,18857,6143,679.04,,2343.27
2024-05-03,Meta Ads,Campaign_25,Shopping,Ecommerce,Mobile,1774,573,1200.7,341.0,
2024-05-25,Meta Ads,Campaign_87,Search,EdTech,Tablet,3663,3567,3727.92,175.0,16828.55
2024-01-14,TikTok Ads,Campaign_2,Search,Finance,Mobile,19529,2715,3347.06,353.0,
2024-10-23,Google Ads,Campaign_55,Shopping,Finance,Tablet,7738,800,3234.41,687.0,7006.9
2025-02-23,Google Ads,Campaign_56,Video,Ecommerce,Tablet,7052,3110,2249.4,1242.0,1477.47
2024-01-24,Meta Ads,Campaign_113,Search,EdTech,Mobile,13101,867,3628.49,112.0,13664.9
2024-12-08,TikTok Ads,Campaign_53,Shopping,Finance,Desktop,17896,5616,1374.02,2771.0,
2024-04-15,Google Ads,Campaign_50,Shopping,Finance,Desktop,744,580,396.28,81.0,1203.8
2025-01-19,Google Ads,Campaign_113,Shopping,Finance,Mobile,15019,9979,2693.36,,6083.05
2024-02-07,Meta Ads,Campaign_6,Video,Healthcare,Mobile,19433,5304,4596.12,1925.0,2479.98
2024-03-30,TikTok Ads,Campaign_115,Shopping,Healthcare,Desktop,7610,1998,2518.75,878.0,10277.69
2024-06-28,Google Ads,Campaign_103,Video,Healthcare,Mobile,3769,771,3659.91,669.0,13464.35
2024-09-02,Meta Ads,Campaign_67,Search,Healthcare,Tablet,16651,11163,1450.38,,1353.74
2024-12-08,Google Ads,Campaign_43,Video,Healthcare,Mobile,17014,7400,246.59,1137.0,1002.01
2024-10-19,Google Ads,Campaign_90,Shopping,Healthcare,Desktop,17608,8224,4007.81,,
2024-04-24,TikTok Ads,Campaign_88,Video,Finance,Desktop,13567,9092,115.2,8933.0,154.53
2024-08-12,Google Ads,Campaign_100,Video,EdTech,Desktop,7931,455,3205.81,422.0,14777.35
2025-03-09,TikTok Ads,Campaign_17,Search,Ecommerce,Tablet,18668,12748,7.62,5440.0,36.31
2024-06-06,Google Ads,Campaign_87,Shopping,Healthcare,Desktop,8911,8609,1881.19,,8126.82
2024-07-02,Google Ads,Campaign_56,Video,EdTech,Desktop,1573,876,4634.32,721.0,22472.11
2024-02-29,TikTok Ads,Campaign_36,Shopping,Finance,Mobile,7690,1022,3632.31,553.0,13601.11
2024-04-07,TikTok Ads,Campaign_24,Search,Finance,Mobile,5505,5189,2511.51,2732.0,3932.7
2024-03-05,TikTok Ads,Campaign_98,Search,Finance,Mobile,6094,4266,1642.74,3042.0,1149.2
2024-08-17,Google Ads,Campaign_60,Search,EdTech,Tablet,3033,1938,2802.96,1767.0,13741.28
2024-09-21,TikTok Ads,Campaign_11,Shopping,Healthcare,Mobile,509,227,1835.41,128.0,7933.63
2024-11-14,TikTok Ads,Campaign_14,Search,Finance,Desktop,7312,2567,3719.21,1337.0,13915.45
2024-08-29,TikTok Ads,Campaign_68,Shopping,EdTech,Tablet,12569,8132,4358.79,6098.0,3721.44
2024-02-12,Meta Ads,Campaign_27,Search,EdTech,Desktop,19217,9965,223.47,2245.0,676.14
2024-04-17,Google Ads,Campaign_55,Video,Healthcare,Tablet,18337,9676,1458.0,883.0,2467.87
2024-08-28,TikTok Ads,Campaign_44,Shopping,Finance,Mobile,4876,580,1564.15,151.0,
2024-05-29,TikTok Ads,Campaign_26,Search,EdTech,Tablet,11657,6365,2795.44,4992.0,4410.96
2024-09-22,Meta Ads,Campaign_55,Video,Finance,Tablet,4074,1854,4718.4,10.0,
2024-10-10,TikTok Ads,Campaign_54,Shopping,EdTech,Mobile,8017,290,1645.47,272.0,906.09
2024-08-29,Google Ads,Campaign_60,Shopping,Finance,Tablet,2676,2435,3424.03,575.0,16417.03
2024-08-19,Google Ads,Campaign_43,Shopping,EdTech,Mobile,1321,916,388.57,642.0,1077.44
2024-02-14,Meta Ads,Campaign_35,Video,Healthcare,Desktop,193,178,4437.02,,18281.73
2024-10-27,Meta Ads,Campaign_66,Video,Ecommerce,Tablet,3903,1785,1931.47,76.0,4174.55
2025-03-08,Meta Ads,Campaign_119,Video,EdTech,Desktop,5590,4383,2189.49,398.0,411.48
2024-02-25,Meta Ads,Campaign_29,Video,EdTech,Mobile,2057,1191,394.7,941.0,1848.09
2024-07-20,Meta Ads,Campaign_81,Video,EdTech,Mobile,14768,6901,2519.42,2698.0,5485.33
2024-10-14,TikTok Ads,Campaign_53,Search,Ecommerce,Desktop,15480,9772,4995.88,3433.0,3015.21
2024-05-03,Meta Ads,Campaign_115,Video,Finance,Desktop,10896,9143,1287.57,,5119.88
2024-03-30,Meta Ads,Campaign_9,Video,Healthcare,Desktop,11881,2772,2821.88,811.0,2185.71
2024-05-22,Google Ads,Campaign_38,Search,Healthcare,Tablet,8770,1136,1701.87,1085.0,5404.09
2024-10-07,Meta Ads,Campaign_9,Shopping,EdTech,Mobile,18707,233,3920.17,1.0,19568.43
2024-08-03,TikTok Ads,Campaign_75,Video,EdTech,Desktop,281,17,701.65,12.0,
2025-03-20,Google Ads,Campaign_2,Video,Ecommerce,Desktop,7961,5340,4298.93,554.0,371.55
2025-01-22,Google Ads,Campaign_41,Shopping,EdTech,Mobile,3449,2705,3850.74,1669.0,8284.52
2025-03-26,TikTok Ads,Campaign_103,Search,EdTech,Desktop,16054,7058,610.38,5628.0,644.6
2024-04-04,Google Ads,Campaign_57,Search,Ecommerce,Desktop,19734,2829,4102.79,,4004.56
2024-03-15,Meta Ads,Campaign_42,Shopping,Healthcare,Tablet,6476,2961,526.97,561.0,1776.12
2024-01-03,Meta Ads,Campaign_8,Video,EdTech,Desktop,16372,8882,3542.99,87.0,
2024-10-11,TikTok Ads,Campaign_2,Video,Ecommerce,Mobile,6722,5025,1161.46,1402.0,4572.32
2024-01-27,Meta Ads,Campaign_54,Search,Healthcare,Mobile,19384,9513,3007.47,7666.0,3695.46
2024-06-09,Meta Ads,Campaign_9,Shopping,Ecommerce,Mobile,8670,1685,2534.91,1239.0,12601.14
2024-04-24,Meta Ads,Campaign_113,Shopping,Finance,Mobile,13614,5361,640.29,1401.0,2093.22
2024-11-25,Meta Ads,Campaign_60,Shopping,Finance,Tablet,15962,12944,4683.45,9575.0,7268.95
2024-08-19,Google Ads,Campaign_73,Shopping,Healthcare,Tablet,387,232,4765.02,222.0,4348.49
2024-07-15,Google Ads,Campaign_98,Search,Finance,Desktop,17452,12885,709.01,12488.0,3374.79
2025-01-14,TikTok Ads,Campaign_93,Search,EdTech,Tablet,8570,2414,4293.19,1560.0,7756.76
2024-01-11,Meta Ads,Campaign_91,Search,Finance,Mobile,18210,7918,4299.04,,10958.43
2024-07-30,Meta Ads,Campaign_85,Search,EdTech,Desktop,3228,3159,4493.45,1251.0,
2024-01-26,TikTok Ads,Campaign_69,Video,Healthcare,Desktop,4235,54,1874.65,12.0,5239.88
2024-04-11,Meta Ads,Campaign_10,Search,EdTech,Tablet,492,456,453.06,166.0,1621.47
2024-07-22,Meta Ads,Campaign_26,Video,Finance,Desktop,14802,258,758.13,208.0,2659.87
2025-01-30,Meta Ads,Campaign_22,Shopping,Finance,Tablet,5661,1852,4532.04,76.0,8168.66
2025-03-27,Google Ads,Campaign_94,Shopping,EdTech,Desktop,1665,1293,592.6,137.0,2143.69
2024-05-15,TikTok Ads,Campaign_64,Shopping,EdTech,Tablet,11101,4502,747.09,343.0,2804.17
2024-08-26,TikTok Ads,Campaign_61,Search,Ecommerce,Desktop,4986,4757,4948.73,3423.0,12878.16
2025-03-17,Google Ads,Campaign_9,Search,EdTech,Tablet,8498,7609,2384.28,2609.0,11266.66
2024-07-14,Meta Ads,Campaign_25,Shopping,EdTech,Desktop,6307,3614,4601.45,851.0,17569.18
2025-01-13,Google Ads,Campaign_117,Search,EdTech,Tablet,18828,8509,2758.39,5906.0,3237.36
2024-09-02,Meta Ads,Campaign_101,Shopping,EdTech,Desktop,12721,4851,2954.91,2989.0,4204.04
2024-05-20,Google Ads,Campaign_103,Video,Ecommerce,Tablet,2755,2135,3401.85,2083.0,5934.02
2024-03-05,Google Ads,Campaign_87,Video,Healthcare,Mobile,15804,12748,2322.0,7657.0,
2024-06-12,TikTok Ads,Campaign_31,Video,Ecommerce,Mobile,9201,1629,1830.76,1071.0,2855.35
2025-01-19,Google Ads,Campaign_42,Search,Finance,Desktop,413,120,3421.27,71.0,6089.04
2024-01-29,Google Ads,Campaign_29,Video,EdTech,Desktop,11780,139,830.0,2.0,4075.65
2025-01-25,Google Ads,Campaign_58,Search,Healthcare,Desktop,16262,3916,4026.46,,5207.85
2025-01-19,Google Ads,Campaign_34,Search,EdTech,Mobile,18311,5332,2714.94,4547.0,166.77
2024-08-14,TikTok Ads,Campaign_34,Shopping,Ecommerce,Tablet,4445,389,3365.0,291.0,13819.56
2025-03-13,TikTok Ads,Campaign_69,Shopping,Finance,Tablet,18153,8299,2242.35,,521.47
2024-07-05,Google Ads,Campaign_49,Shopping,EdTech,Desktop,18192,3875,2040.86,642.0,1274.61
2024-03-15,Meta Ads,Campaign_91,Video,Finance,Desktop,11974,510,3522.12,108.0,10498.13
2024-03-19,Meta Ads,Campaign_47,Video,EdTech,Tablet,19119,10951,3240.84,6200.0,10989.13
2025-01-17,Meta Ads,Campaign_71,Search,Ecommerce,Tablet,5949,69,146.86,2.0,19.85
2024-08-26,Meta Ads,Campaign_6,Video,Healthcare,Mobile,2155,1231,1053.13,721.0,
2024-10-22,Google Ads,Campaign_2,Search,Finance,Mobile,13241,7067,4289.0,5264.0,13680.92
2024-04-07,TikTok Ads,Campaign_41,Video,EdTech,Tablet,340,213,1649.02,73.0,1604.99
2024-05-02,Meta Ads,Campaign_117,Search,EdTech,Tablet,11831,3087,2943.46,,14470.67
2024-10-27,Google Ads,Campaign_67,Video,EdTech,Tablet,10818,6202,4733.55,6178.0,938.6
2024-04-18,TikTok Ads,Campaign_10,Video,EdTech,Mobile,3586,3384,1360.45,,3774.47
2024-01-03,Meta Ads,Campaign_22,Shopping,Finance,Mobile,668,230,2243.06,,2957.91
2024-07-04,Google Ads,Campaign_1,Video,EdTech,Tablet,3806,468,4772.2,247.0,4058.58
2024-03-23,Google Ads,Campaign_5,Search,Healthcare,Mobile,17287,8685,1932.79,6205.0,9538.11
2024-01-08,Google Ads,Campaign_86,Search,Finance,Desktop,17009,12571,3918.53,5972.0,27.48
2024-10-04,TikTok Ads,Campaign_21,Search,Ecommerce,Desktop,7234,4748,2577.85,3878.0,
2024-01-09,Google Ads,Campaign_37,Search,EdTech,Mobile,2879,2188,1103.23,25.0,159.92
2024-05-30,Google Ads,Campaign_107,Shopping,Ecommerce,Mobile,10256,7720,1672.42,3544.0,5927.3
2024-01-28,Google Ads,Campaign_82,Video,Healthcare,Mobile,7985,1892,3922.6,1635.0,10527.4
2024-08-12,Google Ads,Campaign_25,Video,Ecommerce,Desktop,5599,71,918.89,12.0,3288.06
2025-03-11,TikTok Ads,Campaign_24,Shopping,Finance,Desktop,6834,3963,1662.63,3023.0,3169.59
2025-03-26,TikTok Ads,Campaign_115,Search,Ecommerce,Desktop,18559,12830,743.02,9978.0,2705.28
2025-03-15,Google Ads,Campaign_3,Video,EdTech,Desktop,11233,5144,232.31,1058.0,847.09
2024-08-12,TikTok Ads,Campaign_57,Shopping,Finance,Tablet,7042,5925,1286.75,342.0,
2024-05-08,Google Ads,Campaign_38,Search,Ecommerce,Tablet,2139,1610,746.68,1191.0,2935.19
2024-10-27,TikTok Ads,Campaign_7,Search,Healthcare,Desktop,15764,3907,3943.49,3728.0,
2025-01-28,Meta Ads,Campaign_22,Video,Finance,Mobile,6227,2660,3380.01,1690.0,10987.37
2024-06-07,Meta Ads,Campaign_76,Video,Ecommerce,Tablet,4459,1407,385.91,207.0,1039.54
2024-06-30,Google Ads,Campaign_59,Shopping,EdTech,Desktop,6582,4259,3972.16,,7741.04
2024-05-01,Meta Ads,Campaign_99,Search,Ecommerce,Mobile,18561,18183,4687.48,,4376.95
2024-04-26,Meta Ads,Campaign_63,Shopping,Finance,Mobile,10525,9331,720.0,,839.56
2024-01-05,Google Ads,Campaign_111,Search,Healthcare,Desktop,6460,6281,1127.01,5862.0,2969.6
2024-06-02,TikTok Ads,Campaign_89,Video,EdTech,Mobile,11498,6665,2080.4,,4646.8
2025-03-09,Google Ads,Campaign_45,Shopping,Finance,Tablet,19197,14838,3119.5,13086.0,1.52
2025-01-28,TikTok Ads,Campaign_59,Search,Finance,Mobile,18696,1995,3072.38,109.0,
2024-06-09,Meta Ads,Campaign_31,Shopping,Healthcare,Desktop,18462,2864,979.73,1733.0,3427.16
2024-03-03,TikTok Ads,Campaign_8,Search,Healthcare,Tablet,13449,11029,4687.18,5429.0,17797.99
2024-11-17,Meta Ads,Campaign_99,Shopping,Ecommerce,Mobile,4944,360,4643.81,178.0,23139.04
2024-02-15,Google Ads,Campaign_105,Search,Finance,Tablet,7833,4469,2282.17,441.0,
2025-03-04,TikTok Ads,Campaign_62,Video,EdTech,Tablet,308,80,3949.67,3.0,4063.87
2024-04-09,Google Ads,Campaign_47,Search,Ecommerce,Tablet,9285,5411,4217.6,,
2024-08-28,Google Ads,Campaign_81,Search,Ecommerce,Desktop,15836,2057,1085.08,1539.0,4036.07
2024-08-15,TikTok Ads,Campaign_33,Search,Healthcare,Desktop,4659,1353,1462.06,148.0,3659.26
2024-08-05,TikTok Ads,Campaign_95,Shopping,Ecommerce,Desktop,5409,5273,3214.76,3753.0,13494.34
2024-02-10,Google Ads,Campaign_11,Video,Ecommerce,Mobile,1924,523,4305.48,486.0,17800.2
2024-02-22,TikTok Ads,Campaign_100,Video,Ecommerce,Desktop,17691,14101,669.01,6346.0,785.25
2024-07-07,Meta Ads,Campaign_38,Shopping,EdTech,Tablet,2572,266,1770.15,96.0,
2024-01-12,Google Ads,Campaign_87,Video,Ecommerce,Tablet,2925,1368,426.29,1242.0,1282.8
2024-06-30,Meta Ads,Campaign_2,Shopping,Healthcare,Desktop,1216,521,3994.27,278.0,6963.51
2024-07-07,Google Ads,Campaign_114,Video,Finance,Desktop,18986,8318,90.27,4430.0,
2024-02-28,Google Ads,Campaign_74,Shopping,EdTech,Tablet,17877,11444,2989.55,7883.0,
2024-02-13,Meta Ads,Campaign_36,Search,Healthcare,Desktop,3529,2292,1376.22,944.0,1708.89
2025-02-21,Meta Ads,Campaign_92,Search,Healthcare,Mobile,14915,7019,437.01,,1016.87
2025-03-10,Google Ads,Campaign_12,Video,EdTech,Desktop,16582,15206,2565.41,11284.0,8503.8
2025-02-08,Meta Ads,Campaign_14,Shopping,Finance,Tablet,7870,423,1408.76,149.0,1838.43
2024-10-07,TikTok Ads,Campaign_86,Video,Finance,Mobile,14059,8120,4014.1,1913.0,8374.17
2024-02-16,Meta Ads,Campaign_90,Search,EdTech,Desktop,1991,1160,1293.27,974.0,137.14
2024-09-25,Meta Ads,Campaign_102,Search,Finance,Desktop,11677,10752,4293.3,1914.0,21379.16
2024-04-30,TikTok Ads,Campaign_42,Video,EdTech,Tablet,5566,4202,4227.81,964.0,14169.86
2024-09-22,Meta Ads,Campaign_119,Shopping,Healthcare,Desktop,7199,2587,397.58,1795.0,604.72
2024-07-25,TikTok Ads,Campaign_102,Search,Finance,Desktop,207,90,2858.71,75.0,12181.88
2024-11-26,Google Ads,Campaign_41,Search,Ecommerce,Tablet,5872,2779,3886.2,103.0,11844.88
2024-01-24,Meta Ads,Campaign_86,Video,EdTech,Mobile,13172,7432,2530.44,2705.0,10278.95
2024-01-20,TikTok Ads,Campaign_84,Search,Ecommerce,Desktop,8980,8547,428.84,5643.0,741.63
2024-12-18,Meta Ads,Campaign_92,Shopping,Finance,Mobile,9319,3911,134.98,1700.0,460.18
2024-09-01,TikTok Ads,Campaign_84,Video,Healthcare,Tablet,2029,1143,3959.66,250.0,5717.26
2024-03-06,Meta Ads,Campaign_50,Video,Healthcare,Desktop,3415,1856,811.41,1337.0,2646.22
2025-03-11,Google Ads,Campaign_59,Shopping,Ecommerce,Desktop,8948,7157,2871.65,3849.0,6917.0
2025-03-03,Meta Ads,Campaign_98,Shopping,Healthcare,Desktop,16659,14687,694.11,6153.0,1261.52
2024-02-20,TikTok Ads,Campaign_87,Video,Healthcare,Desktop,8702,7756,4006.38,4121.0,4307.12
2024-05-30,Meta Ads,Campaign_60,Shopping,Ecommerce,Tablet,12059,8337,4214.44,4557.0,
2024-09-13,TikTok Ads,Campaign_111,Shopping,Healthcare,Tablet,16292,2951,3169.23,497.0,2920.95
2025-02-24,TikTok Ads,Campaign_9,Video,Ecommerce,Desktop,18558,5235,4473.13,923.0,
2024-08-27,Google Ads,Campaign_117,Video,Finance,Desktop,2070,504,4445.7,408.0,20620.17
2024-12-01,TikTok Ads,Campaign_99,Video,Ecommerce,Mobile,7711,3741,1454.91,1083.0,
2024-08-01,Google Ads,Campaign_11,Video,EdTech,Tablet,2160,282,1780.51,115.0,8806.31
2024-11-12,Google Ads,Campaign_40,Shopping,Finance,Tablet,47,5,4214.29,,7715.59
2024-04-04,Meta Ads,Campaign_105,Video,EdTech,Mobile,18689,13502,3849.02,663.0,
2025-03-02,Google Ads,Campaign_65,Video,Healthcare,Desktop,14186,5468,3054.27,953.0,10734.79
2024-02-20,TikTok Ads,Campaign_14,Video,Finance,Tablet,6574,1463,1699.86,1235.0,
2024-06-26,Meta Ads,Campaign_20,Search,EdTech,Mobile,17023,4589,4891.25,358.0,15060.08
2025-01-09,TikTok Ads,Campaign_119,Search,Finance,Mobile,11460,4671,4768.5,3627.0,11325.85
2024-03-16,TikTok Ads,Campaign_84,Video,Finance,Tablet,16236,16024,4984.28,1067.0,618.88
2024-01-12,Google Ads,Campaign_53,Search,Ecommerce,Mobile,9693,7422,3535.92,6202.0,15218.55
2024-08-17,Google Ads,Campaign_76,Shopping,Ecommerce,Tablet,12473,8996,1461.47,8266.0,3555.61
2024-10-21,Meta Ads,Campaign_64,Search,EdTech,Mobile,2215,102,202.21,16.0,266.31
2024-03-20,TikTok Ads,Campaign_116,Video,EdTech,Mobile,9503,7963,3356.25,,968.15
2025-03-03,Meta Ads,Campaign_38,Search,EdTech,Desktop,8971,7555,1874.87,1058.0,150.29
2024-07-22,Meta Ads,Campaign_97,Shopping,Finance,Tablet,2116,559,1785.49,321.0,
2024-03-12,Google Ads,Campaign_4,Shopping,EdTech,Desktop,9324,7432,4649.95,5956.0,19261.4
2025-02-25,Google Ads,Campaign_45,Video,Finance,Tablet,12369,768,2231.43,192.0,4433.86
2024-12-18,Google Ads,Campaign_85,Shopping,Ecommerce,Mobile,17753,3571,3470.06,2222.0,9300.6
2024-08-04,TikTok Ads,Campaign_2,Shopping,EdTech,Tablet,17039,16619,1680.0,,1236.65
2024-12-03,Google Ads,Campaign_85,Video,EdTech,Tablet,610,311,2469.13,284.0,11397.7
2024-08-17,TikTok Ads,Campaign_20,Search,EdTech,Desktop,3831,2379,4543.82,2009.0,12005.88
2025-03-11,Meta Ads,Campaign_22,Shopping,Healthcare,Tablet,16253,12939,1372.79,5429.0,4304.36
2024-02-11,Meta Ads,Campaign_3,Search,Healthcare,Tablet,14143,3321,3152.46,639.0,11606.98
2024-02-20,TikTok Ads,Campaign_85,Video,Finance,Mobile,8457,21,1085.12,11.0,139.46
2025-01-01,Meta Ads,Campaign_108,Shopping,Ecommerce,Tablet,156,153,3412.27,117.0,514.36
2024-03-07,Google Ads,Campaign_19,Shopping,Healthcare,Tablet,92,69,1349.59,52.0,
2024-10-25,TikTok Ads,Campaign_51,Video,Ecommerce,Tablet,6246,158,1217.74,50.0,5085.89
2024-01-30,Meta Ads,Campaign_115,Video,Ecommerce,Desktop,14918,1863,4364.12,1744.0,4879.09
2024-08-07,Google Ads,Campaign_85,Video,Ecommerce,Desktop,2484,1867,3380.54,,14908.21
2024-10-24,Google Ads,Campaign_3,Video,Healthcare,Tablet,8511,1927,3593.54,669.0,7333.44
2025-02-12,Meta Ads,Campaign_89,Search,Ecommerce,Mobile,1930,604,1385.38,510.0,1670.32
2024-11-06,Google Ads,Campaign_35,Search,Finance,Desktop,17213,15394,4746.83,,
2024-03-29,Google Ads,Campaign_2,Search,Healthcare,Tablet,6461,2198,4437.86,610.0,19137.45
2024-12-19,TikTok Ads,Campaign_71,Search,Healthcare,Mobile,16105,1637,2943.12,480.0,13936.16
2024-03-05,Google Ads,Campaign_116,Search,Ecommerce,Tablet,10547,2561,1980.41,2266.0,4803.38
2025-02-02,Meta Ads,Campaign_90,Shopping,Healthcare,Desktop,14685,12160,4596.71,7738.0,4546.62
2024-06-08,Google Ads,Campaign_19,Shopping,Ecommerce,Tablet,143,103,3389.8,41.0,4983.5
2025-02-26,TikTok Ads,Campaign_39,Video,Ecommerce,Desktop,9066,2944,1024.89,707.0,125.03
2024-12-12,Google Ads,Campaign_41,Shopping,Ecommerce,Tablet,12406,6414,3175.66,4027.0,8301.51
2024-06-08,Google Ads,Campaign_71,Video,EdTech,Desktop,18509,13864,3451.15,3217.0,3810.77
2024-01-16,Meta Ads,Campaign_29,Shopping,Healthcare,Tablet,19203,2989,678.36,1086.0,1228.13
2024-05-02,Meta Ads,Campaign_17,Shopping,Ecommerce,Tablet,8233,1282,3666.61,1214.0,6888.47
2024-06-27,Meta Ads,Campaign_23,Search,EdTech,Tablet,18217,5878,2281.05,2517.0,11215.38
2024-05-31,Google Ads,Campaign_21,Video,EdTech,Tablet,1345,388,4940.79,273.0,13262.86
2024-02-26,Meta Ads,Campaign_65,Search,Finance,Tablet,13473,9627,4496.38,8447.0,14880.26
2024-05-12,Google Ads,Campaign_37,Video,EdTech,Tablet,6119,2394,3959.38,1416.0,16864.93
2024-03-30,Meta Ads,Campaign_107,Shopping,Finance,Tablet,4146,2631,2165.0,,8256.57
2024-03-12,Google Ads,Campaign_111,Video,EdTech,Tablet,5355,1521,2659.11,834.0,2369.97
2025-03-08,Meta Ads,Campaign_118,Video,Healthcare,Mobile,16503,7908,2000.61,3254.0,550.41
2024-09-21,Meta Ads,Campaign_96,Search,Finance,Mobile,901,185,2447.7,77.0,
2025-01-12,TikTok Ads,Campaign_106,Search,Finance,Mobile,1365,195,890.54,59.0,935.4
2025-03-06,TikTok Ads,Campaign_63,Video,Healthcare,Tablet,10587,2044,4427.4,1549.0,2637.12
2025-02-15,Google Ads,Campaign_18,Search,Ecommerce,Desktop,10862,1575,2427.36,923.0,7448.67
2024-04-27,Meta Ads,Campaign_11,Shopping,Healthcare,Desktop,6658,1274,166.73,1100.0,124.82
2025-01-12,Google Ads,Campaign_92,Search,Ecommerce,Mobile,8887,4617,2954.72,2384.0,
2024-04-07,Meta Ads,Campaign_3,Video,EdTech,Tablet,17142,1279,707.86,441.0,3068.34
2024-11-14,Google Ads,Campaign_1,Shopping,Finance,Desktop,190,81,1051.03,22.0,5215.21
2024-02-13,Google Ads,Campaign_7,Video,Healthcare,Mobile,18796,16407,4351.17,14798.0,2267.48
2024-06-25,TikTok Ads,Campaign_45,Search,Healthcare,Tablet,13480,2117,301.55,1606.0,
2024-08-24,TikTok Ads,Campaign_10,Video,Finance,Desktop,8345,29,2241.13,26.0,3002.27
2025-03-13,TikTok Ads,Campaign_39,Search,Finance,Tablet,18821,16965,4510.5,,13199.9
2024-09-29,Google Ads,Campaign_102,Search,EdTech,Tablet,6538,113,3199.95,73.0,13644.65
2024-06-23,Google Ads,Campaign_87,Shopping,Healthcare,Tablet,13065,11260,4281.22,2537.0,13371.3
2024-08-30,Meta Ads,Campaign_118,Shopping,Healthcare,Tablet,11300,1658,1062.87,1224.0,1735.73
2024-11-18,Google Ads,Campaign_50,Search,Ecommerce,Desktop,12077,6421,4056.73,2082.0,18501.03
2024-03-21,TikTok Ads,Campaign_74,Shopping,Healthcare,Mobile,7009,2143,1709.14,342.0,
2024-02-07,TikTok Ads,Campaign_8,Video,Ecommerce,Desktop,19057,4622,3209.45,889.0,14660.01
2024-05-15,Meta Ads,Campaign_93,Shopping,EdTech,Mobile,10156,2039,3791.66,92.0,2419.05
2024-10-01,Google Ads,Campaign_64,Video,Ecommerce,Mobile,5128,1179,394.96,,1832.55
2024-03-22,Google Ads,Campaign_83,Shopping,EdTech,Desktop,7668,1954,3422.08,,12966.79
2025-01-11,Google Ads,Campaign_20,Video,Finance,Mobile,17253,9585,821.17,3191.0,
2024-06-17,TikTok Ads,Campaign_116,Video,Finance,Mobile,11328,7054,4523.87,5948.0,
2025-03-21,Meta Ads,Campaign_52,Shopping,Healthcare,Mobile,15737,6064,56.7,3814.0,
2024-08-16,TikTok Ads,Campaign_102,Search,Ecommerce,Tablet,19816,833,1612.43,239.0,720.8
2024-03-21,TikTok Ads,Campaign_12,Video,Ecommerce,Mobile,15901,13046,2966.84,905.0,12367.53
2024-02-25,Google Ads,Campaign_55,Shopping,Finance,Mobile,12280,2275,3219.92,1141.0,2206.4
2024-09-20,TikTok Ads,Campaign_103,Search,Healthcare,Mobile,5891,2073,3168.66,1135.0,
2025-03-11,TikTok Ads,Campaign_118,Video,Healthcare,Desktop,17527,2333,3874.89,987.0,17995.14
2024-01-17,TikTok Ads,Campaign_117,Video,Finance,Desktop,5035,2852,899.21,2209.0,
2024-04-07,Meta Ads,Campaign_21,Video,EdTech,Mobile,15631,13546,3368.39,5675.0,11261.87
2024-09-24,Google Ads,Campaign_36,Shopping,EdTech,Mobile,11989,7735,3951.0,4350.0,
2024-09-02,Meta Ads,Campaign_89,Video,Finance,Tablet,1613,822,3176.23,72.0,
2025-02-25,TikTok Ads,Campaign_88,Video,Finance,Mobile,11922,9969,89.89,5516.0,
2024-04-14,Meta Ads,Campaign_84,Video,Healthcare,Tablet,154,6,2678.21,2.0,11959.1
2024-08-27,Meta Ads,Campaign_68,Video,Healthcare,Tablet,11,7,3218.97,2.0,7960.57
2024-11-14,Meta Ads,Campaign_75,Search,Finance,Mobile,4225,2136,2937.27,967.0,9142.79
2024-02-21,Meta Ads,Campaign_3,Search,Ecommerce,Desktop,7548,7520,11.1,4979.0,34.37
2024-12-30,Google Ads,Campaign_83,Search,EdTech,Mobile,3013,1128,937.76,521.0,1955.84
2025-01-28,Google Ads,Campaign_4,Video,Healthcare,Tablet,10718,1702,418.01,204.0,97.71
2024-04-03,Google Ads,Campaign_13,Shopping,EdTech,Tablet,16148,6537,2554.83,3629.0,5704.49
2024-09-26,Google Ads,Campaign_103,Search,EdTech,Tablet,3341,2865,3469.64,,4139.38
2024-09-16,Google Ads,Campaign_47,Video,Ecommerce,Mobile,17963,16518,455.66,,2094.15
2024-09-28,Google Ads,Campaign_51,Video,Ecommerce,Desktop,9145,907,2629.67,,7540.2
2025-03-12,Meta Ads,Campaign_46,Shopping,Finance,Mobile,12870,8888,2348.82,4303.0,10232.12
2024-09-30,TikTok Ads,Campaign_79,Video,Healthcare,Mobile,6771,4282,4100.51,19.0,19112.29
2024-01-20,TikTok Ads,Campaign_68,Shopping,EdTech,Mobile,16135,1418,4918.52,175.0,3763.98
2025-03-01,TikTok Ads,Campaign_47,Shopping,Finance,Desktop,16213,9753,545.9,5200.0,2648.88
2025-03-24,TikTok Ads,Campaign_17,Video,Ecommerce,Mobile,14,5,2536.96,1.0,5336.25
2024-12-12,TikTok Ads,Campaign_24,Shopping,Finance,Desktop,5499,2555,1753.98,645.0,929.43
2024-01-13,Google Ads,Campaign_88,Search,EdTech,Tablet,9154,8764,2528.34,6681.0,6910.82
2024-06-21,Google Ads,Campaign_36,Shopping,Finance,Tablet,16938,2792,2824.59,1769.0,10598.15
2024-10-08,TikTok Ads,Campaign_61,Search,Ecommerce,Mobile,10364,2304,158.33,736.0,273.58
2024-12-08,TikTok Ads,Campaign_52,Video,Finance,Mobile,10524,10302,3844.78,750.0,7789.13
2024-10-08,Meta Ads,Campaign_114,Video,Ecommerce,Tablet,9672,8938,910.82,4961.0,2996.54
2024-04-24,Google Ads,Campaign_58,Search,Healthcare,Desktop,8120,1675,1257.67,538.0,2564.33
2024-07-13,Google Ads,Campaign_67,Shopping,Finance,Tablet,5919,5860,1745.86,4819.0,
2024-01-22,Google Ads,Campaign_110,Shopping,EdTech,Tablet,4643,388,4056.68,194.0,15636.87
2024-05-05,Meta Ads,Campaign_3,Video,Healthcare,Mobile,6777,3849,1569.18,854.0,5146.26
2024-08-22,Meta Ads,Campaign_4,Search,Healthcare,Desktop,14105,6289,3438.55,4486.0,16343.88
2024-10-31,Google Ads,Campaign_75,Shopping,Ecommerce,Desktop,3658,2881,788.71,2513.0,398.01
2024-12-15,Meta Ads,Campaign_29,Search,Ecommerce,Tablet,7773,1287,1474.27,109.0,5295.55
2024-09-29,Meta Ads,Campaign_50,Video,EdTech,Desktop,17127,13768,2388.04,4993.0,7160.59
2024-08-25,TikTok Ads,Campaign_100,Search,Ecommerce,Desktop,1596,1035,1287.7,13.0,17.44
2025-02-24,Meta Ads,Campaign_10,Video,EdTech,Mobile,18505,5553,2032.09,1734.0,4942.88
2024-05-05,Google Ads,Campaign_29,Video,Finance,Mobile,2812,2035,991.89,651.0,799.86
2024-04-01,Google Ads,Campaign_111,Video,Ecommerce,Tablet,4140,1552,1915.51,744.0,6339.99
2025-03-15,Google Ads,Campaign_74,Search,Finance,Mobile,12030,5962,3399.76,2775.0,
2024-10-25,TikTok Ads,Campaign_89,Video,EdTech,Tablet,17641,11871,903.7,1815.0,68.91
2024-08-17,Meta Ads,Campaign_61,Shopping,Ecommerce,Tablet,10752,10234,3847.76,7284.0,2675.64
2024-02-08,Meta Ads,Campaign_72,Search,EdTech,Mobile,12123,7508,1318.8,1418.0,1572.37
2024-07-08,TikTok Ads,Campaign_108,Shopping,EdTech,Desktop,461,122,3149.88,0.0,4158.24
2024-12-08,Google Ads,Campaign_80,Search,Healthcare,Mobile,8040,4167,866.06,2090.0,133.52
2025-02-22,Google Ads,Campaign_28,Search,EdTech,Desktop,7038,3870,679.55,2839.0,3113.61
2025-01-21,Google Ads,Campaign_116,Video,Finance,Tablet,7524,6496,928.28,6158.0,575.78
2024-09-07,TikTok Ads,Campaign_94,Shopping,Ecommerce,Mobile,19859,11768,2037.51,3.0,3553.88
2024-08-21,Meta Ads,Campaign_47,Shopping,Healthcare,Mobile,3973,2542,3556.52,1642.0,17135.72
2024-01-05,Meta Ads,Campaign_26,Search,Healthcare,Tablet,17581,15522,2376.12,9179.0,3112.26
2024-12-01,Meta Ads,Campaign_98,Video,Ecommerce,Tablet,6320,2020,657.29,118.0,1310.32
2024-12-12,Google Ads,Campaign_64,Shopping,Ecommerce,Tablet,5679,2640,1412.28,808.0,998.51
2024-11-09,Google Ads,Campaign_79,Shopping,Ecommerce,Mobile,11351,3983,1091.06,1817.0,1170.4
2024-07-11,TikTok Ads,Campaign_101,Video,Finance,Mobile,2734,1492,1093.32,947.0,4680.24
2024-11-29,Google Ads,Campaign_71,Search,Healthcare,Tablet,8624,5334,2410.09,536.0,3739.72
2024-12-30,TikTok Ads,Campaign_59,Video,Ecommerce,Desktop,443,289,601.89,86.0,1567.76
2024-12-06,Google Ads,Campaign_93,Shopping,Finance,Mobile,19830,11559,1470.48,6982.0,2694.47
2024-07-04,TikTok Ads,Campaign_59,Video,Healthcare,Desktop,16041,5678,1535.17,4463.0,2421.15
2024-10-23,TikTok Ads,Campaign_61,Shopping,EdTech,Desktop,3704,2400,706.61,354.0,2805.81
2024-02-18,Meta Ads,Campaign_15,Video,Ecommerce,Tablet,257,59,3134.52,13.0,9402.91
2024-08-12,Meta Ads,Campaign_106,Video,Finance,Desktop,13416,7457,4255.26,5752.0,
2024-07-27,Google Ads,Campaign_97,Shopping,Finance,Mobile,9068,4194,726.7,1644.0,1417.67
2024-04-04,TikTok Ads,Campaign_99,Video,Healthcare,Tablet,19638,14265,1911.62,8608.0,9205.9
2024-01-11,Meta Ads,Campaign_16,Search,Ecommerce,Mobile,16773,3728,1861.71,849.0,7534.71
2024-07-14,TikTok Ads,Campaign_118,Video,EdTech,Mobile,19318,19207,971.46,2505.0,4264.53
2024-10-16,Meta Ads,Campaign_99,Search,EdTech,Tablet,3316,771,3219.52,417.0,3691.1
2025-01-20,Google Ads,Campaign_65,Video,Healthcare,Desktop,8666,5131,3461.2,3566.0,9907.15
2024-08-25,Meta Ads,Campaign_24,Shopping,EdTech,Mobile,4457,3883,1252.96,3679.0,4014.74
2024-09-23,TikTok Ads,Campaign_26,Search,Finance,Mobile,19352,13064,3652.5,,11682.21
2024-07-26,Google Ads,Campaign_25,Video,Finance,Desktop,8616,1635,1831.79,,1710.97
2024-01-14,Google Ads,Campaign_105,Search,Ecommerce,Desktop,11748,11584,2954.6,8681.0,12167.9
2024-10-05,Meta Ads,Campaign_49,Shopping,Finance,Tablet,16000,1014,2754.31,,3310.54
2024-04-13,Google Ads,Campaign_22,Video,Finance,Mobile,13035,5876,1584.32,1475.0,5218.56
2024-01-18,Google Ads,Campaign_47,Video,Healthcare,Mobile,2855,1623,1835.8,1401.0,8297.75
2025-02-13,TikTok Ads,Campaign_118,Search,Ecommerce,Desktop,17519,12884,593.58,3699.0,1852.65
2024-06-02,Meta Ads,Campaign_76,Shopping,Ecommerce,Desktop,5996,5225,3511.83,619.0,2895.62
2024-03-15,Google Ads,Campaign_7,Video,EdTech,Tablet,17018,15794,782.88,11881.0,1204.97
2024-07-28,TikTok Ads,Campaign_110,Video,Finance,Tablet,11475,11298,2481.19,2886.0,9027.29
2024-12-25,TikTok Ads,Campaign_87,Search,EdTech,Mobile,17739,15009,1785.55,,7261.71
2025-02-28,TikTok Ads,Campaign_7,Shopping,EdTech,Tablet,217,106,2116.75,51.0,6588.41
2024-10-16,Meta Ads,Campaign_79,Shopping,EdTech,Tablet,18201,12118,3127.03,5473.0,6619.59
2024-06-10,Google Ads,Campaign_90,Video,EdTech,Desktop,13204,6033,4606.62,1785.0,15262.94
2025-02-24,TikTok Ads,Campaign_89,Search,Finance,Tablet,18643,14812,2677.26,4561.0,5944.37
2024-03-19,Meta Ads,Campaign_62,Search,Healthcare,Desktop,8314,4967,2078.09,433.0,6693.1
2024-10-06,TikTok Ads,Campaign_13,Shopping,Ecommerce,Desktop,3808,226,4733.7,125.0,3603.08
2025-01-02,Google Ads,Campaign_22,Shopping,Finance,Mobile,14337,14284,3412.26,11299.0,15647.59
2024-12-23,Meta Ads,Campaign_93,Search,Finance,Tablet,2733,1155,2609.89,262.0,5576.47
2025-03-23,Meta Ads,Campaign_100,Shopping,Healthcare,Desktop,2763,2532,432.19,1025.0,1695.01
2024-02-14,Meta Ads,Campaign_23,Video,Finance,Tablet,4017,2609,1043.6,82.0,4516.51
2024-11-02,Google Ads,Campaign_98,Shopping,Ecommerce,Desktop,17146,8809,4808.67,4806.0,2918.2
2024-07-07,Google Ads,Campaign_36,Video,Healthcare,Tablet,17461,11451,3666.7,9967.0,9609.03
2025-03-07,TikTok Ads,Campaign_41,Search,Healthcare,Tablet,4773,4247,2235.86,1128.0,
2024-07-15,Meta Ads,Campaign_58,Video,EdTech,Mobile,12230,10054,1947.95,2725.0,3363.05
2025-02-17,Meta Ads,Campaign_47,Search,Healthcare,Desktop,1106,649,692.12,,192.26
2024-03-24,TikTok Ads,Campaign_117,Shopping,Ecommerce,Mobile,12236,2479,134.15,1543.0,20.49
2024-03-25,Google Ads,Campaign_4,Shopping,Finance,Tablet,8015,315,4849.12,37.0,
2024-05-06,Google Ads,Campaign_86,Video,EdTech,Mobile,5455,2924,652.49,2700.0,2783.03
2024-05-01,Google Ads,Campaign_96,Search,EdTech,Mobile,14281,622,3804.21,289.0,2858.18
2024-09-21,TikTok Ads,Campaign_66,Search,Healthcare,Mobile,18910,11781,1521.61,8536.0,1686.47
2024-09-06,TikTok Ads,Campaign_107,Search,EdTech,Tablet,5765,243,2398.32,64.0,8291.63
2024-01-09,Meta Ads,Campaign_99,Search,EdTech,Tablet,14403,12366,520.77,11590.0,2461.94
2024-02-12,TikTok Ads,Campaign_35,Video,Finance,Tablet,10242,695,3118.79,45.0,4617.13
2025-03-08,Google Ads,Campaign_94,Search,Ecommerce,Mobile,11442,11106,2943.36,3868.0,
2024-05-14,Google Ads,Campaign_93,Video,EdTech,Tablet,179,126,1107.81,76.0,
2025-01-12,Meta Ads,Campaign_3,Shopping,EdTech,Mobile,13510,13136,3244.2,8944.0,8355.68
2025-03-03,Google Ads,Campaign_57,Shopping,Ecommerce,Desktop,11278,2743,827.48,480.0,207.75
2024-10-16,TikTok Ads,Campaign_4,Video,EdTech,Tablet,1085,232,1885.25,207.0,5981.97
2025-02-26,Google Ads,Campaign_64,Search,EdTech,Tablet,8973,3079,3585.59,356.0,2926.02
2024-06-28,Google Ads,Campaign_78,Shopping,Healthcare,Desktop,6082,2273,2200.73,1253.0,
2024-10-19,TikTok Ads,Campaign_10,Video,Ecommerce,Mobile,16888,7765,4987.64,5508.0,20500.3
2025-02-28,TikTok Ads,Campaign_68,Search,Ecommerce,Tablet,16697,4315,4369.37,,18812.25
2024-11-12,TikTok Ads,Campaign_110,Shopping,EdTech,Tablet,18353,16371,645.11,11295.0,1780.24
2024-04-12,TikTok Ads,Campaign_111,Search,Finance,Desktop,7570,5956,840.63,674.0,3096.39
2024-05-30,Meta Ads,Campaign_68,Search,Finance,Tablet,2860,178,257.42,6.0,626.78
2024-02-26,Google Ads,Campaign_79,Search,Ecommerce,Tablet,2473,1085,1414.04,566.0,38.83
2024-04-22,TikTok Ads,Campaign_83,Search,Ecommerce,Mobile,7988,7206,3725.28,2680.0,12310.86
2025-03-06,TikTok Ads,Campaign_72,Shopping,Healthcare,Desktop,12537,4505,191.46,1409.0,75.4
2024-07-08,Meta Ads,Campaign_2,Shopping,EdTech,Tablet,12422,185,3300.05,119.0,6453.31
2024-04-07,Meta Ads,Campaign_103,Shopping,Finance,Mobile,8060,2302,458.8,78.0,2018.99
2024-07-05,Meta Ads,Campaign_94,Search,EdTech,Tablet,14067,5649,1505.14,2730.0,
2024-07-30,Google Ads,Campaign_20,Shopping,Healthcare,Desktop,19329,12474,4963.17,623.0,23091.79
2024-05-19,Google Ads,Campaign_55,Shopping,Finance,Desktop,17761,5708,2360.72,222.0,
2024-10-10,Google Ads,Campaign_22,Shopping,Ecommerce,Tablet,2735,1377,3693.38,469.0,15004.58
2025-02-09,TikTok Ads,Campaign_55,Shopping,EdTech,Desktop,14030,5614,861.09,153.0,2922.6
2024-11-16,TikTok Ads,Campaign_95,Video,EdTech,Mobile,7667,6115,4965.85,4596.0,23352.13
2025-01-13,TikTok Ads,Campaign_8,Video,Finance,Desktop,4182,3965,1840.08,1104.0,
2024-12-08,Google Ads,Campaign_109,Shopping,Ecommerce,Mobile,12795,5594,150.85,,
2024-09-16,TikTok Ads,Campaign_93,Shopping,Finance,Tablet,7350,4934,706.84,1799.0,
2024-06-28,Google Ads,Campaign_95,Shopping,Ecommerce,Tablet,14418,6983,1572.3,6692.0,7622.43
2024-07-01,Google Ads,Campaign_86,Shopping,EdTech,Desktop,0,0,1278.51,,2438.94
2024-12-02,TikTok Ads,Campaign_116,Search,Finance,Mobile,15005,1995,3665.35,,4671.42
2025-01-29,TikTok Ads,Campaign_66,Shopping,Healthcare,Mobile,2099,412,2637.42,28.0,627.84
2024-12-16,Meta Ads,Campaign_17,Search,Finance,Desktop,15178,3367,4899.68,234.0,10886.25
2024-03-16,Meta Ads,Campaign_109,Shopping,Finance,Mobile,1600,51,1040.93,33.0,2774.07
2024-06-04,TikTok Ads,Campaign_38,Video,Healthcare,Mobile,13430,7576,3475.73,1675.0,16415.5
2024-12-31,Meta Ads,Campaign_59,Shopping,Ecommerce,Tablet,5238,5004,1308.37,939.0,5771.51
2024-09-18,Google Ads,Campaign_6,Video,Healthcare,Mobile,11023,4817,3502.56,4102.0,
2024-04-10,Meta Ads,Campaign_24,Shopping,EdTech,Mobile,17886,6600,1550.07,4814.0,2605.13
2024-04-06,Meta Ads,Campaign_108,Video,Ecommerce,Mobile,15848,11509,2362.9,1488.0,8844.05
2025-03-20,Meta Ads,Campaign_78,Shopping,Healthcare,Desktop,1427,1156,3864.64,53.0,5233.28
2024-04-16,Google Ads,Campaign_58,Search,Healthcare,Desktop,9618,7018,4389.34,,10281.92
2025-03-21,Google Ads,Campaign_27,Search,Healthcare,Desktop,5506,8,16.95,3.0,
2024-10-17,Google Ads,Campaign_30,Shopping,Healthcare,Mobile,14786,3983,1419.43,3726.0,1299.65
2024-01-29,Meta Ads,Campaign_118,Shopping,Finance,Desktop,2397,2000,2983.99,1362.0,11167.41
2025-01-23,TikTok Ads,Campaign_88,Video,Finance,Mobile,17866,13543,3702.1,10069.0,
2024-11-26,Meta Ads,Campaign_108,Shopping,Healthcare,Mobile,15253,14135,787.75,10220.0,2070.84
2024-11-05,Meta Ads,Campaign_2,Search,Healthcare,Tablet,1827,1123,376.13,80.0,1162.57
2024-12-04,Meta Ads,Campaign_15,Shopping,Finance,Mobile,10453,3200,4737.38,1547.0,18849.74
2024-02-24,Meta Ads,Campaign_84,Video,Ecommerce,Mobile,16324,10144,163.77,687.0,595.15
2025-01-24,Google Ads,Campaign_40,Video,Healthcare,Desktop,10401,1617,3475.46,,4973.17
2024-12-16,Meta Ads,Campaign_108,Video,Finance,Desktop,11601,2340,667.99,165.0,226.6
2024-12-07,Meta Ads,Campaign_93,Search,EdTech,Tablet,4226,1954,1469.47,833.0,5162.5
2024-05-08,TikTok Ads,Campaign_47,Search,Finance,Desktop,14124,11875,3064.43,6596.0,1172.24
2025-01-21,Meta Ads,Campaign_81,Shopping,Healthcare,Tablet,12947,9352,1198.09,6381.0,3283.38
2025-02-11,Meta Ads,Campaign_7,Search,Finance,Tablet,10933,9145,4448.88,1741.0,6117.72
2025-01-09,Google Ads,Campaign_90,Video,Ecommerce,Tablet,8491,1321,3783.64,278.0,8359.33
2024-08-15,TikTok Ads,Campaign_116,Video,EdTech,Mobile,9074,1703,3612.25,1609.0,1324.41
2024-07-03,Google Ads,Campaign_63,Shopping,Ecommerce,Mobile,2860,2228,1891.52,1286.0,692.11
2024-04-09,Google Ads,Campaign_88,Search,EdTech,Desktop,4893,1233,753.72,987.0,1498.07
2024-04-30,TikTok Ads,Campaign_34,Video,Finance,Mobile,14933,13886,4858.7,1470.0,20590.4
2024-08-05,Meta Ads,Campaign_11,Search,EdTech,Tablet,8379,6788,761.1,4770.0,709.13
2024-12-08,Meta Ads,Campaign_107,Video,Healthcare,Desktop,8807,7983,565.53,849.0,2590.91
2024-08-23,Meta Ads,Campaign_89,Shopping,Finance,Tablet,13417,6213,3711.45,2569.0,7192.74
2024-05-28,Meta Ads,Campaign_106,Video,Finance,Mobile,19095,6847,3185.85,3704.0,12477.19
2024-09-15,Google Ads,Campaign_53,Video,Finance,Mobile,13219,12628,3447.99,5697.0,10228.94
2024-03-06,Meta Ads,Campaign_39,Video,EdTech,Tablet,2074,304,3924.4,210.0,14547.9
2024-12-21,Google Ads,Campaign_52,Search,Ecommerce,Mobile,19684,11737,4162.72,7323.0,152.72
2024-05-18,Google Ads,Campaign_111,Search,Healthcare,Mobile,5642,2532,898.04,1642.0,517.87
2024-06-23,Meta Ads,Campaign_6,Video,Ecommerce,Tablet,7462,6047,256.17,4764.0,1278.27
2025-03-20,TikTok Ads,Campaign_84,Search,Ecommerce,Mobile,959,900,1505.37,565.0,
2024-07-29,TikTok Ads,Campaign_97,Search,Healthcare,Mobile,15463,7790,442.62,1286.0,1439.25
2025-01-28,Meta Ads,Campaign_43,Video,Ecommerce,Desktop,5575,4199,391.82,220.0,800.69
2024-03-24,TikTok Ads,Campaign_81,Video,Ecommerce,Tablet,215,163,4950.54,145.0,14512.78
2024-06-28,Meta Ads,Campaign_34,Video,Healthcare,Mobile,11881,4743,2840.57,1843.0,3626.74
2024-09-07,TikTok Ads,Campaign_58,Search,Healthcare,Tablet,19960,15450,1030.48,6848.0,226.59
2025-02-18,Google Ads,Campaign_18,Video,Finance,Desktop,11709,2156,3259.25,1067.0,8435.83
2024-04-15,TikTok Ads,Campaign_83,Search,Ecommerce,Desktop,3454,1051,1189.19,539.0,2373.74
2025-01-04,Meta Ads,Campaign_118,Search,Healthcare,Tablet,11786,8182,4938.4,8160.0,
2024-01-21,Meta Ads,Campaign_81,Shopping,Finance,Tablet,14236,11324,1957.94,4539.0,773.94
2025-01-19,TikTok Ads,Campaign_51,Shopping,Healthcare,Desktop,3880,3855,545.83,562.0,371.63
2024-01-26,Google Ads,Campaign_45,Search,Finance,Tablet,5746,4877,1729.97,2139.0,7713.59
2024-10-05,TikTok Ads,Campaign_38,Shopping,Ecommerce,Tablet,14474,14103,4314.42,6155.0,4250.48
2025-02-08,Google Ads,Campaign_29,Shopping,Healthcare,Mobile,7432,6192,4546.53,609.0,15647.86
2025-02-27,TikTok Ads,Campaign_107,Shopping,Healthcare,Mobile,8021,5730,1194.11,3646.0,300.13
2024-05-27,Meta Ads,Campaign_68,Shopping,EdTech,Desktop,4759,3625,4828.96,2934.0,18885.66
2024-05-30,TikTok Ads,Campaign_22,Search,Healthcare,Mobile,1605,155,24.78,116.0,37.35
2024-09-23,Meta Ads,Campaign_115,Search,EdTech,Desktop,6306,4291,1133.78,904.0,2682.88
2024-03-02,TikTok Ads,Campaign_29,Video,Ecommerce,Mobile,14450,11671,1794.17,1615.0,6493.24
2024-11-28,Google Ads,Campaign_96,Video,EdTech,Mobile,14620,8295,1857.65,568.0,9222.72
2024-11-25,Google Ads,Campaign_116,Shopping,EdTech,Desktop,18244,11876,1400.94,3875.0,6107.91
2025-01-09,Google Ads,Campaign_93,Search,EdTech,Desktop,15340,8471,1758.46,,2766.92
2024-03-10,Meta Ads,Campaign_69,Video,Ecommerce,Desktop,8269,4583,3525.26,3241.0,1076.99
2024-12-07,Google Ads,Campaign_27,Video,Healthcare,Mobile,879,458,1255.42,362.0,3813.97
2024-12-19,Google Ads,Campaign_34,Shopping,Healthcare,Mobile,3245,1816,1699.56,1633.0,4646.37
2024-12-30,TikTok Ads,Campaign_80,Video,Finance,Tablet,15448,15094,110.82,11083.0,124.08
2024-06-11,TikTok Ads,Campaign_73,Video,EdTech,Desktop,9380,5913,4399.78,5816.0,7707.03
2024-04-05,Meta Ads,Campaign_28,Video,Healthcare,Tablet,14555,13144,4545.68,,18273.5
2024-12-06,Google Ads,Campaign_100,Shopping,Ecommerce,Desktop,12326,68,2262.33,20.0,9921.16
2024-09-12,Meta Ads,Campaign_51,Search,Healthcare,Mobile,15999,5929,2031.4,4962.0,2371.96
2025-01-24,Meta Ads,Campaign_26,Shopping,EdTech,Desktop,8730,3387,3639.51,1823.0,601.87
2024-12-31,Meta Ads,Campaign_53,Shopping,EdTech,Mobile,665,298,4310.63,42.0,3414.65
2024-03-21,Google Ads,Campaign_27,Shopping,Healthcare,Tablet,5913,3998,4187.33,824.0,9688.46
2024-06-26,Google Ads,Campaign_112,Search,Finance,Desktop,5910,126,1804.38,71.0,8392.53
2025-01-25,TikTok Ads,Campaign_119,Search,Finance,Tablet,1605,1181,4758.75,85.0,10417.7
2024-05-19,TikTok Ads,Campaign_1,Video,Ecommerce,Tablet,1925,1121,132.75,1078.0,283.86
2024-05-12,Meta Ads,Campaign_24,Shopping,Healthcare,Mobile,19478,4379,1630.87,112.0,3458.01
2024-08-21,Google Ads,Campaign_81,Search,EdTech,Desktop,14828,9458,11.89,6631.0,33.65
2024-02-03,TikTok Ads,Campaign_65,Video,Finance,Desktop,5072,1534,4105.48,1254.0,
2024-06-24,Google Ads,Campaign_119,Video,Healthcare,Mobile,11087,10107,605.59,2998.0,2815.71
2024-07-09,TikTok Ads,Campaign_16,Video,EdTech,Tablet,1308,317,4985.09,141.0,16335.72
2025-01-06,Meta Ads,Campaign_102,Shopping,Ecommerce,Desktop,18182,3365,1037.79,,4943.74
2024-05-31,TikTok Ads,Campaign_72,Shopping,Healthcare,Tablet,16863,16010,3048.14,1350.0,5102.96
2025-02-07,Google Ads,Campaign_64,Search,Ecommerce,Mobile,9132,2633,958.53,1278.0,225.24
2024-12-28,Meta Ads,Campaign_82,Search,EdTech,Tablet,11452,974,2226.47,246.0,7095.33
2024-09-22,Meta Ads,Campaign_116,Video,Finance,Desktop,12040,7303,3744.64,4529.0,
2024-06-12,Google Ads,Campaign_85,Video,Finance,Tablet,17838,552,3040.58,518.0,2841.73
2024-02-18,Google Ads,Campaign_117,Shopping,Ecommerce,Tablet,11970,3264,2325.32,1937.0,11297.95
2024-12-14,TikTok Ads,Campaign_43,Video,Ecommerce,Desktop,13594,11668,2011.65,5666.0,
2024-10-05,TikTok Ads,Campaign_52,Search,Healthcare,Tablet,9251,6959,1133.74,5293.0,
2024-12-08,Google Ads,Campaign_44,Search,Ecommerce,Mobile,5940,2539,65.01,73.0,144.77
2024-01-21,Meta Ads,Campaign_72,Video,Healthcare,Mobile,11366,4531,1628.97,443.0,606.04
2024-03-24,TikTok Ads,Campaign_34,Search,Healthcare,Tablet,13004,4462,4685.92,3721.0,19583.85
2024-12-01,Google Ads,Campaign_53,Search,Ecommerce,Tablet,19486,3649,4656.58,2648.0,18994.57
2024-12-02,TikTok Ads,Campaign_81,Shopping,Ecommerce,Desktop,3331,209,1718.64,209.0,3731.72
2025-02-19,Google Ads,Campaign_65,Search,Ecommerce,Desktop,9339,6943,4833.03,1290.0,1363.71
2025-02-14,Meta Ads,Campaign_22,Video,Ecommerce,Tablet,15366,14338,1509.86,11093.0,1875.18
2024-11-04,TikTok Ads,Campaign_37,Shopping,Finance,Mobile,1905,1757,4519.01,1036.0,
2024-01-13,Meta Ads,Campaign_94,Search,Ecommerce,Desktop,7526,3664,2549.42,3454.0,3022.76
2024-03-01,Google Ads,Campaign_45,Shopping,Finance,Desktop,19358,6714,319.57,3986.0,180.6
2024-07-08,Google Ads,Campaign_83,Shopping,Ecommerce,Mobile,9997,7435,1474.12,3055.0,5720.0
2024-11-29,Meta Ads,Campaign_93,Shopping,Ecommerce,Mobile,10544,8173,3641.17,,12731.78
2024-10-29,Google Ads,Campaign_101,Shopping,EdTech,Desktop,10504,1699,4659.03,534.0,1384.61
2024-02-06,Meta Ads,Campaign_13,Video,Healthcare,Tablet,7047,2339,3492.34,425.0,14667.7
2024-09-08,Google Ads,Campaign_30,Shopping,Healthcare,Desktop,10139,9237,2041.93,4590.0,4574.79
2024-06-13,TikTok Ads,Campaign_34,Search,Ecommerce,Tablet,3302,795,1686.42,317.0,5459.35
2025-01-28,Meta Ads,Campaign_60,Video,Finance,Mobile,19793,1919,427.61,884.0,1269.46
2024-09-04,Google Ads,Campaign_38,Shopping,Ecommerce,Desktop,5889,1881,2632.46,1875.0,
2024-05-09,Meta Ads,Campaign_83,Shopping,Healthcare,Tablet,15402,7983,2816.56,7723.0,8236.82
2024-03-21,Google Ads,Campaign_86,Shopping,Healthcare,Tablet,13231,3692,261.68,1757.0,481.88
2024-12-07,TikTok Ads,Campaign_4,Shopping,Ecommerce,Tablet,11017,10393,2172.92,10032.0,4620.88
2024-04-14,TikTok Ads,Campaign_63,Shopping,EdTech,Mobile,18557,11477,4672.37,9026.0,4052.4
2024-09-10,TikTok Ads,Campaign_118,Shopping,EdTech,Desktop,7807,4096,1579.86,1937.0,7659.45
2024-08-27,Meta Ads,Campaign_77,Video,Healthcare,Mobile,3215,208,750.1,,
2024-12-01,TikTok Ads,Campaign_34,Search,EdTech,Tablet,9965,1351,4804.87,1317.0,13534.43
2024-10-06,Meta Ads,Campaign_8,Search,EdTech,Desktop,13941,4502,2500.13,3463.0,10067.57
2025-02-13,TikTok Ads,Campaign_37,Video,Finance,Desktop,17919,7647,3993.38,5282.0,2747.57
2024-08-19,Google Ads,Campaign_10,Video,Ecommerce,Tablet,4691,4215,2472.7,1127.0,10464.07
2024-01-24,Meta Ads,Campaign_118,Video,Ecommerce,Desktop,18476,594,2416.1,421.0,5136.02
2024-07-10,Google Ads,Campaign_44,Video,Finance,Mobile,6840,2472,4944.25,1680.0,3148.91
2024-10-05,Meta Ads,Campaign_71,Search,Ecommerce,Tablet,649,549,2130.16,71.0,3052.37
2024-07-07,Google Ads,Campaign_44,Shopping,Healthcare,Desktop,3527,1705,4606.37,1552.0,2469.99
2024-05-11,Meta Ads,Campaign_49,Search,Finance,Tablet,5152,500,905.97,311.0,737.09
2024-11-15,Meta Ads,Campaign_113,Video,EdTech,Mobile,9124,7518,26.76,1541.0,54.55
2024-09-26,Meta Ads,Campaign_114,Shopping,EdTech,Mobile,3276,1784,3969.17,1509.0,
2024-02-09,Meta Ads,Campaign_4,Shopping,EdTech,Mobile,4683,3865,117.16,592.0,
2024-02-27,TikTok Ads,Campaign_26,Search,Ecommerce,Desktop,8858,1684,4303.6,1248.0,5402.51
2024-04-23,Google Ads,Campaign_12,Search,Ecommerce,Tablet,13062,7785,2369.6,,7758.47
2024-06-18,Meta Ads,Campaign_47,Video,Finance,Mobile,7954,1252,1031.04,1054.0,72.58
2025-01-05,Google Ads,Campaign_100,Search,Finance,Mobile,18527,11777,501.93,6345.0,1539.13
2024-01-11,Meta Ads,Campaign_96,Video,Ecommerce,Mobile,12904,6473,929.01,,4173.32
2024-09-15,Meta Ads,Campaign_23,Search,Ecommerce,Tablet,13580,6591,374.35,1826.0,533.57
2024-12-10,Meta Ads,Campaign_56,Video,Ecommerce,Mobile,15821,2139,4153.22,1047.0,
2024-05-15,Google Ads,Campaign_13,Search,Ecommerce,Desktop,750,371,1133.32,231.0,
2024-11-14,Meta Ads,Campaign_94,Shopping,Ecommerce,Desktop,9508,2304,1993.48,107.0,6133.56
2024-07-06,Meta Ads,Campaign_117,Video,Finance,Tablet,1740,759,1405.8,329.0,1672.84
2024-03-12,Meta Ads,Campaign_104,Shopping,EdTech,Desktop,15899,7005,553.65,2039.0,1723.15
2024-08-17,Meta Ads,Campaign_56,Video,EdTech,Desktop,15432,602,983.77,309.0,2558.28
2025-01-31,Meta Ads,Campaign_42,Search,EdTech,Tablet,3566,2457,1966.56,1772.0,6646.92
2024-04-04,Meta Ads,Campaign_84,Search,Healthcare,Tablet,8054,5136,4819.26,,20622.76
2024-02-05,TikTok Ads,Campaign_43,Video,Ecommerce,Mobile,14129,4146,3755.0,805.0,13695.99
2024-01-03,TikTok Ads,Campaign_22,Search,EdTech,Mobile,4968,1415,2897.76,653.0,3206.04
2024-08-23,Meta Ads,Campaign_2,Search,Ecommerce,Desktop,18834,13452,1130.61,6490.0,
2024-04-15,Meta Ads,Campaign_81,Search,Healthcare,Desktop,12459,7724,3140.05,336.0,
2024-10-28,Google Ads,Campaign_70,Shopping,Finance,Desktop,19279,7424,3906.73,1149.0,14302.21
2024-10-14,Google Ads,Campaign_72,Shopping,Healthcare,Mobile,4084,2372,3175.19,780.0,11583.43
2024-01-26,Meta Ads,Campaign_48,Video,Finance,Tablet,13989,6917,3215.47,2049.0,15081.78
2024-09-12,Google Ads,Campaign_3,Search,Healthcare,Desktop,13642,7000,1856.79,6515.0,3793.69
2024-09-19,Meta Ads,Campaign_82,Search,Ecommerce,Mobile,18283,3543,289.87,966.0,1133.81
2024-09-14,Meta Ads,Campaign_12,Video,EdTech,Mobile,1819,1022,2131.38,127.0,10377.82
2024-05-11,Google Ads,Campaign_52,Video,Finance,Mobile,5687,4183,3691.47,2813.0,7739.31
2025-01-07,Meta Ads,Campaign_66,Shopping,Healthcare,Desktop,3390,782,634.92,167.0,
2024-09-06,TikTok Ads,Campaign_21,Video,Healthcare,Tablet,721,501,2541.77,,3088.93
2024-06-06,Google Ads,Campaign_63,Video,Ecommerce,Tablet,17837,4171,2078.23,3150.0,10323.4
2024-09-10,Meta Ads,Campaign_39,Search,Healthcare,Mobile,12225,11719,1447.11,1752.0,3682.35
2025-03-25,Meta Ads,Campaign_75,Shopping,EdTech,Tablet,6216,4523,4427.55,3370.0,90.93
2024-01-27,Google Ads,Campaign_47,Shopping,EdTech,Tablet,5139,584,4029.82,426.0,5082.63
2024-09-08,TikTok Ads,Campaign_68,Search,EdTech,Tablet,13626,9036,3935.93,,12660.09
2024-01-29,TikTok Ads,Campaign_64,Search,Ecommerce,Tablet,13941,13624,459.25,905.0,670.62
2024-04-05,TikTok Ads,Campaign_57,Shopping,EdTech,Desktop,17688,13795,1687.69,3609.0,5021.52
2024-08-29,TikTok Ads,Campaign_119,Video,Healthcare,Tablet,19029,2053,966.89,309.0,491.84
2024-04-30,Google Ads,Campaign_3,Video,Finance,Desktop,9014,57,4047.38,32.0,16018.8
2025-03-07,Google Ads,Campaign_51,Video,Healthcare,Tablet,18897,6608,4001.21,,13500.57
2024-06-03,Meta Ads,Campaign_18,Search,Healthcare,Tablet,16238,8626,4276.93,2658.0,13294.68
2024-08-13,TikTok Ads,Campaign_20,Shopping,Finance,Tablet,10515,7423,4428.18,556.0,1493.0
2024-01-24,Meta Ads,Campaign_52,Shopping,Finance,Mobile,5016,4096,2941.49,2960.0,9212.4
2025-02-11,Meta Ads,Campaign_99,Video,Healthcare,Desktop,10036,5208,3825.98,2668.0,6838.99
2024-08-19,Meta Ads,Campaign_56,Video,EdTech,Desktop,12982,6929,2754.59,,113.78
2024-05-29,Google Ads,Campaign_13,Search,Ecommerce,Tablet,2100,1249,53.1,,127.37
2024-02-09,TikTok Ads,Campaign_1,Shopping,Finance,Mobile,13650,7784,379.95,3984.0,550.39
2024-05-30,Meta Ads,Campaign_86,Shopping,Ecommerce,Mobile,605,59,798.77,0.0,1640.84
2024-03-29,Meta Ads,Campaign_53,Search,Ecommerce,Mobile,13225,3633,1014.41,1592.0,3225.33
2024-12-30,Meta Ads,Campaign_78,Search,Finance,Desktop,17165,1434,3885.07,516.0,17176.63
2024-12-19,Google Ads,Campaign_68,Shopping,Ecommerce,Desktop,13837,11469,4247.35,,20237.65
2024-08-24,TikTok Ads,Campaign_88,Video,Ecommerce,Desktop,19021,18349,3526.32,,
2025-03-14,TikTok Ads,Campaign_85,Video,Finance,Mobile,7181,6259,4614.24,138.0,
2024-06-07,Google Ads,Campaign_83,Search,Ecommerce,Mobile,18083,10328,1535.85,4110.0,3991.74
2024-12-20,Google Ads,Campaign_113,Video,EdTech,Mobile,19592,9377,2421.57,8172.0,1210.18
2024-02-12,Meta Ads,Campaign_42,Search,EdTech,Mobile,13834,6678,2153.57,2678.0,7667.66
2024-10-31,Google Ads,Campaign_27,Search,EdTech,Tablet,11137,10509,4341.81,2663.0,
2024-07-03,Google Ads,Campaign_39,Search,Ecommerce,Desktop,13167,677,1968.8,206.0,8170.09
2024-12-15,Meta Ads,Campaign_62,Search,EdTech,Mobile,8417,199,4877.99,,24346.89
2024-06-26,Meta Ads,Campaign_106,Search,Ecommerce,Desktop,8471,7590,2445.81,3019.0,
2025-03-03,TikTok Ads,Campaign_23,Shopping,Healthcare,Desktop,11893,8674,2851.44,3039.0,
2025-01-28,Meta Ads,Campaign_45,Video,Ecommerce,Desktop,12893,12077,4068.5,6172.0,8573.22
2025-03-30,Google Ads,Campaign_100,Shopping,Finance,Desktop,16502,7303,4643.79,2004.0,18452.56
2024-01-20,TikTok Ads,Campaign_77,Shopping,Ecommerce,Desktop,8114,6703,3021.15,2782.0,
2025-02-01,Google Ads,Campaign_44,Video,Finance,Mobile,2085,973,2059.85,82.0,753.86
2024-11-03,Google Ads,Campaign_69,Video,Healthcare,Tablet,17955,12454,196.26,268.0,889.88
2025-03-27,TikTok Ads,Campaign_71,Video,Healthcare,Tablet,12804,7978,2235.9,2311.0,
2024-05-28,TikTok Ads,Campaign_46,Search,EdTech,Desktop,15200,2421,2384.13,373.0,165.5
2024-07-14,Google Ads,Campaign_82,Search,Ecommerce,Tablet,11345,69,2054.11,68.0,1274.38
2025-01-12,TikTok Ads,Campaign_55,Video,Healthcare,Desktop,12516,3260,1983.3,1122.0,433.72
2024-05-20,Google Ads,Campaign_57,Search,Ecommerce,Tablet,7139,1758,257.23,78.0,456.54
2024-12-26,Meta Ads,Campaign_44,Search,Ecommerce,Tablet,493,143,2831.55,,14116.96
2024-01-04,TikTok Ads,Campaign_42,Search,Healthcare,Mobile,15719,10203,1605.37,2357.0,5255.45
2024-05-17,Google Ads,Campaign_19,Video,Healthcare,Tablet,607,277,1706.32,138.0,7711.73
2025-02-21,Meta Ads,Campaign_80,Search,Finance,Tablet,10112,9524,3019.49,2744.0,
2024-11-16,Meta Ads,Campaign_31,Shopping,Healthcare,Tablet,13164,10821,4788.85,10634.0,6457.08
2024-01-05,Google Ads,Campaign_81,Search,Ecommerce,Tablet,12811,4555,3384.05,2164.0,
2024-08-31,Google Ads,Campaign_85,Search,Finance,Tablet,14610,7832,3280.4,4382.0,5677.55
2024-05-09,Meta Ads,Campaign_56,Video,EdTech,Tablet,2062,1546,296.88,440.0,914.89
2024-12-01,Google Ads,Campaign_106,Search,Ecommerce,Desktop,17310,1980,1455.34,1429.0,4735.83
2024-06-21,Google Ads,Campaign_21,Shopping,EdTech,Mobile,3653,3161,248.95,2427.0,405.04
2025-02-04,TikTok Ads,Campaign_55,Search,Ecommerce,Mobile,398,359,1592.21,128.0,
2024-09-04,TikTok Ads,Campaign_108,Video,EdTech,Tablet,6583,2148,1706.7,1948.0,6134.01
2024-12-01,Google Ads,Campaign_71,Shopping,Healthcare,Mobile,1178,86,277.22,34.0,180.59
2024-03-09,TikTok Ads,Campaign_36,Search,Ecommerce,Mobile,1324,9,2523.18,,12415.27
2024-01-14,Meta Ads,Campaign_87,Search,EdTech,Desktop,14795,1961,1349.15,424.0,
2025-01-06,Google Ads,Campaign_104,Shopping,EdTech,Mobile,14515,10202,2856.57,4570.0,13681.63
2025-01-16,Google Ads,Campaign_49,Video,Ecommerce,Desktop,4367,4270,865.47,2205.0,
2024-06-18,TikTok Ads,Campaign_71,Search,Healthcare,Tablet,8108,3441,1497.81,3404.0,
2024-02-21,Google Ads,Campaign_21,Video,Healthcare,Tablet,3800,2636,1143.79,1492.0,1699.94
2024-06-12,Google Ads,Campaign_79,Search,Ecommerce,Desktop,8172,6457,2370.01,3296.0,
2024-01-14,Google Ads,Campaign_97,Shopping,Ecommerce,Mobile,18054,7118,3479.05,5171.0,3877.51
2024-07-01,Meta Ads,Campaign_79,Video,Ecommerce,Mobile,12848,4079,3592.32,3979.0,7963.78
2024-10-01,TikTok Ads,Campaign_89,Shopping,Healthcare,Tablet,16614,6454,2281.27,1883.0,
2024-03-10,TikTok Ads,Campaign_101,Video,EdTech,Mobile,14775,3098,2139.53,2755.0,10480.86
2024-04-14,Meta Ads,Campaign_59,Video,Healthcare,Tablet,18468,8157,2375.43,1294.0,1178.62
2024-11-02,Meta Ads,Campaign_49,Video,Finance,Mobile,6550,1408,693.16,,3183.44
2024-09-07,Google Ads,Campaign_16,Search,Ecommerce,Desktop,1515,951,2561.75,287.0,7356.99
2025-01-26,Meta Ads,Campaign_89,Shopping,Finance,Mobile,16833,11127,2248.53,7328.0,5767.18
2024-07-09,Meta Ads,Campaign_87,Search,EdTech,Desktop,5687,1895,1521.72,1659.0,6697.02
2024-11-24,Google Ads,Campaign_71,Video,EdTech,Tablet,4312,3277,4872.44,2021.0,10942.07
2024-03-26,Google Ads,Campaign_97,Search,EdTech,Mobile,19435,1699,1463.34,,
2024-11-14,Google Ads,Campaign_82,Search,Healthcare,Desktop,8406,3429,2238.72,883.0,10866.84
2024-06-23,Google Ads,Campaign_111,Search,EdTech,Tablet,12638,5181,2204.39,1483.0,8129.51
2024-03-06,Google Ads,Campaign_13,Video,Finance,Desktop,9808,4802,4632.95,987.0,11831.79
2024-11-05,Meta Ads,Campaign_24,Search,Ecommerce,Tablet,721,323,1503.84,122.0,
2024-05-04,TikTok Ads,Campaign_50,Shopping,Ecommerce,Tablet,18044,13899,2493.22,4913.0,3871.32
2025-01-11,Meta Ads,Campaign_11,Video,EdTech,Desktop,8329,1753,1256.54,808.0,5324.35
2024-12-10,Google Ads,Campaign_3,Video,Healthcare,Mobile,3327,2028,1781.29,1143.0,1093.06
2024-04-06,Google Ads,Campaign_22,Video,Finance,Mobile,13613,9988,2767.42,5226.0,561.67
2025-02-22,Google Ads,Campaign_70,Search,EdTech,Tablet,10539,2739,280.69,727.0,1137.14
2024-01-17,Meta Ads,Campaign_106,Video,EdTech,Tablet,10558,9848,2439.71,7915.0,4229.25
2024-11-23,Google Ads,Campaign_42,Shopping,EdTech,Mobile,6589,1479,2917.41,1170.0,5505.08
2024-07-08,Meta Ads,Campaign_17,Video,Ecommerce,Desktop,1147,606,149.95,285.0,
2024-07-11,Google Ads,Campaign_46,Shopping,Healthcare,Mobile,5054,1426,4271.28,,907.65
2024-06-28,TikTok Ads,Campaign_52,Video,Healthcare,Desktop,6428,6277,2551.02,768.0,
2024-02-23,Meta Ads,Campaign_36,Search,Ecommerce,Desktop,5275,3561,4752.45,2375.0,23126.38
2024-03-21,TikTok Ads,Campaign_103,Search,Ecommerce,Desktop,10617,1110,1705.66,679.0,
2024-02-01,TikTok Ads,Campaign_67,Search,Ecommerce,Mobile,7681,5514,294.16,,77.13
2024-07-26,TikTok Ads,Campaign_59,Video,EdTech,Mobile,15597,8796,3465.54,8669.0,7037.28
2024-02-13,Google Ads,Campaign_104,Search,Ecommerce,Mobile,807,220,1040.38,80.0,
2024-06-19,Meta Ads,Campaign_35,Search,Healthcare,Mobile,15711,12080,3750.06,4664.0,6523.21
2024-04-10,Meta Ads,Campaign_89,Search,Ecommerce,Mobile,15870,11509,3681.19,9439.0,9731.1
2024-01-14,TikTok Ads,Campaign_24,Video,Healthcare,Mobile,13032,8159,1416.25,5115.0,
2024-08-06,Meta Ads,Campaign_21,Shopping,Healthcare,Desktop,3038,2404,1688.42,,5470.1
2025-01-22,Meta Ads,Campaign_6,Video,Finance,Tablet,6158,4421,34.98,3697.0,63.72
2024-11-24,TikTok Ads,Campaign_8,Video,Healthcare,Tablet,7235,503,3796.99,68.0,18958.37
2025-02-22,TikTok Ads,Campaign_51,Shopping,Ecommerce,Desktop,131,91,1540.1,88.0,2361.58
2025-03-09,Meta Ads,Campaign_5,Shopping,EdTech,Desktop,9812,6861,3777.54,,15240.65
2024-02-22,Google Ads,Campaign_1,Shopping,Finance,Mobile,2312,1698,4194.33,140.0,307.19
2024-04-10,Google Ads,Campaign_11,Search,Ecommerce,Mobile,7461,982,3058.46,396.0,11302.13
2024-09-01,Google Ads,Campaign_61,Search,Finance,Desktop,18608,3444,3216.13,544.0,15958.63
2024-01-21,Google Ads,Campaign_16,Search,Healthcare,Mobile,12758,9423,1841.83,7805.0,
2025-02-18,Meta Ads,Campaign_47,Video,EdTech,Desktop,4478,2582,4079.44,1062.0,
2024-03-26,Google Ads,Campaign_115,Search,Finance,Desktop,4774,3988,3.45,1806.0,15.29
2024-08-20,Meta Ads,Campaign_103,Shopping,Healthcare,Desktop,15548,7227,2945.33,3291.0,12237.72
2024-06-10,Meta Ads,Campaign_2,Shopping,Healthcare,Tablet,7516,3022,2986.5,1190.0,646.99
2025-02-10,Google Ads,Campaign_18,Shopping,Ecommerce,Mobile,14541,6239,2015.17,725.0,4072.2
2025-02-23,TikTok Ads,Campaign_39,Search,Ecommerce,Tablet,6838,6161,4827.36,5274.0,23775.15
2024-03-29,TikTok Ads,Campaign_45,Video,EdTech,Mobile,6163,4641,2729.0,1181.0,
2024-04-09,TikTok Ads,Campaign_113,Shopping,Healthcare,Mobile,13870,242,3649.43,87.0,1654.9
2025-01-21,TikTok Ads,Campaign_32,Video,EdTech,Tablet,8687,5408,1147.23,2662.0,188.78
2024-11-11,Google Ads,Campaign_42,Shopping,Healthcare,Desktop,2150,2007,2399.36,883.0,1105.55
2025-03-08,Meta Ads,Campaign_38,Search,EdTech,Mobile,7391,4209,3039.47,2591.0,7601.67
2024-11-06,TikTok Ads,Campaign_78,Shopping,Finance,Desktop,8455,6944,121.84,317.0,233.84
2025-03-10,Google Ads,Campaign_86,Search,Healthcare,Tablet,1019,732,1251.0,550.0,
2025-02-09,Google Ads,Campaign_32,Video,Healthcare,Desktop,3901,3806,667.13,12.0,2023.96
2024-07-31,Google Ads,Campaign_46,Shopping,Healthcare,Mobile,2405,254,4823.43,84.0,38.37
2024-03-08,Meta Ads,Campaign_77,Shopping,Healthcare,Mobile,15411,9480,3974.97,6072.0,6589.5
2024-02-10,TikTok Ads,Campaign_58,Shopping,Ecommerce,Mobile,18346,16874,4318.27,8509.0,5090.08
2024-03-15,Google Ads,Campaign_17,Video,Finance,Desktop,2790,2461,3610.97,1673.0,6621.07
2024-04-16,TikTok Ads,Campaign_20,Shopping,Finance,Tablet,16595,3529,1053.46,1673.0,1055.92
2025-01-31,TikTok Ads,Campaign_22,Video,EdTech,Desktop,13634,3990,45.74,3464.0,26.27
2024-10-11,Google Ads,Campaign_79,Search,EdTech,Tablet,1302,1143,1229.76,476.0,3756.25
2025-02-15,Google Ads,Campaign_18,Shopping,Healthcare,Mobile,2862,882,3730.17,877.0,13247.17
2025-02-08,TikTok Ads,Campaign_95,Video,Healthcare,Tablet,1012,189,1904.49,106.0,598.84
2024-04-20,Meta Ads,Campaign_77,Shopping,Healthcare,Tablet,5542,4521,1964.59,41.0,713.28
2024-11-12,Google Ads,Campaign_100,Video,EdTech,Desktop,18746,9584,1434.2,8075.0,6371.19
2024-09-17,Meta Ads,Campaign_75,Video,Healthcare,Mobile,14299,12215,4929.71,8406.0,
2024-04-26,TikTok Ads,Campaign_94,Video,Finance,Tablet,565,471,935.05,314.0,701.34
2024-03-18,TikTok Ads,Campaign_32,Shopping,Healthcare,Desktop,10792,6905,4569.78,5442.0,4841.6
2024-08-14,Google Ads,Campaign_7,Search,Healthcare,Mobile,6662,3348,3291.87,3166.0,
2024-09-14,Google Ads,Campaign_32,Search,EdTech,Mobile,11332,11102,4222.74,6485.0,15566.08
2024-05-26,Meta Ads,Campaign_59,Search,Ecommerce,Desktop,4312,531,2426.09,448.0,11412.03
2024-06-08,TikTok Ads,Campaign_99,Search,EdTech,Tablet,12666,8896,1.02,,0.51
2024-05-13,Google Ads,Campaign_67,Video,Finance,Mobile,14601,4642,2893.25,2127.0,5393.22
2024-05-13,TikTok Ads,Campaign_39,Search,EdTech,Tablet,17635,2966,1720.88,568.0,988.41
2024-09-03,Meta Ads,Campaign_12,Search,Ecommerce,Desktop,4120,662,3715.05,216.0,6645.33
2024-04-03,TikTok Ads,Campaign_32,Shopping,Healthcare,Mobile,7739,1148,4090.04,40.0,8177.03
2024-12-27,TikTok Ads,Campaign_16,Shopping,Healthcare,Tablet,3796,3280,4240.68,3280.0,20518.86
2024-07-14,Meta Ads,Campaign_87,Video,EdTech,Tablet,7687,5506,651.41,930.0,1981.14
2024-11-29,Meta Ads,Campaign_35,Shopping,EdTech,Tablet,15017,9312,2684.89,1924.0,4780.43
2025-01-27,Google Ads,Campaign_105,Shopping,Finance,Desktop,10807,3786,128.58,2040.0,8.66
2024-06-06,Google Ads,Campaign_76,Video,Finance,Tablet,6956,630,2862.56,448.0,11414.77
2024-05-15,Meta Ads,Campaign_29,Video,EdTech,Tablet,19531,4611,3921.25,1846.0,13709.56
2024-12-22,Meta Ads,Campaign_78,Search,Healthcare,Mobile,13301,11144,4168.15,4745.0,5094.8
2024-02-23,Google Ads,Campaign_47,Video,Finance,Desktop,178,3,2156.93,,542.63
2024-12-23,Google Ads,Campaign_93,Shopping,Healthcare,Mobile,5921,3824,4758.49,331.0,11162.37
2025-03-10,TikTok Ads,Campaign_58,Video,EdTech,Desktop,14210,7463,2468.9,1732.0,
2024-05-26,Google Ads,Campaign_101,Video,Ecommerce,Tablet,15023,3435,4052.36,1877.0,6689.39
2025-01-29,TikTok Ads,Campaign_27,Shopping,Healthcare,Desktop,16849,3025,158.73,2537.0,595.11
2024-04-24,Google Ads,Campaign_57,Shopping,Finance,Tablet,6813,2775,4442.49,1966.0,20473.86
2025-01-29,Meta Ads,Campaign_67,Search,Healthcare,Mobile,10858,6004,3989.75,1826.0,
2024-10-03,Meta Ads,Campaign_4,Search,Ecommerce,Desktop,6601,4389,2062.52,3397.0,5322.7
2024-04-14,Google Ads,Campaign_101,Video,EdTech,Desktop,9608,7850,1835.32,335.0,7793.73
2024-12-28,TikTok Ads,Campaign_103,Search,Ecommerce,Desktop,17148,9892,1384.5,5575.0,3134.4
2024-03-17,Meta Ads,Campaign_67,Shopping,EdTech,Mobile,12414,8849,4477.76,5233.0,6331.27
2024-07-27,Meta Ads,Campaign_2,Shopping,EdTech,Tablet,5284,2689,2959.76,2611.0,2865.77
2024-06-15,Meta Ads,Campaign_15,Video,Healthcare,Mobile,18038,4753,4349.35,,15551.17
2024-10-03,Google Ads,Campaign_8,Video,Finance,Desktop,12248,1962,1333.38,407.0,4769.08
2024-09-21,Google Ads,Campaign_95,Shopping,Ecommerce,Tablet,14774,3838,591.61,3413.0,2010.33
2024-06-09,Google Ads,Campaign_94,Search,Finance,Mobile,8888,4836,1795.1,,6270.45
2024-03-25,Meta Ads,Campaign_36,Search,EdTech,Desktop,14286,3719,4647.46,3135.0,21565.4
2024-08-13,Google Ads,Campaign_97,Video,Finance,Tablet,18980,4368,3670.78,3023.0,12560.82
2024-05-05,TikTok Ads,Campaign_82,Video,Finance,Tablet,1096,907,562.83,,1552.01
2024-05-13,Google Ads,Campaign_104,Search,EdTech,Mobile,4174,3572,2455.64,788.0,5933.0
2024-08-21,Meta Ads,Campaign_70,Search,Ecommerce,Tablet,8539,1558,1239.43,,2408.68
2024-01-10,Google Ads,Campaign_46,Video,Ecommerce,Mobile,11594,2576,420.63,2182.0,1329.65
2024-11-02,TikTok Ads,Campaign_100,Shopping,Ecommerce,Desktop,5751,4709,1978.0,4634.0,3409.08
2024-04-14,Google Ads,Campaign_47,Video,Ecommerce,Desktop,19257,11483,3644.07,9451.0,4796.56
2024-05-26,TikTok Ads,Campaign_95,Video,EdTech,Mobile,17048,15049,259.34,1183.0,191.27
2024-03-08,Meta Ads,Campaign_33,Search,Ecommerce,Mobile,721,532,846.79,350.0,1337.34
2024-12-04,TikTok Ads,Campaign_24,Video,EdTech,Mobile,1571,967,2151.89,862.0,
2024-11-10,Google Ads,Campaign_14,Shopping,Ecommerce,Desktop,6887,5135,4830.45,300.0,14467.37
2024-08-15,TikTok Ads,Campaign_21,Video,EdTech,Desktop,6902,877,1706.39,752.0,1810.57
2024-01-14,Meta Ads,Campaign_78,Video,Finance,Mobile,9326,2717,3283.14,2318.0,2362.95
2024-08-19,Meta Ads,Campaign_46,Search,Finance,Mobile,3504,2622,274.23,1423.0,1126.81
2024-05-06,Google Ads,Campaign_82,Search,Ecommerce,Mobile,12597,6695,600.14,541.0,2679.32
2024-05-01,Google Ads,Campaign_96,Shopping,Finance,Desktop,7151,6505,2172.07,4814.0,5103.46
2024-07-06,TikTok Ads,Campaign_28,Search,Healthcare,Desktop,7289,1857,3134.99,731.0,5307.5
2025-01-17,TikTok Ads,Campaign_29,Shopping,Healthcare,Tablet,4342,3477,4303.12,1360.0,
2024-02-12,TikTok Ads,Campaign_113,Search,Ecommerce,Desktop,6415,1894,2428.42,1363.0,
2024-06-26,TikTok Ads,Campaign_7,Shopping,Healthcare,Desktop,17029,14399,3482.31,13704.0,14530.57
2024-11-13,Google Ads,Campaign_119,Shopping,Finance,Desktop,15936,13156,109.88,506.0,157.74
2024-08-03,Meta Ads,Campaign_119,Search,Finance,Tablet,2889,1342,1288.26,1071.0,392.57
2024-04-22,Meta Ads,Campaign_64,Video,EdTech,Desktop,1823,1573,4689.21,1138.0,8916.84
2024-05-31,TikTok Ads,Campaign_71,Shopping,Finance,Tablet,13514,1958,1215.54,125.0,185.48
2024-07-05,Google Ads,Campaign_92,Video,Finance,Tablet,11443,6361,751.58,,1594.28
2024-08-31,Google Ads,Campaign_6,Shopping,Finance,Desktop,18904,6699,4301.31,2635.0,
2024-12-26,Meta Ads,Campaign_83,Video,Ecommerce,Tablet,19162,17553,2872.56,15593.0,5234.34
2024-03-03,TikTok Ads,Campaign_100,Video,Ecommerce,Desktop,11553,10310,4688.78,3760.0,465.62
2025-01-27,TikTok Ads,Campaign_112,Shopping,Ecommerce,Mobile,15334,11609,3928.55,,7394.3
2025-03-06,Meta Ads,Campaign_109,Shopping,EdTech,Desktop,1980,1587,4773.0,1504.0,22471.17
2025-02-13,Google Ads,Campaign_112,Shopping,Ecommerce,Mobile,14636,11334,1490.87,6357.0,2873.96
2024-01-20,Google Ads,Campaign_87,Search,Ecommerce,Desktop,2057,125,423.04,,1033.01
2024-08-19,Google Ads,Campaign_115,Shopping,Ecommerce,Tablet,12010,1250,3337.29,865.0,5489.08
2025-02-27,Meta Ads,Campaign_78,Video,Ecommerce,Tablet,15088,3048,1680.01,1906.0,4994.57
2024-11-21,TikTok Ads,Campaign_70,Shopping,Finance,Tablet,1752,915,3413.01,279.0,16594.93
2024-04-17,Google Ads,Campaign_42,Shopping,EdTech,Mobile,18137,6360,3265.82,5871.0,1156.49
2024-12-18,Google Ads,Campaign_42,Video,Finance,Desktop,6914,5521,3401.98,1010.0,
2025-01-25,TikTok Ads,Campaign_30,Video,Ecommerce,Mobile,13157,9015,1869.15,1184.0,3022.73
2024-11-21,TikTok Ads,Campaign_70,Video,Healthcare,Desktop,19638,16378,1781.33,16375.0,
2025-03-04,Meta Ads,Campaign_4,Video,Ecommerce,Desktop,2964,888,4536.48,266.0,17861.87
2024-09-24,Meta Ads,Campaign_30,Shopping,Finance,Desktop,19381,12700,4079.86,11403.0,
2024-10-19,Google Ads,Campaign_66,Shopping,Finance,Tablet,18761,12292,4836.98,,18373.37
2025-02-28,Meta Ads,Campaign_30,Search,Ecommerce,Tablet,8048,7347,4714.45,2115.0,10752.41
2025-03-13,Meta Ads,Campaign_113,Shopping,Healthcare,Tablet,13832,1543,2993.13,520.0,
2024-05-22,Google Ads,Campaign_39,Shopping,Healthcare,Tablet,16922,14113,3952.41,8447.0,
2025-03-15,TikTok Ads,Campaign_38,Shopping,Healthcare,Tablet,11074,1416,3134.41,,6695.64
2025-01-11,Meta Ads,Campaign_69,Video,Ecommerce,Mobile,11187,3835,3502.52,,
2024-04-05,TikTok Ads,Campaign_49,Shopping,EdTech,Tablet,17468,16650,2447.67,13408.0,8881.33
2024-10-10,TikTok Ads,Campaign_50,Shopping,EdTech,Mobile,9523,3190,1096.99,852.0,331.9
2024-06-18,Google Ads,Campaign_29,Search,Finance,Mobile,7759,3988,2945.76,3549.0,3581.19
2025-03-30,TikTok Ads,Campaign_19,Shopping,Finance,Tablet,13514,10497,55.95,6906.0,
2024-05-28,Meta Ads,Campaign_69,Search,Ecommerce,Tablet,6119,4891,4783.43,3914.0,3055.02
2024-01-25,Google Ads,Campaign_12,Search,Finance,Tablet,15377,779,1711.48,214.0,435.29
2024-08-01,TikTok Ads,Campaign_29,Shopping,EdTech,Mobile,8119,3508,4896.6,,2117.29
2024-02-04,TikTok Ads,Campaign_112,Video,Healthcare,Desktop,10334,9605,1114.63,6363.0,5162.27
2024-05-05,Meta Ads,Campaign_41,Shopping,Ecommerce,Tablet,18328,8604,4212.83,2651.0,13653.18
2025-02-05,Google Ads,Campaign_118,Video,EdTech,Mobile,5815,5444,3395.23,2464.0,15367.78
2024-12-14,Google Ads,Campaign_2,Video,Healthcare,Desktop,6549,6146,3969.63,,8268.09
2024-01-18,TikTok Ads,Campaign_51,Shopping,Ecommerce,Tablet,10438,5411,4945.45,647.0,10405.9
2024-12-17,Google Ads,Campaign_11,Search,Ecommerce,Mobile,3827,618,4963.15,521.0,1185.33
2024-08-28,TikTok Ads,Campaign_39,Video,Finance,Mobile,8720,4062,2043.98,338.0,2747.7
2024-01-18,Google Ads,Campaign_82,Shopping,Ecommerce,Mobile,12367,4383,4189.21,2894.0,6233.66
2024-11-25,Google Ads,Campaign_90,Shopping,EdTech,Mobile,12602,6154,4980.64,,5950.77
2024-09-30,Meta Ads,Campaign_21,Search,Finance,Mobile,8283,8131,2171.99,1965.0,6995.15
2024-09-17,TikTok Ads,Campaign_5,Video,Finance,Desktop,17561,1277,4013.1,1230.0,
2024-10-04,Google Ads,Campaign_69,Video,Healthcare,Tablet,17724,12983,648.83,9009.0,2868.22
2025-03-03,Google Ads,Campaign_114,Video,EdTech,Desktop,1073,1046,4029.09,272.0,
2024-10-07,Google Ads,Campaign_25,Search,EdTech,Tablet,19920,19876,2717.23,17686.0,12865.49
2024-12-15,Google Ads,Campaign_103,Search,EdTech,Tablet,18501,16791,1556.18,5680.0,2002.21
2025-01-21,Google Ads,Campaign_38,Video,Ecommerce,Tablet,13107,1484,3686.53,366.0,17295.94
2024-10-06,Google Ads,Campaign_113,Shopping,EdTech,Desktop,14963,1015,1184.3,94.0,
2024-08-16,Meta Ads,Campaign_52,Search,EdTech,Mobile,6047,4613,4152.71,1344.0,19348.53
2024-04-05,Google Ads,Campaign_30,Search,Ecommerce,Tablet,18856,958,2976.48,,
2024-03-26,Google Ads,Campaign_108,Video,EdTech,Desktop,3261,2199,4525.14,,20540.67
2024-10-10,TikTok Ads,Campaign_42,Shopping,Healthcare,Mobile,8046,870,4036.43,139.0,
2024-11-10,Meta Ads,Campaign_84,Shopping,Ecommerce,Desktop,9444,5080,522.6,4438.0,2539.26
2024-02-21,Meta Ads,Campaign_36,Shopping,Finance,Desktop,11960,7680,847.67,927.0,1311.93
2024-10-13,TikTok Ads,Campaign_87,Shopping,Finance,Tablet,350,200,2984.86,106.0,6060.84
2024-07-06,TikTok Ads,Campaign_89,Video,EdTech,Desktop,8298,2553,2986.94,116.0,1761.27
2024-05-23,Meta Ads,Campaign_107,Search,Ecommerce,Tablet,2754,627,4926.13,195.0,18760.23
2024-10-21,Google Ads,Campaign_89,Shopping,Ecommerce,Desktop,16857,605,1684.62,498.0,7581.97
2025-02-26,TikTok Ads,Campaign_119,Video,Ecommerce,Tablet,6097,675,2199.46,327.0,10672.8
2024-12-28,Meta Ads,Campaign_112,Shopping,Ecommerce,Desktop,17865,1280,1191.6,474.0,2926.17
2024-03-22,Meta Ads,Campaign_35,Video,EdTech,Mobile,6458,201,4231.1,105.0,6869.22
2024-12-14,Google Ads,Campaign_35,Search,EdTech,Tablet,14805,3371,4826.76,2824.0,5994.25
2024-07-01,TikTok Ads,Campaign_107,Video,Ecommerce,Mobile,5674,1526,1135.85,1324.0,4650.61
2024-02-05,TikTok Ads,Campaign_68,Search,Healthcare,Mobile,10899,6168,1459.25,1329.0,7185.94
2024-07-06,Meta Ads,Campaign_114,Video,Ecommerce,Tablet,11927,944,1796.75,196.0,8746.77
2024-09-07,Google Ads,Campaign_89,Search,Healthcare,Desktop,1192,954,3480.21,872.0,
2024-11-18,Google Ads,Campaign_84,Shopping,EdTech,Tablet,1392,1197,1615.64,340.0,5529.57
2025-03-23,Meta Ads,Campaign_94,Search,Healthcare,Desktop,12792,6362,1788.41,,8032.89
2024-02-08,Google Ads,Campaign_99,Search,EdTech,Tablet,33,31,1519.02,21.0,4597.4
2024-07-08,TikTok Ads,Campaign_43,Search,EdTech,Desktop,4096,2334,1671.22,2020.0,1750.45
2024-11-24,Meta Ads,Campaign_27,Search,EdTech,Tablet,6539,5370,221.72,4223.0,
2024-04-30,Meta Ads,Campaign_25,Shopping,Finance,Mobile,15837,10162,2524.73,3852.0,
2024-01-30,Meta Ads,Campaign_97,Search,Healthcare,Desktop,10514,4233,2407.32,1350.0,6371.66
2024-02-08,TikTok Ads,Campaign_55,Search,EdTech,Desktop,15882,7066,4736.47,,22701.62
2025-01-29,TikTok Ads,Campaign_90,Video,EdTech,Tablet,17858,11378,433.78,4001.0,21.41
2024-12-23,Meta Ads,Campaign_94,Shopping,Finance,Mobile,8943,1232,2877.49,86.0,8925.65
2024-06-11,Meta Ads,Campaign_94,Shopping,Finance,Desktop,239,15,223.98,14.0,1070.74
2024-10-24,TikTok Ads,Campaign_109,Shopping,Ecommerce,Mobile,10330,2175,2390.01,969.0,6176.82
2024-08-11,Meta Ads,Campaign_14,Search,Finance,Desktop,19408,3070,64.83,1074.0,13.88
2024-10-19,TikTok Ads,Campaign_85,Shopping,Ecommerce,Desktop,16037,5821,2396.57,2856.0,
2024-02-23,Google Ads,Campaign_58,Shopping,Healthcare,Tablet,7658,2428,4766.75,1914.0,
2024-12-08,Google Ads,Campaign_97,Search,Healthcare,Tablet,14157,6128,1221.11,2265.0,591.78
2024-01-04,Google Ads,Campaign_32,Video,Finance,Tablet,19097,6118,2576.89,5713.0,12337.94
2024-01-14,Google Ads,Campaign_72,Shopping,EdTech,Tablet,9317,6201,4172.33,5900.0,13369.79
2024-04-06,Meta Ads,Campaign_103,Search,Finance,Tablet,9805,241,810.13,202.0,2269.5
2024-01-16,TikTok Ads,Campaign_94,Video,Ecommerce,Desktop,15105,13250,1658.39,9683.0,7822.98
2024-03-07,Google Ads,Campaign_40,Search,EdTech,Tablet,9417,3638,3005.51,1415.0,789.08
2024-11-17,Meta Ads,Campaign_52,Video,Healthcare,Mobile,17702,5684,1708.07,4903.0,7741.89
2025-01-11,TikTok Ads,Campaign_44,Video,Healthcare,Tablet,2010,1664,2308.01,,2657.84
2024-12-31,Google Ads,Campaign_3,Video,EdTech,Mobile,2482,724,822.48,226.0,3089.67
2024-06-21,Google Ads,Campaign_36,Search,EdTech,Mobile,4465,2322,3339.39,2117.0,3671.23
2025-02-16,Google Ads,Campaign_92,Video,Finance,Mobile,14747,11955,1781.63,8970.0,1900.88
2024-01-30,TikTok Ads,Campaign_72,Shopping,Healthcare,Mobile,231,69,2413.86,48.0,
2024-11-24,Meta Ads,Campaign_58,Video,Healthcare,Tablet,9089,7882,4467.53,1869.0,
2024-03-15,Google Ads,Campaign_66,Search,Ecommerce,Tablet,17743,7432,4163.64,6338.0,19076.28
2024-11-12,Meta Ads,Campaign_11,Search,Ecommerce,Mobile,13696,10481,534.0,6190.0,129.95
2024-02-18,Meta Ads,Campaign_116,Search,Finance,Tablet,5301,1455,1758.62,1197.0,8317.64
2024-01-16,TikTok Ads,Campaign_38,Search,Finance,Mobile,9790,944,4603.25,917.0,3448.09
2024-11-12,Google Ads,Campaign_70,Search,Finance,Mobile,545,45,1611.07,36.0,3625.72
2024-10-24,Meta Ads,Campaign_30,Search,Healthcare,Desktop,19049,4592,2433.11,3590.0,
2025-03-13,TikTok Ads,Campaign_83,Video,Healthcare,Mobile,50,34,36.94,22.0,65.53
2024-09-21,Google Ads,Campaign_7,Search,Ecommerce,Tablet,16907,4601,1947.42,4494.0,2539.25
2024-02-12,Google Ads,Campaign_45,Video,Finance,Mobile,9926,9637,1461.71,331.0,5606.22
2024-02-06,Google Ads,Campaign_7,Shopping,Healthcare,Mobile,9190,5827,1524.73,3555.0,6631.14
2024-03-26,TikTok Ads,Campaign_107,Shopping,EdTech,Mobile,7793,6677,584.88,922.0,1913.83
2024-08-14,Meta Ads,Campaign_110,Shopping,Healthcare,Desktop,14054,6735,2369.02,130.0,7640.06
2024-12-08,TikTok Ads,Campaign_85,Video,Ecommerce,Mobile,17094,2150,756.47,1856.0,834.26
2025-02-19,Google Ads,Campaign_93,Video,Finance,Desktop,7154,7139,1389.17,3982.0,5351.84
2024-01-18,Google Ads,Campaign_116,Search,Healthcare,Mobile,10196,7395,86.28,6551.0,1.09
2024-08-25,Google Ads,Campaign_96,Video,Healthcare,Desktop,6237,5026,4682.16,1772.0,6373.11
2024-09-12,Google Ads,Campaign_40,Search,Ecommerce,Tablet,2824,1227,460.09,141.0,
2024-08-17,Google Ads,Campaign_101,Shopping,Ecommerce,Desktop,17097,16469,1188.9,,2108.15
2024-06-23,Google Ads,Campaign_40,Search,Ecommerce,Desktop,6971,2851,1078.09,1397.0,2657.07
2025-02-27,TikTok Ads,Campaign_2,Shopping,Healthcare,Desktop,19129,13510,619.85,2847.0,2149.4
2025-01-09,Meta Ads,Campaign_27,Video,EdTech,Mobile,19441,5867,3259.99,967.0,9481.39
2024-02-03,Google Ads,Campaign_59,Search,EdTech,Mobile,3197,1709,963.8,1570.0,4113.4
2024-08-06,TikTok Ads,Campaign_103,Shopping,Ecommerce,Tablet,1225,892,597.06,654.0,
2025-02-09,Google Ads,Campaign_50,Shopping,Ecommerce,Tablet,8793,4974,4530.91,3906.0,9667.24
2024-01-05,Meta Ads,Campaign_116,Shopping,Ecommerce,Desktop,11827,7286,3375.49,6473.0,8660.82
2025-02-08,TikTok Ads,Campaign_112,Shopping,EdTech,Desktop,4383,3669,4557.16,1068.0,2963.46
2024-03-05,TikTok Ads,Campaign_74,Video,EdTech,Desktop,6269,4567,3096.42,620.0,11188.99
2024-01-13,Google Ads,Campaign_10,Shopping,EdTech,Tablet,2864,2264,3483.64,1316.0,1364.29
2025-03-02,TikTok Ads,Campaign_35,Search,Healthcare,Tablet,1060,775,1435.63,473.0,5313.77
2024-12-10,Google Ads,Campaign_91,Shopping,Healthcare,Mobile,10038,4412,4126.27,4398.0,5396.77
2024-11-25,Meta Ads,Campaign_86,Video,Finance,Desktop,8402,4959,2224.23,775.0,147.21
2024-02-06,TikTok Ads,Campaign_47,Search,Ecommerce,Desktop,16148,14628,3795.02,260.0,18151.18
2024-05-02,Meta Ads,Campaign_24,Shopping,EdTech,Mobile,2969,1846,3478.39,,4858.48
2024-12-31,Meta Ads,Campaign_110,Video,EdTech,Mobile,16047,9788,3662.44,365.0,16681.94
2025-03-11,TikTok Ads,Campaign_56,Shopping,Healthcare,Desktop,14569,1462,221.82,1115.0,199.03
2024-10-05,Google Ads,Campaign_9,Video,Ecommerce,Mobile,4011,933,3986.41,662.0,
2024-04-19,Meta Ads,Campaign_40,Video,Healthcare,Mobile,11961,6592,4177.37,5434.0,
2024-10-22,Meta Ads,Campaign_77,Shopping,Ecommerce,Desktop,17914,52,2781.32,15.0,11031.75
2024-12-21,Meta Ads,Campaign_9,Video,Healthcare,Tablet,6278,2425,1198.41,709.0,396.09
2024-05-12,TikTok Ads,Campaign_69,Search,EdTech,Mobile,1551,101,3943.05,19.0,13755.64
2024-12-18,Meta Ads,Campaign_96,Shopping,Ecommerce,Mobile,10387,9125,2261.99,,
2025-03-21,Google Ads,Campaign_11,Video,EdTech,Desktop,7072,1278,2763.53,389.0,3289.69
2025-03-18,TikTok Ads,Campaign_115,Search,Healthcare,Desktop,6064,973,4319.44,91.0,14396.33
2025-01-18,Google Ads,Campaign_20,Shopping,Ecommerce,Tablet,6987,5574,1315.67,421.0,3665.25
2024-03-02,Meta Ads,Campaign_29,Video,Ecommerce,Mobile,12818,12283,403.5,12019.0,510.63
2024-01-11,TikTok Ads,Campaign_88,Shopping,Finance,Mobile,18584,8206,610.49,7953.0,62.56
2024-04-08,Google Ads,Campaign_63,Video,Healthcare,Mobile,16987,4043,11.2,3158.0,4.88
2024-08-06,TikTok Ads,Campaign_49,Video,EdTech,Mobile,17198,8723,4327.46,758.0,9963.13
2024-09-02,Meta Ads,Campaign_93,Video,Finance,Tablet,5418,5403,2502.79,2860.0,4646.91
2024-05-21,TikTok Ads,Campaign_68,Video,Healthcare,Mobile,1345,580,1096.31,14.0,5448.02
2024-12-13,Meta Ads,Campaign_50,Video,Finance,Desktop,16348,15538,2621.11,9423.0,13092.24
2024-07-22,TikTok Ads,Campaign_5,Video,EdTech,Tablet,13397,12164,262.22,598.0,182.05
2024-10-03,Meta Ads,Campaign_102,Shopping,EdTech,Desktop,587,15,3765.79,,8788.77
2024-04-26,Meta Ads,Campaign_4,Search,Finance,Mobile,10561,9551,3639.34,,18149.76
2025-03-20,Meta Ads,Campaign_90,Video,Healthcare,Tablet,8031,3004,3058.22,,
2024-08-03,Meta Ads,Campaign_107,Shopping,Finance,Desktop,9700,9013,1469.86,2135.0,6243.47
2024-06-12,TikTok Ads,Campaign_92,Video,Healthcare,Desktop,16964,12199,2471.55,896.0,6799.59
2024-03-26,Google Ads,Campaign_16,Shopping,EdTech,Tablet,15270,8505,4167.31,2649.0,18173.4
2024-02-21,Google Ads,Campaign_68,Video,Finance,Desktop,7444,6209,3195.81,4015.0,
2024-03-02,TikTok Ads,Campaign_77,Search,Healthcare,Mobile,11605,3904,3028.57,1339.0,11164.3
2024-12-25,Google Ads,Campaign_71,Search,EdTech,Desktop,3892,1964,2931.03,,2548.03
2024-11-21,Google Ads,Campaign_16,Shopping,EdTech,Mobile,7672,5214,381.44,2077.0,635.22
2024-03-03,Meta Ads,Campaign_2,Video,Finance,Tablet,15020,262,2769.54,,615.79
2024-12-15,Google Ads,Campaign_38,Shopping,Healthcare,Mobile,16248,12007,205.88,,184.37
2025-01-14,Meta Ads,Campaign_10,Video,EdTech,Desktop,847,382,3062.44,308.0,12606.53
2024-08-14,Meta Ads,Campaign_64,Video,Finance,Desktop,17181,10008,3483.04,5290.0,
2024-06-03,TikTok Ads,Campaign_57,Shopping,Finance,Tablet,12631,19,4311.81,6.0,
2024-05-09,Meta Ads,Campaign_69,Shopping,EdTech,Tablet,6052,2050,2983.99,1987.0,153.93
2025-02-14,TikTok Ads,Campaign_81,Search,Ecommerce,Tablet,19373,10496,4470.8,10421.0,4800.07
2024-06-07,Meta Ads,Campaign_14,Search,EdTech,Tablet,9366,5739,3543.1,5226.0,15853.08
2024-10-18,TikTok Ads,Campaign_32,Search,Ecommerce,Desktop,9049,7246,4984.63,5869.0,
2024-04-02,Google Ads,Campaign_44,Shopping,EdTech,Mobile,1555,1319,4263.37,577.0,15014.76
2024-06-01,TikTok Ads,Campaign_77,Shopping,Healthcare,Mobile,18498,7729,4960.11,3724.0,7516.43
2024-09-26,TikTok Ads,Campaign_41,Search,Ecommerce,Tablet,18586,270,1000.77,49.0,61.69
2024-07-17,TikTok Ads,Campaign_105,Video,Finance,Tablet,750,571,2029.96,319.0,2606.17
2024-12-21,TikTok Ads,Campaign_22,Video,Ecommerce,Mobile,328,178,729.32,51.0,47.72
2024-03-22,TikTok Ads,Campaign_58,Shopping,Finance,Mobile,17004,6190,1404.02,1631.0,3778.86
2024-03-21,Google Ads,Campaign_109,Search,Ecommerce,Mobile,8235,4469,4600.59,1027.0,6945.15
2024-02-09,TikTok Ads,Campaign_56,Search,Ecommerce,Desktop,5432,5191,3612.91,1269.0,12070.95
2025-01-03,Meta Ads,Campaign_37,Video,EdTech,Mobile,19627,12589,2268.29,7657.0,10474.18
2024-04-14,TikTok Ads,Campaign_54,Shopping,EdTech,Desktop,6158,87,230.06,87.0,401.46
2024-06-25,Google Ads,Campaign_52,Video,EdTech,Mobile,12817,3355,4301.11,70.0,13886.05
2024-11-05,Google Ads,Campaign_17,Search,Healthcare,Desktop,10432,7742,3518.04,993.0,14284.88
2024-08-06,TikTok Ads,Campaign_54,Video,Healthcare,Desktop,11916,4659,3702.01,179.0,6745.52
2024-12-19,TikTok Ads,Campaign_83,Search,Ecommerce,Desktop,6673,5772,3092.39,5280.0,7477.75
2024-09-14,Google Ads,Campaign_76,Video,Healthcare,Tablet,8239,4008,2064.67,3666.0,10254.73
2024-10-16,Google Ads,Campaign_81,Search,Finance,Mobile,7425,5752,2452.34,,9962.52
2024-08-20,Google Ads,Campaign_36,Search,Finance,Tablet,5023,3566,1730.44,2264.0,6116.38
2024-05-14,Meta Ads,Campaign_49,Shopping,Healthcare,Mobile,18830,9792,2014.39,3077.0,4681.14
2024-11-02,Meta Ads,Campaign_71,Shopping,Finance,Tablet,19291,15374,2360.98,6742.0,1970.0
2024-11-30,Google Ads,Campaign_102,Search,EdTech,Mobile,5576,1370,1383.68,485.0,
2024-11-04,Meta Ads,Campaign_85,Video,Ecommerce,Desktop,17477,14159,3345.53,7744.0,7342.42
2025-01-27,Meta Ads,Campaign_45,Search,Finance,Desktop,17491,8175,3958.84,3305.0,
2024-07-11,Google Ads,Campaign_33,Video,Ecommerce,Tablet,14849,3247,2495.32,3071.0,9207.81
2024-07-10,Google Ads,Campaign_57,Video,EdTech,Mobile,18563,1312,3950.22,,
2024-09-03,Google Ads,Campaign_75,Shopping,Healthcare,Mobile,13527,5628,622.2,,2276.53
2024-06-10,TikTok Ads,Campaign_118,Search,Finance,Mobile,16282,15645,4265.4,8237.0,14925.0
2024-06-22,Google Ads,Campaign_81,Video,Healthcare,Mobile,16209,14505,4359.03,14019.0,522.9
2024-08-26,Meta Ads,Campaign_75,Shopping,Healthcare,Tablet,7237,3169,325.01,2984.0,572.6
2024-01-28,Google Ads,Campaign_45,Video,Healthcare,Mobile,19312,9425,2138.6,4542.0,8475.5
2024-01-31,Google Ads,Campaign_60,Search,Healthcare,Tablet,2471,705,1080.68,635.0,1931.94
2024-02-27,TikTok Ads,Campaign_87,Search,Ecommerce,Tablet,12388,11049,2308.63,10872.0,2731.48
2025-02-16,Meta Ads,Campaign_20,Video,EdTech,Mobile,7628,5727,1616.97,4140.0,
2024-07-29,Meta Ads,Campaign_88,Search,Ecommerce,Mobile,9561,8759,4737.91,3187.0,82.68
2025-03-14,Meta Ads,Campaign_102,Search,Healthcare,Tablet,16356,1883,2042.3,1212.0,9503.91
2024-03-17,TikTok Ads,Campaign_102,Video,EdTech,Desktop,2982,875,2736.0,,
2025-02-18,Meta Ads,Campaign_80,Shopping,Healthcare,Tablet,19854,18779,4486.4,12201.0,15482.19
2024-05-04,TikTok Ads,Campaign_72,Video,Ecommerce,Desktop,7906,5247,4035.11,4104.0,12644.72
2024-05-25,Google Ads,Campaign_56,Video,Ecommerce,Tablet,11860,7026,2374.8,3133.0,4987.66
2024-10-11,TikTok Ads,Campaign_29,Shopping,EdTech,Mobile,359,31,995.73,23.0,
2024-03-16,TikTok Ads,Campaign_95,Video,Healthcare,Desktop,6335,3547,4213.71,1377.0,18946.57
2024-09-18,Meta Ads,Campaign_63,Video,Ecommerce,Mobile,17300,4744,3840.25,2209.0,6554.39
2025-01-02,TikTok Ads,Campaign_89,Shopping,EdTech,Mobile,4618,771,4505.6,140.0,
2024-11-12,TikTok Ads,Campaign_33,Video,Ecommerce,Desktop,5382,3803,2314.61,3755.0,
2025-01-13,Meta Ads,Campaign_44,Video,Healthcare,Desktop,3157,1765,369.23,1692.0,784.23
2024-02-05,Meta Ads,Campaign_74,Search,Finance,Tablet,8376,1830,1690.8,1743.0,4799.08
2025-01-13,Meta Ads,Campaign_21,Video,Healthcare,Desktop,13242,292,2861.15,285.0,2059.89
2024-09-17,Google Ads,Campaign_31,Search,Ecommerce,Mobile,8766,2001,4231.92,,1214.94
2025-03-04,Google Ads,Campaign_86,Shopping,EdTech,Tablet,9546,4734,1021.33,2752.0,5003.92
2024-11-05,Meta Ads,Campaign_14,Shopping,Ecommerce,Desktop,17000,14092,3208.76,,12033.48
2025-02-22,TikTok Ads,Campaign_117,Search,EdTech,Desktop,17145,10389,4483.57,9054.0,
2024-08-11,Meta Ads,Campaign_38,Shopping,Ecommerce,Tablet,6647,3756,2336.02,1336.0,4968.17
2024-08-09,Google Ads,Campaign_48,Video,EdTech,Mobile,19451,2332,1027.89,1220.0,
2024-11-02,Google Ads,Campaign_46,Search,Healthcare,Mobile,13700,10981,2529.91,9442.0,10987.42
2024-06-27,Meta Ads,Campaign_101,Search,Finance,Tablet,19990,17851,4590.89,,2182.59
2024-08-16,TikTok Ads,Campaign_12,Search,Ecommerce,Mobile,8010,843,4669.76,34.0,16898.4
2024-08-10,Meta Ads,Campaign_45,Search,Ecommerce,Mobile,4659,2962,1374.07,2062.0,4159.99
2024-04-14,Meta Ads,Campaign_115,Shopping,Healthcare,Desktop,4764,4053,993.55,368.0,3387.75
2024-12-22,TikTok Ads,Campaign_22,Search,Finance,Desktop,8253,5766,1177.49,5615.0,5778.17
2024-08-17,TikTok Ads,Campaign_11,Search,Healthcare,Mobile,14260,8028,517.15,7096.0,1084.54
2025-01-23,TikTok Ads,Campaign_83,Shopping,Healthcare,Tablet,12641,9070,670.81,4703.0,2042.24
2024-02-04,Meta Ads,Campaign_16,Shopping,EdTech,Tablet,13387,2458,1870.75,2051.0,5216.48
2024-12-28,TikTok Ads,Campaign_116,Search,Healthcare,Tablet,18165,16720,3441.13,6083.0,
2024-07-08,Google Ads,Campaign_63,Video,Finance,Desktop,2881,954,4356.14,,16514.73
2024-04-02,Google Ads,Campaign_97,Search,EdTech,Tablet,18188,3325,729.91,1877.0,1175.82
2024-03-06,TikTok Ads,Campaign_53,Video,Finance,Mobile,2596,1434,3182.06,901.0,13767.26
2024-12-18,Meta Ads,Campaign_39,Shopping,EdTech,Tablet,10771,1419,147.52,1381.0,207.5
2024-11-04,Meta Ads,Campaign_46,Shopping,Ecommerce,Tablet,17647,3613,4972.31,350.0,24217.56
2024-11-26,Google Ads,Campaign_109,Video,Healthcare,Tablet,17982,9646,4846.2,2603.0,7963.11
2024-09-06,TikTok Ads,Campaign_8,Video,Finance,Tablet,13139,12842,4758.4,9394.0,12376.14
2024-11-16,TikTok Ads,Campaign_2,Search,Ecommerce,Mobile,10291,1745,3650.45,312.0,1609.8
2024-09-01,Meta Ads,Campaign_35,Shopping,Healthcare,Mobile,10499,986,4874.75,38.0,19140.38
2024-05-10,Google Ads,Campaign_112,Video,Ecommerce,Tablet,7326,405,1143.3,316.0,3578.32
2024-08-04,Google Ads,Campaign_80,Search,EdTech,Desktop,4882,2412,2160.03,1933.0,
2024-02-28,TikTok Ads,Campaign_29,Shopping,Healthcare,Mobile,16199,12934,3926.22,,
2024-11-14,Meta Ads,Campaign_38,Shopping,Finance,Mobile,7793,2415,4934.62,553.0,
2024-07-22,TikTok Ads,Campaign_6,Shopping,Healthcare,Mobile,7936,5344,1215.56,4797.0,
2024-04-03,Google Ads,Campaign_110,Search,Finance,Desktop,18827,3257,3655.94,352.0,
2024-07-08,Google Ads,Campaign_80,Shopping,Ecommerce,Desktop,12967,9793,40.89,,59.5
2024-07-14,Meta Ads,Campaign_47,Video,EdTech,Desktop,19533,1547,1995.29,794.0,6074.56
2024-05-26,Google Ads,Campaign_117,Video,Ecommerce,Mobile,7439,3797,295.15,2233.0,1136.9
2024-08-09,Meta Ads,Campaign_70,Shopping,Finance,Mobile,11130,2854,2970.36,890.0,14167.11
2024-06-15,Meta Ads,Campaign_30,Shopping,Ecommerce,Mobile,16485,11577,1088.22,8133.0,4195.92
2024-06-18,Google Ads,Campaign_19,Search,EdTech,Mobile,8,7,3265.61,,2105.64
2024-10-30,Google Ads,Campaign_105,Shopping,Healthcare,Tablet,15067,3766,703.81,3331.0,1080.73
2025-02-03,Meta Ads,Campaign_36,Search,EdTech,Tablet,14942,13800,4821.49,6652.0,3518.2
2025-03-30,TikTok Ads,Campaign_100,Shopping,EdTech,Mobile,8055,7709,2488.76,7084.0,3734.98
2024-10-12,Meta Ads,Campaign_103,Shopping,Healthcare,Mobile,9175,1024,3888.91,357.0,12360.94
2024-09-16,Meta Ads,Campaign_76,Video,Healthcare,Mobile,16959,11039,442.99,402.0,1689.66
2024-05-20,TikTok Ads,Campaign_70,Shopping,Ecommerce,Tablet,9170,3816,3012.61,2726.0,11493.11
2024-05-08,TikTok Ads,Campaign_44,Shopping,EdTech,Tablet,17849,4771,546.24,3832.0,2018.8
2024-10-28,Google Ads,Campaign_52,Video,EdTech,Tablet,6504,2806,3912.12,507.0,
2024-01-14,TikTok Ads,Campaign_14,Video,Ecommerce,Tablet,17530,8323,4401.89,6364.0,5955.94
2025-03-02,TikTok Ads,Campaign_13,Video,Ecommerce,Tablet,15969,6856,4924.19,5892.0,12323.87
2024-08-13,TikTok Ads,Campaign_8,Search,Healthcare,Desktop,15172,4486,1392.3,2151.0,2927.9
2024-11-04,TikTok Ads,Campaign_72,Shopping,EdTech,Tablet,5911,5772,2155.15,4720.0,
2024-05-14,Google Ads,Campaign_10,Shopping,Finance,Tablet,19630,13222,4558.52,4304.0,8394.32
2024-08-09,Meta Ads,Campaign_95,Video,Healthcare,Tablet,14300,1186,2419.02,,5689.52
2024-08-24,TikTok Ads,Campaign_69,Search,Finance,Desktop,7085,4164,2009.45,266.0,8593.11
2024-10-31,Google Ads,Campaign_92,Shopping,Finance,Mobile,15125,5570,1135.59,4849.0,3321.03
2025-01-07,Meta Ads,Campaign_89,Video,Ecommerce,Mobile,7779,6409,1411.36,,4773.67
2024-06-18,TikTok Ads,Campaign_6,Shopping,EdTech,Desktop,6508,3994,1230.37,3967.0,5517.68
2024-04-10,TikTok Ads,Campaign_66,Shopping,EdTech,Mobile,17361,13866,4906.07,6052.0,22884.57
2024-12-10,Meta Ads,Campaign_5,Video,Ecommerce,Desktop,4651,2956,636.5,1685.0,
2024-08-12,Meta Ads,Campaign_99,Shopping,EdTech,Tablet,8523,958,432.73,,536.0
2024-09-23,Google Ads,Campaign_60,Video,Finance,Mobile,3162,2421,3780.29,203.0,8090.62
2024-06-15,Meta Ads,Campaign_13,Search,Healthcare,Desktop,7917,7419,3929.3,738.0,17161.31
2024-02-28,Meta Ads,Campaign_17,Video,EdTech,Mobile,2164,146,1180.69,,1623.01
2025-03-21,TikTok Ads,Campaign_64,Shopping,Finance,Desktop,5196,2317,3534.5,921.0,14337.77
2025-03-03,Google Ads,Campaign_90,Search,Healthcare,Tablet,2096,1476,750.31,,
2024-01-06,Google Ads,Campaign_65,Search,Finance,Tablet,7238,6233,4957.24,708.0,3458.5
2025-02-24,Meta Ads,Campaign_4,Search,Finance,Mobile,5816,146,3123.27,73.0,7905.56
2024-06-02,Meta Ads,Campaign_102,Video,Finance,Tablet,4537,2303,4322.05,1409.0,
2024-05-02,Meta Ads,Campaign_8,Video,Finance,Desktop,7311,5366,2893.59,3134.0,3523.64
2025-01-23,Google Ads,Campaign_50,Shopping,Healthcare,Desktop,1661,1338,793.26,827.0,3532.4
2024-02-07,Google Ads,Campaign_14,Shopping,Healthcare,Mobile,4008,505,978.32,280.0,2608.57
2024-04-01,Google Ads,Campaign_22,Video,Healthcare,Mobile,1715,1325,24.96,432.0,15.9
2024-01-26,Meta Ads,Campaign_43,Search,EdTech,Tablet,15516,15069,4523.97,7630.0,8661.66
2024-05-11,Meta Ads,Campaign_110,Shopping,Healthcare,Mobile,18442,7405,4934.39,2666.0,18707.65
2024-10-14,TikTok Ads,Campaign_116,Search,Healthcare,Desktop,18098,13088,4879.57,10976.0,7536.63
2024-08-12,Google Ads,Campaign_46,Video,Finance,Tablet,1554,1235,2667.62,52.0,4689.17
2024-03-06,Meta Ads,Campaign_115,Shopping,EdTech,Desktop,10317,9367,4917.92,,11762.24
2024-03-28,Meta Ads,Campaign_3,Video,EdTech,Mobile,15089,7501,2736.63,3692.0,11468.05
2024-09-28,Google Ads,Campaign_35,Video,Finance,Mobile,9363,2216,2933.67,2155.0,4756.91
2025-03-24,Google Ads,Campaign_101,Shopping,EdTech,Desktop,10984,2818,1059.52,798.0,4710.94
2024-10-14,Google Ads,Campaign_34,Video,EdTech,Tablet,6697,4161,3610.09,1851.0,
2024-08-03,Meta Ads,Campaign_80,Search,Ecommerce,Desktop,9744,2250,1358.36,964.0,5811.98
2024-01-11,TikTok Ads,Campaign_72,Search,EdTech,Tablet,12216,5394,3695.57,3184.0,2517.51
2024-11-25,Meta Ads,Campaign_10,Search,Ecommerce,Desktop,9662,3499,4036.68,,10053.54
2024-02-14,Google Ads,Campaign_116,Shopping,Finance,Tablet,8491,31,799.29,8.0,3968.26
2025-02-01,Google Ads,Campaign_73,Shopping,Ecommerce,Tablet,12695,8376,467.51,488.0,2276.43
2024-09-03,Meta Ads,Campaign_106,Search,EdTech,Desktop,17724,4415,4331.98,3621.0,
2024-01-22,TikTok Ads,Campaign_112,Search,Finance,Tablet,3275,2790,2357.37,907.0,7177.95
2024-04-19,TikTok Ads,Campaign_7,Search,Ecommerce,Tablet,2625,1417,948.61,452.0,
2024-09-01,Google Ads,Campaign_34,Video,EdTech,Tablet,9452,5898,2900.72,4602.0,9692.28
2024-07-22,Google Ads,Campaign_105,Search,EdTech,Mobile,4811,4495,902.94,3461.0,4062.28
2024-07-20,TikTok Ads,Campaign_36,Search,Finance,Desktop,10521,5709,4873.11,2210.0,11482.84
2025-01-05,Meta Ads,Campaign_6,Video,Ecommerce,Mobile,16853,8500,912.27,6017.0,3217.6
2024-12-25,TikTok Ads,Campaign_97,Search,Finance,Tablet,2854,1578,4292.91,1432.0,2175.59
2024-03-25,TikTok Ads,Campaign_95,Video,Ecommerce,Tablet,12425,5593,1074.93,4583.0,814.1
2024-02-12,Meta Ads,Campaign_118,Video,EdTech,Tablet,1112,1112,2655.22,218.0,1104.42
2024-01-18,TikTok Ads,Campaign_41,Search,EdTech,Mobile,15491,851,1286.06,600.0,2773.71
2024-09-20,Google Ads,Campaign_58,Video,Ecommerce,Mobile,17432,16896,417.45,16566.0,1199.43
2024-02-08,Meta Ads,Campaign_23,Shopping,Finance,Tablet,1307,146,2036.14,34.0,4175.36
2024-03-14,Meta Ads,Campaign_37,Search,Healthcare,Desktop,17839,16478,718.1,136.0,2502.67
2024-09-21,TikTok Ads,Campaign_75,Shopping,EdTech,Mobile,9216,5457,4267.63,4386.0,9861.12
2024-06-06,Google Ads,Campaign_38,Video,Ecommerce,Tablet,5201,4259,1202.55,1292.0,4008.41
2024-01-08,Google Ads,Campaign_22,Video,Healthcare,Mobile,7525,1082,3544.46,974.0,
2024-02-15,Meta Ads,Campaign_112,Shopping,Ecommerce,Desktop,8575,3376,619.9,1942.0,
2024-12-01,TikTok Ads,Campaign_118,Shopping,Ecommerce,Desktop,3154,1268,24.21,574.0,76.65
2025-01-04,Meta Ads,Campaign_75,Shopping,Ecommerce,Tablet,16785,8803,4187.6,6666.0,11728.58
2025-01-22,Google Ads,Campaign_116,Video,Healthcare,Mobile,5874,4095,3343.67,1106.0,10972.66
2024-11-25,Meta Ads,Campaign_102,Search,Ecommerce,Desktop,16827,8806,4449.17,5932.0,7764.52
2024-04-09,TikTok Ads,Campaign_17,Shopping,Finance,Tablet,546,505,1795.12,308.0,540.49
2024-11-30,TikTok Ads,Campaign_68,Search,Ecommerce,Tablet,8519,3451,2075.47,1997.0,7801.58
2024-09-17,Meta Ads,Campaign_106,Video,EdTech,Tablet,9558,6412,1773.25,2853.0,3468.67
2025-03-08,TikTok Ads,Campaign_67,Search,Healthcare,Mobile,9851,37,3099.13,,5998.76
2025-02-13,Meta Ads,Campaign_5,Search,Finance,Desktop,4298,3475,2841.25,2014.0,2739.29
2025-03-02,TikTok Ads,Campaign_20,Search,Healthcare,Mobile,2462,247,4260.98,110.0,6026.24
2024-09-21,Meta Ads,Campaign_17,Shopping,EdTech,Tablet,10170,3400,1234.45,447.0,
2024-01-11,Google Ads,Campaign_18,Video,Finance,Desktop,1061,287,480.1,68.0,351.33
2025-01-17,TikTok Ads,Campaign_30,Video,EdTech,Tablet,18585,8870,138.49,3457.0,116.0
2024-02-24,TikTok Ads,Campaign_115,Shopping,EdTech,Desktop,17237,6335,3598.77,592.0,9498.59
2024-05-29,TikTok Ads,Campaign_113,Shopping,Finance,Desktop,3048,621,1375.49,65.0,739.27
2024-11-28,Meta Ads,Campaign_54,Shopping,EdTech,Tablet,8205,7635,2569.83,2758.0,
2025-02-02,TikTok Ads,Campaign_53,Shopping,Ecommerce,Desktop,9481,5068,1092.43,2037.0,90.66
2024-05-29,Google Ads,Campaign_89,Shopping,Healthcare,Desktop,14017,9905,2289.28,,10863.46
2024-11-11,Meta Ads,Campaign_13,Video,Healthcare,Mobile,19748,18499,1672.36,8416.0,4470.5
2024-04-04,Google Ads,Campaign_80,Shopping,Ecommerce,Tablet,17354,12912,46.58,2711.0,205.75
2024-03-22,Google Ads,Campaign_96,Video,Finance,Desktop,5136,2777,1424.85,739.0,4639.06
2024-01-21,TikTok Ads,Campaign_99,Shopping,Ecommerce,Tablet,13355,9377,4102.74,5852.0,17255.95
2025-01-14,Google Ads,Campaign_2,Search,Ecommerce,Desktop,5523,1246,4589.71,399.0,793.13
2025-03-31,TikTok Ads,Campaign_119,Search,Ecommerce,Tablet,1268,1075,2891.8,720.0,14318.3
2024-05-17,Meta Ads,Campaign_29,Search,Finance,Tablet,1144,68,2656.11,,10153.22
2024-09-19,Meta Ads,Campaign_14,Shopping,Healthcare,Desktop,14363,13707,2396.5,8761.0,8289.91
2025-01-28,TikTok Ads,Campaign_117,Shopping,Healthcare,Desktop,9929,6090,544.8,5495.0,903.22
2024-09-03,Google Ads,Campaign_106,Shopping,Finance,Mobile,19014,16487,1000.75,13297.0,1625.43
2024-10-22,Meta Ads,Campaign_108,Search,Finance,Desktop,16243,8385,4937.19,1126.0,9318.63
2024-04-25,Meta Ads,Campaign_93,Shopping,Healthcare,Mobile,2336,1653,4356.99,255.0,14398.09
2025-03-16,Google Ads,Campaign_73,Search,Finance,Desktop,14443,10168,3977.37,9788.0,17352.11
2024-10-22,Meta Ads,Campaign_1,Search,Finance,Tablet,16958,15759,3441.85,5504.0,3356.18
2025-03-21,Meta Ads,Campaign_81,Video,Ecommerce,Mobile,12271,9348,3575.95,1085.0,
2024-06-09,Meta Ads,Campaign_73,Video,Finance,Tablet,13402,7203,1394.4,,3515.56
2024-06-30,Google Ads,Campaign_55,Video,Finance,Desktop,4454,1299,4408.43,123.0,4735.35
2024-10-25,TikTok Ads,Campaign_49,Shopping,Healthcare,Tablet,19004,5226,2036.39,534.0,38.95
2025-02-17,Google Ads,Campaign_97,Search,Ecommerce,Tablet,3860,2082,4516.86,100.0,14669.33
2024-01-30,TikTok Ads,Campaign_90,Search,Ecommerce,Desktop,19302,12216,2828.0,9062.0,3495.43
2024-05-15,Google Ads,Campaign_76,Shopping,Ecommerce,Desktop,12408,6612,1395.94,1505.0,1986.85
2024-11-13,Google Ads,Campaign_105,Video,EdTech,Desktop,14530,10500,4589.74,4961.0,19801.95
2024-09-18,Meta Ads,Campaign_43,Shopping,Ecommerce,Mobile,11708,10026,4352.37,5371.0,4718.93
2024-04-17,Meta Ads,Campaign_90,Search,Ecommerce,Desktop,1273,538,222.28,116.0,790.07
2024-05-30,Meta Ads,Campaign_74,Video,Healthcare,Tablet,8061,7289,2794.95,3532.0,2581.75
2024-10-06,Meta Ads,Campaign_18,Shopping,Finance,Desktop,918,167,4951.95,63.0,
2024-08-18,TikTok Ads,Campaign_44,Video,Finance,Tablet,4783,4493,515.96,3817.0,969.74
2024-05-09,TikTok Ads,Campaign_110,Shopping,Healthcare,Desktop,7645,4216,1866.73,2469.0,3795.7
2024-12-17,Google Ads,Campaign_101,Shopping,Finance,Tablet,1968,1369,3458.65,15.0,2785.92
2024-11-25,Google Ads,Campaign_103,Shopping,Finance,Tablet,12378,5637,4616.84,445.0,12567.63
2024-10-05,TikTok Ads,Campaign_46,Search,Finance,Desktop,6030,3002,1554.11,2526.0,6930.17
2024-04-06,TikTok Ads,Campaign_48,Video,EdTech,Mobile,1222,1022,3094.63,626.0,14004.56
2024-04-28,TikTok Ads,Campaign_14,Video,EdTech,Mobile,13200,2366,3859.97,217.0,
2024-04-28,TikTok Ads,Campaign_99,Video,EdTech,Tablet,7396,2800,961.59,1280.0,
2024-01-12,Google Ads,Campaign_26,Shopping,Healthcare,Desktop,12858,12019,2517.06,9407.0,6228.87
2024-04-10,Google Ads,Campaign_13,Shopping,Ecommerce,Mobile,14381,12973,3856.69,11562.0,15318.89
2024-02-14,TikTok Ads,Campaign_110,Search,Ecommerce,Mobile,14533,12794,1653.09,6890.0,4462.19
2024-12-03,TikTok Ads,Campaign_48,Search,Ecommerce,Mobile,11114,7846,651.09,5385.0,651.8
2024-10-28,TikTok Ads,Campaign_23,Shopping,Finance,Tablet,7762,4197,4387.67,2278.0,7615.95
2025-03-14,TikTok Ads,Campaign_90,Search,EdTech,Mobile,7293,288,4515.96,40.0,19410.48
2024-11-16,Google Ads,Campaign_44,Video,EdTech,Tablet,2360,2133,2395.46,1946.0,282.9
2024-08-30,Google Ads,Campaign_49,Shopping,Ecommerce,Tablet,13467,5647,2381.56,5160.0,3215.89
2024-02-04,Meta Ads,Campaign_33,Shopping,Healthcare,Mobile,1044,146,4684.42,111.0,
2024-09-27,TikTok Ads,Campaign_60,Shopping,Finance,Mobile,2028,44,2663.07,10.0,6944.79
2024-08-01,TikTok Ads,Campaign_2,Shopping,Finance,Mobile,7681,3964,2721.25,3042.0,5611.34
2024-07-15,Meta Ads,Campaign_87,Search,Healthcare,Tablet,17493,7408,3063.55,3073.0,3991.47
2025-01-13,TikTok Ads,Campaign_72,Search,Ecommerce,Desktop,11186,6958,73.89,6241.0,110.46
2024-10-28,TikTok Ads,Campaign_63,Video,Finance,Tablet,16931,12354,4361.34,11858.0,9525.48
2024-05-27,Meta Ads,Campaign_46,Shopping,EdTech,Mobile,5234,3948,2709.86,3403.0,12008.07
2024-07-19,TikTok Ads,Campaign_3,Shopping,EdTech,Desktop,10546,3750,4889.05,3134.0,11059.66
2024-01-13,TikTok Ads,Campaign_69,Shopping,EdTech,Tablet,5527,3457,508.95,3300.0,394.65
2025-03-11,Meta Ads,Campaign_50,Search,Ecommerce,Desktop,13481,2156,1507.5,147.0,1561.64
2024-08-11,Google Ads,Campaign_119,Video,EdTech,Desktop,111,90,4154.88,70.0,328.53
2024-08-05,Google Ads,Campaign_113,Video,EdTech,Desktop,667,514,3070.96,219.0,10873.83
2024-08-28,Meta Ads,Campaign_22,Search,Ecommerce,Desktop,18522,3069,1854.66,350.0,
2024-09-16,Meta Ads,Campaign_19,Search,Finance,Desktop,6734,6056,385.49,3906.0,
2024-07-24,Google Ads,Campaign_15,Search,Healthcare,Tablet,14525,13952,1548.89,13802.0,
2024-04-28,Meta Ads,Campaign_98,Shopping,Finance,Desktop,3811,2806,1141.41,2149.0,1221.59
2024-04-04,Meta Ads,Campaign_31,Search,Ecommerce,Desktop,6998,2087,1238.27,1235.0,2297.29
2025-02-21,Google Ads,Campaign_73,Shopping,Healthcare,Desktop,17297,9168,591.51,,2568.09
2024-06-06,Google Ads,Campaign_47,Video,EdTech,Tablet,13556,13444,212.98,855.0,869.62
2024-01-28,Meta Ads,Campaign_5,Search,Finance,Tablet,8536,5580,2616.37,3331.0,27.71
2024-09-27,TikTok Ads,Campaign_92,Video,Healthcare,Mobile,1488,285,1484.51,101.0,
2024-11-03,TikTok Ads,Campaign_40,Shopping,Healthcare,Desktop,6689,4554,4075.79,470.0,13919.06
2024-07-01,Google Ads,Campaign_12,Search,EdTech,Mobile,16438,12700,4097.98,,3462.09
2024-08-16,Google Ads,Campaign_37,Search,EdTech,Mobile,4127,234,4973.07,72.0,2044.24
2024-12-01,TikTok Ads,Campaign_72,Search,Finance,Mobile,7388,6545,1103.41,5999.0,
2025-03-23,Google Ads,Campaign_55,Shopping,Healthcare,Mobile,7634,5463,2601.66,1231.0,6468.71
2024-03-15,Meta Ads,Campaign_31,Video,EdTech,Mobile,778,155,3202.37,15.0,15443.98
2025-01-29,Google Ads,Campaign_14,Shopping,Finance,Desktop,8801,2483,2499.77,1630.0,1439.96
2024-07-24,TikTok Ads,Campaign_14,Video,Ecommerce,Mobile,15008,1667,1268.23,1136.0,4679.69
2024-06-26,Google Ads,Campaign_49,Search,EdTech,Tablet,14867,5738,1464.96,1671.0,
2024-02-26,Meta Ads,Campaign_10,Search,Healthcare,Desktop,12021,3683,10.24,970.0,0.57
2024-10-25,Google Ads,Campaign_72,Search,Finance,Mobile,19519,16363,991.28,3256.0,2212.57
2024-12-18,TikTok Ads,Campaign_88,Video,Healthcare,Tablet,2071,331,2773.34,222.0,6473.62
2024-03-21,Meta Ads,Campaign_50,Video,EdTech,Tablet,5825,4044,3632.7,100.0,14597.08
2024-10-19,Meta Ads,Campaign_36,Video,Finance,Mobile,11125,5801,69.6,71.0,50.4
2024-06-24,Meta Ads,Campaign_118,Shopping,Healthcare,Tablet,13958,8436,838.54,3466.0,1436.99
2024-05-05,TikTok Ads,Campaign_36,Video,Finance,Mobile,11496,1531,4770.13,103.0,1697.44
2024-03-24,TikTok Ads,Campaign_119,Video,EdTech,Mobile,13714,12683,220.66,10329.0,1.59
2025-03-04,TikTok Ads,Campaign_86,Shopping,Finance,Tablet,15689,14728,4415.59,12504.0,
2024-08-29,TikTok Ads,Campaign_106,Shopping,EdTech,Mobile,616,158,4849.15,40.0,10855.86
2025-01-21,Google Ads,Campaign_19,Shopping,Finance,Desktop,37,22,2163.98,15.0,10690.27
2024-07-03,TikTok Ads,Campaign_75,Search,Finance,Mobile,18137,17541,4396.5,5508.0,18856.97
2024-10-10,Google Ads,Campaign_76,Search,Ecommerce,Mobile,17429,8015,1359.55,2857.0,4232.13
2024-03-23,Google Ads,Campaign_60,Search,EdTech,Mobile,8998,3783,1486.32,,6500.54
2025-02-19,Meta Ads,Campaign_25,Shopping,Finance,Desktop,12277,8433,1358.41,,5166.75
2024-08-18,Google Ads,Campaign_15,Shopping,Finance,Mobile,4448,4164,3725.43,476.0,11181.65
2025-01-04,TikTok Ads,Campaign_50,Shopping,Ecommerce,Mobile,268,89,4047.69,5.0,2338.34
2024-03-29,TikTok Ads,Campaign_69,Shopping,EdTech,Tablet,3061,430,4063.72,389.0,
2025-03-04,Meta Ads,Campaign_2,Search,EdTech,Tablet,6049,5658,2946.85,1988.0,3342.81
2025-01-13,Google Ads,Campaign_83,Search,Healthcare,Desktop,4771,1896,3455.16,1806.0,6519.16
2024-03-05,Google Ads,Campaign_61,Shopping,EdTech,Tablet,8121,1216,2653.71,1133.0,
2024-08-07,TikTok Ads,Campaign_110,Search,EdTech,Tablet,14020,7970,3321.99,394.0,11367.76
2024-05-28,Google Ads,Campaign_73,Shopping,Ecommerce,Mobile,6947,5228,1065.1,,918.36
2024-12-30,Google Ads,Campaign_40,Video,Finance,Desktop,18676,1138,4366.12,497.0,7520.82
2025-01-02,Google Ads,Campaign_59,Search,EdTech,Tablet,6191,5765,4250.56,237.0,
2024-07-22,Meta Ads,Campaign_27,Search,Finance,Desktop,3388,2074,297.11,973.0,473.46
2024-02-12,TikTok Ads,Campaign_117,Search,Finance,Desktop,17959,6503,363.72,1259.0,1038.58
2024-04-08,TikTok Ads,Campaign_105,Shopping,Finance,Mobile,19299,13497,4933.76,9964.0,23751.1
2024-10-01,TikTok Ads,Campaign_70,Video,EdTech,Mobile,12533,7333,2162.57,256.0,1890.98
2025-02-01,Meta Ads,Campaign_62,Shopping,Finance,Mobile,5609,5364,1480.71,1277.0,1808.77
2024-11-30,Google Ads,Campaign_56,Video,Finance,Tablet,16277,5728,623.8,4438.0,2470.08
2024-03-02,Google Ads,Campaign_53,Search,Healthcare,Desktop,14815,6991,4644.26,6773.0,3186.37
2024-11-24,Google Ads,Campaign_42,Search,Healthcare,Tablet,7263,6801,4282.04,1071.0,
2024-02-02,TikTok Ads,Campaign_53,Video,EdTech,Desktop,1988,156,1776.2,133.0,327.31
2024-05-07,Google Ads,Campaign_99,Search,Ecommerce,Desktop,14164,9976,1083.47,2090.0,3381.42
2024-04-13,Google Ads,Campaign_66,Video,Finance,Mobile,2701,33,4593.59,33.0,1939.06
2024-09-04,Google Ads,Campaign_102,Shopping,Ecommerce,Mobile,6023,2881,4330.88,1597.0,11161.16
2024-01-16,TikTok Ads,Campaign_96,Video,EdTech,Mobile,19332,8127,1760.35,2605.0,7975.25
2024-09-18,TikTok Ads,Campaign_66,Search,Healthcare,Desktop,11228,10977,2922.6,1992.0,801.74
2024-10-19,Google Ads,Campaign_10,Video,Ecommerce,Tablet,12228,8417,4829.87,1902.0,2436.87
2024-03-31,Meta Ads,Campaign_116,Search,Healthcare,Tablet,14092,8216,2063.65,4395.0,9627.1
2025-02-15,Google Ads,Campaign_47,Shopping,Finance,Tablet,1410,827,3858.76,540.0,9138.24
2024-05-12,TikTok Ads,Campaign_68,Search,Ecommerce,Tablet,5648,2095,1731.78,1409.0,6533.86
2025-02-18,Google Ads,Campaign_93,Search,Finance,Tablet,10408,10015,4423.25,6660.0,
2024-05-22,Google Ads,Campaign_63,Search,Finance,Desktop,18033,17060,1013.6,7223.0,900.69
2024-03-30,TikTok Ads,Campaign_79,Search,Healthcare,Desktop,9793,1909,1912.6,1308.0,8147.13
2025-03-23,TikTok Ads,Campaign_83,Shopping,Finance,Tablet,15974,10576,2934.27,355.0,14299.92
2024-04-25,TikTok Ads,Campaign_22,Search,Ecommerce,Tablet,2058,258,632.09,156.0,1543.94
2025-02-25,Meta Ads,Campaign_62,Search,Ecommerce,Mobile,12086,11165,4747.66,6872.0,8441.56
2024-06-14,TikTok Ads,Campaign_29,Video,Healthcare,Desktop,16320,235,248.85,123.0,
2025-01-13,Google Ads,Campaign_70,Video,Finance,Desktop,13169,2641,2845.43,926.0,6925.47
2025-01-22,TikTok Ads,Campaign_105,Search,Healthcare,Mobile,12926,12016,3544.81,3179.0,3644.92
2024-04-12,TikTok Ads,Campaign_16,Shopping,Healthcare,Desktop,19961,1538,360.71,819.0,
2024-01-09,Google Ads,Campaign_85,Shopping,Healthcare,Desktop,11875,6326,4324.05,2534.0,
2024-11-12,Google Ads,Campaign_86,Video,Healthcare,Mobile,6464,2138,3143.92,314.0,13495.93
2024-06-06,TikTok Ads,Campaign_118,Search,EdTech,Desktop,3116,1294,3398.95,,2211.72
2025-02-18,Meta Ads,Campaign_63,Search,Finance,Mobile,14189,6567,232.51,5802.0,403.24
2024-05-19,Google Ads,Campaign_70,Search,Healthcare,Mobile,5553,2106,266.36,176.0,1158.57
2024-10-19,TikTok Ads,Campaign_27,Video,Ecommerce,Desktop,9923,7345,3422.7,1669.0,815.15
2024-06-09,Meta Ads,Campaign_10,Shopping,Healthcare,Mobile,3829,1860,641.66,890.0,359.6
2024-06-15,Google Ads,Campaign_22,Search,Finance,Tablet,19086,18986,3980.5,4439.0,4386.11
2024-04-18,TikTok Ads,Campaign_45,Shopping,Finance,Desktop,2664,1789,347.57,6.0,
2024-12-29,Google Ads,Campaign_108,Search,Ecommerce,Desktop,12594,900,4941.1,596.0,11168.69
2024-07-20,TikTok Ads,Campaign_47,Shopping,Healthcare,Tablet,1140,845,1343.39,237.0,4522.05
2024-07-09,Google Ads,Campaign_49,Shopping,Ecommerce,Tablet,15307,245,1445.17,53.0,5008.65
2024-12-02,Meta Ads,Campaign_56,Video,EdTech,Tablet,16378,12619,1705.49,10544.0,6314.35
2024-08-12,Google Ads,Campaign_110,Shopping,Healthcare,Desktop,10006,233,4517.99,25.0,22165.46
2024-08-01,Meta Ads,Campaign_100,Video,Finance,Desktop,17478,16568,3345.71,6902.0,9069.0
2024-01-19,TikTok Ads,Campaign_25,Shopping,Ecommerce,Tablet,15960,12149,4152.18,,2174.62
2024-04-09,Google Ads,Campaign_17,Search,Ecommerce,Tablet,5772,1441,3766.76,1351.0,1029.33
2025-03-29,Google Ads,Campaign_72,Search,Finance,Desktop,1602,486,351.87,356.0,1098.02
2024-07-01,TikTok Ads,Campaign_109,Shopping,Healthcare,Mobile,10469,8584,4390.3,1851.0,3802.14
2025-02-18,Google Ads,Campaign_74,Shopping,Healthcare,Mobile,10804,10037,1297.5,3508.0,1991.39
2024-02-03,Meta Ads,Campaign_34,Shopping,EdTech,Tablet,2095,826,3101.53,415.0,7696.51
2025-03-15,Meta Ads,Campaign_4,Video,Ecommerce,Tablet,13407,10490,1851.71,2971.0,5630.3
2024-01-30,Google Ads,Campaign_42,Shopping,Finance,Mobile,4471,3638,3430.05,1721.0,
2025-01-03,Meta Ads,Campaign_38,Search,Ecommerce,Tablet,19883,11110,2339.45,1444.0,4166.54
2024-06-28,TikTok Ads,Campaign_66,Shopping,Ecommerce,Mobile,5770,5019,463.41,2449.0,223.12
2024-07-15,Google Ads,Campaign_64,Search,Healthcare,Desktop,17178,1626,1224.1,265.0,44.22
2024-10-16,Google Ads,Campaign_10,Search,Finance,Tablet,18852,10785,2719.59,9849.0,
2025-01-13,Google Ads,Campaign_61,Search,EdTech,Desktop,6292,1912,2697.52,417.0,6260.77
2024-06-11,Meta Ads,Campaign_108,Search,Ecommerce,Tablet,15932,3263,3662.65,2135.0,15449.29
2024-03-31,TikTok Ads,Campaign_88,Video,Ecommerce,Desktop,143,57,1064.83,41.0,1801.82
2025-02-12,Meta Ads,Campaign_48,Shopping,Healthcare,Desktop,19405,2048,4806.67,1227.0,15476.92
2024-05-23,TikTok Ads,Campaign_92,Search,Healthcare,Tablet,8145,3607,3035.18,81.0,10690.64
2024-12-11,TikTok Ads,Campaign_75,Search,Ecommerce,Desktop,3118,1083,4901.03,560.0,21097.62
2024-07-27,Meta Ads,Campaign_20,Video,Ecommerce,Desktop,17127,3282,4192.48,37.0,12204.47
2024-01-07,Meta Ads,Campaign_27,Video,Finance,Mobile,1949,395,3607.49,373.0,17166.87
2025-02-02,Google Ads,Campaign_16,Search,EdTech,Desktop,18079,10396,4325.14,5774.0,14363.6
2024-05-21,Meta Ads,Campaign_86,Search,Healthcare,Mobile,11691,1611,1110.72,,3840.69
2024-10-14,Google Ads,Campaign_5,Video,EdTech,Mobile,13379,2154,4989.24,520.0,21887.99
2024-02-28,Meta Ads,Campaign_77,Video,Healthcare,Desktop,9472,4924,1020.43,3138.0,1279.93
2024-06-27,Google Ads,Campaign_57,Shopping,Finance,Mobile,223,141,4271.05,106.0,17645.13
2024-08-14,Meta Ads,Campaign_16,Search,Ecommerce,Tablet,6165,2468,2582.5,1994.0,7317.41
2024-08-27,Meta Ads,Campaign_81,Video,Finance,Tablet,14669,7915,2592.39,6543.0,5748.11
2024-07-09,Meta Ads,Campaign_77,Video,Healthcare,Mobile,5429,4078,3901.01,,18407.84
2024-07-12,Meta Ads,Campaign_49,Shopping,Finance,Tablet,6332,3264,1974.75,512.0,3622.37
2024-07-28,Meta Ads,Campaign_112,Video,Healthcare,Mobile,8981,8114,470.66,5161.0,974.86
2024-12-26,TikTok Ads,Campaign_57,Video,Ecommerce,Mobile,10957,8021,1080.05,1952.0,2415.06
2024-07-10,Meta Ads,Campaign_63,Shopping,Ecommerce,Desktop,11542,10892,2963.12,9842.0,6645.25
2024-03-22,Meta Ads,Campaign_51,Shopping,Healthcare,Tablet,15345,2450,3722.41,955.0,
2025-02-04,Meta Ads,Campaign_20,Search,EdTech,Desktop,8916,1342,3867.63,387.0,1396.76
2024-07-07,Google Ads,Campaign_27,Shopping,Healthcare,Desktop,14996,12264,1653.27,4723.0,2425.76
2024-06-10,Google Ads,Campaign_102,Search,EdTech,Mobile,4614,923,1398.43,426.0,5304.11
2024-12-13,Google Ads,Campaign_2,Search,Ecommerce,Mobile,4542,69,4130.7,44.0,13986.12
2024-02-16,Meta Ads,Campaign_79,Search,EdTech,Mobile,3201,1920,1576.6,687.0,6766.3
2024-01-27,Google Ads,Campaign_13,Shopping,Healthcare,Mobile,1059,810,4953.91,242.0,19912.96
2024-03-18,TikTok Ads,Campaign_22,Search,Healthcare,Desktop,1007,766,3187.38,,7610.67
2025-01-24,Meta Ads,Campaign_83,Video,Finance,Desktop,19394,4245,1104.85,,5222.53
2024-08-20,Meta Ads,Campaign_73,Video,Ecommerce,Tablet,15331,10652,4104.31,2050.0,10593.06
2024-02-28,Google Ads,Campaign_23,Search,Ecommerce,Desktop,7456,515,3994.55,,16390.76
2025-02-05,TikTok Ads,Campaign_60,Search,Healthcare,Tablet,4031,2535,4181.45,2430.0,12348.02
2024-07-06,Meta Ads,Campaign_87,Video,Healthcare,Tablet,2680,2648,3438.97,1023.0,14282.8
2024-08-25,Meta Ads,Campaign_51,Search,EdTech,Mobile,8438,1523,970.85,316.0,3728.02
2024-06-29,Google Ads,Campaign_25,Shopping,Ecommerce,Mobile,6106,746,2717.35,550.0,10531.06
2024-09-02,TikTok Ads,Campaign_34,Shopping,EdTech,Tablet,5842,4742,4086.77,1483.0,
2024-07-05,Google Ads,Campaign_18,Shopping,EdTech,Tablet,2855,1542,3276.17,295.0,1469.98
2024-12-27,TikTok Ads,Campaign_108,Video,Finance,Tablet,9491,3418,4541.09,3036.0,
2024-01-20,Google Ads,Campaign_14,Shopping,Ecommerce,Desktop,17458,12638,1813.15,11082.0,8537.77
2024-10-21,TikTok Ads,Campaign_21,Search,Healthcare,Desktop,10420,9954,640.28,1288.0,554.37
2024-12-30,Meta Ads,Campaign_10,Video,Finance,Desktop,766,502,3735.94,14.0,1273.12
2024-05-13,Meta Ads,Campaign_52,Search,Healthcare,Desktop,8139,3052,4014.59,,19160.19
2024-01-25,Google Ads,Campaign_23,Shopping,Finance,Tablet,584,412,342.6,356.0,850.26
2024-03-05,Google Ads,Campaign_4,Shopping,Finance,Desktop,18946,7790,4255.12,6478.0,9476.82
2024-12-16,Google Ads,Campaign_101,Video,EdTech,Mobile,18663,5761,4843.66,988.0,1769.75
2024-08-22,Meta Ads,Campaign_40,Shopping,Ecommerce,Tablet,7542,1419,3365.71,77.0,15101.59
2024-08-24,Meta Ads,Campaign_27,Video,EdTech,Tablet,11901,7858,1887.92,4.0,7666.11
2024-05-03,Meta Ads,Campaign_104,Search,EdTech,Desktop,3372,1443,1324.27,1281.0,2820.7
2024-01-10,Google Ads,Campaign_50,Shopping,Finance,Desktop,3070,761,4543.65,722.0,7257.38
2025-02-07,Google Ads,Campaign_37,Shopping,Healthcare,Desktop,17606,10456,746.41,9725.0,3661.4
2025-01-22,Meta Ads,Campaign_63,Shopping,Ecommerce,Tablet,3722,3326,4091.07,,374.52
2024-05-31,Google Ads,Campaign_29,Video,Finance,Desktop,13971,13764,29.36,10238.0,97.38
2024-07-19,TikTok Ads,Campaign_68,Video,Ecommerce,Desktop,3971,1004,530.82,,438.58
2024-07-29,Google Ads,Campaign_65,Search,EdTech,Mobile,11684,1925,2891.7,1606.0,7773.17
2024-11-30,Meta Ads,Campaign_102,Shopping,Ecommerce,Mobile,4521,2121,1064.5,342.0,907.88
2024-03-20,Google Ads,Campaign_53,Search,Healthcare,Desktop,13427,3174,2082.84,737.0,
2024-10-02,Meta Ads,Campaign_86,Shopping,Healthcare,Desktop,9726,8236,93.81,1979.0,65.61
2024-08-08,Meta Ads,Campaign_93,Shopping,Finance,Mobile,12672,5140,263.69,490.0,
2024-08-12,Meta Ads,Campaign_51,Search,EdTech,Mobile,3230,142,3444.84,57.0,
2024-07-22,Google Ads,Campaign_82,Video,EdTech,Mobile,14482,4888,3856.91,3653.0,15638.1
2024-12-20,Google Ads,Campaign_12,Shopping,Ecommerce,Desktop,10178,7888,3651.38,1510.0,9958.82
2025-02-04,Google Ads,Campaign_94,Video,EdTech,Tablet,14127,5739,3294.61,1501.0,2576.17
2024-10-10,Meta Ads,Campaign_102,Shopping,EdTech,Desktop,5966,199,2753.28,169.0,6787.95
2024-12-14,Meta Ads,Campaign_52,Shopping,Ecommerce,Mobile,813,407,3031.07,91.0,11844.94
2024-02-14,TikTok Ads,Campaign_11,Shopping,Finance,Mobile,5127,887,3747.98,200.0,16391.6
2024-12-27,Meta Ads,Campaign_2,Video,Ecommerce,Tablet,15298,8403,1978.06,2672.0,
2024-06-16,TikTok Ads,Campaign_56,Search,EdTech,Tablet,16679,7724,4366.64,7384.0,9575.77
2024-08-26,Google Ads,Campaign_61,Video,Finance,Desktop,14627,7925,4273.17,,9648.31
2025-03-28,TikTok Ads,Campaign_30,Video,EdTech,Mobile,1212,291,859.08,222.0,
2024-11-30,TikTok Ads,Campaign_102,Search,EdTech,Desktop,11867,5125,2763.84,5093.0,3970.22
2025-01-22,TikTok Ads,Campaign_96,Video,Healthcare,Tablet,14489,14202,1783.84,13864.0,1864.47
2025-01-02,Meta Ads,Campaign_99,Video,Finance,Tablet,7361,7186,2479.64,2902.0,2341.45
2024-05-31,Meta Ads,Campaign_49,Shopping,Ecommerce,Tablet,17722,16712,3702.41,9685.0,
2024-02-10,Meta Ads,Campaign_3,Shopping,Healthcare,Tablet,6291,2668,2360.39,142.0,11758.61
2024-05-13,Google Ads,Campaign_46,Video,Ecommerce,Tablet,7638,6798,2069.7,,6983.49
2024-09-03,TikTok Ads,Campaign_103,Video,Healthcare,Tablet,4114,2317,2863.82,576.0,
2024-08-05,Meta Ads,Campaign_16,Search,Finance,Desktop,15754,12049,4660.28,10091.0,9792.77
2024-08-11,TikTok Ads,Campaign_96,Search,Finance,Mobile,4275,2423,3561.3,2230.0,8825.77
2024-06-04,Meta Ads,Campaign_66,Search,Ecommerce,Tablet,19061,9886,1562.16,4531.0,6820.67
2024-05-31,TikTok Ads,Campaign_112,Shopping,Finance,Tablet,9470,3919,2487.05,1736.0,12214.04
2024-01-15,Google Ads,Campaign_59,Search,EdTech,Tablet,8691,6219,2193.96,4392.0,
2025-01-14,Google Ads,Campaign_84,Video,Ecommerce,Mobile,4668,1154,3764.18,675.0,6863.61
2024-01-13,Meta Ads,Campaign_30,Video,Ecommerce,Desktop,3866,850,4416.71,611.0,8701.9
2024-10-21,Google Ads,Campaign_45,Video,Finance,Desktop,5342,402,614.46,73.0,1902.76
2024-02-05,Google Ads,Campaign_56,Shopping,Ecommerce,Tablet,12470,4410,2179.11,3948.0,5663.01
2024-05-27,Google Ads,Campaign_57,Video,Finance,Desktop,170,105,3013.29,98.0,8834.87
2025-01-08,Meta Ads,Campaign_113,Shopping,EdTech,Tablet,5334,3201,3646.51,575.0,11842.32
2024-02-07,Google Ads,Campaign_16,Search,EdTech,Mobile,18681,7393,3053.15,2864.0,429.51
2024-02-27,Google Ads,Campaign_29,Shopping,Healthcare,Tablet,4396,1697,1265.65,1362.0,3471.24
2025-03-25,TikTok Ads,Campaign_81,Video,Ecommerce,Desktop,17024,11396,4524.66,7201.0,
2025-03-03,Google Ads,Campaign_48,Video,EdTech,Tablet,170,39,743.07,39.0,1588.1
2024-09-17,Google Ads,Campaign_73,Shopping,Finance,Tablet,9260,7163,4988.94,323.0,
2024-01-13,Google Ads,Campaign_37,Video,EdTech,Desktop,10816,335,2863.12,219.0,6895.34
2024-12-03,Meta Ads,Campaign_116,Video,EdTech,Mobile,10935,9491,4701.7,8495.0,9120.64
2024-05-27,TikTok Ads,Campaign_8,Search,Healthcare,Mobile,80,1,907.23,1.0,4215.01
2024-03-08,TikTok Ads,Campaign_29,Video,Healthcare,Mobile,7793,1882,3290.38,281.0,3671.57
2024-08-31,Google Ads,Campaign_8,Search,Ecommerce,Mobile,1124,242,2564.78,89.0,11823.19
2025-03-15,Meta Ads,Campaign_33,Video,Finance,Mobile,3836,3213,2035.36,2300.0,1970.56
2024-07-01,Google Ads,Campaign_83,Shopping,Finance,Tablet,9452,7397,1929.18,1030.0,7450.07
2025-03-04,TikTok Ads,Campaign_61,Search,EdTech,Desktop,12516,8536,4977.5,5886.0,753.93
2024-09-24,TikTok Ads,Campaign_45,Video,Ecommerce,Desktop,15453,8613,773.64,6633.0,904.26
2025-03-20,Meta Ads,Campaign_92,Search,Ecommerce,Tablet,100,31,1262.07,3.0,5233.6
2024-11-27,Google Ads,Campaign_23,Video,Finance,Mobile,4148,3954,210.78,2113.0,18.78
2025-03-25,TikTok Ads,Campaign_59,Search,Healthcare,Desktop,16684,8908,802.27,6042.0,417.54
2024-08-22,Meta Ads,Campaign_30,Video,Finance,Desktop,3124,786,2362.15,560.0,10370.65
2025-02-25,Google Ads,Campaign_79,Shopping,Finance,Mobile,319,31,1945.47,20.0,9484.21
2024-12-26,TikTok Ads,Campaign_15,Video,Ecommerce,Mobile,7042,6429,2469.42,670.0,5211.89
2025-01-26,Google Ads,Campaign_58,Search,EdTech,Desktop,16950,9657,633.09,9399.0,1246.94
2024-10-19,Meta Ads,Campaign_105,Video,Finance,Tablet,1400,563,2565.86,544.0,3235.53
2024-12-24,Meta Ads,Campaign_64,Shopping,Ecommerce,Mobile,1820,1762,3655.84,648.0,10691.21
2024-05-03,Meta Ads,Campaign_72,Search,Ecommerce,Mobile,10847,6583,307.08,6285.0,163.56
2024-11-06,Google Ads,Campaign_53,Search,Healthcare,Mobile,8095,7076,3563.29,877.0,3959.64
2024-03-06,TikTok Ads,Campaign_13,Video,Finance,Tablet,13911,2023,4379.45,1148.0,8165.46
2024-01-09,Google Ads,Campaign_53,Shopping,Healthcare,Tablet,16767,16138,1887.97,14062.0,2836.45
2024-08-01,Meta Ads,Campaign_41,Shopping,Healthcare,Mobile,10757,6912,4255.68,6847.0,4970.63
2024-09-05,TikTok Ads,Campaign_52,Search,Ecommerce,Desktop,19348,14421,4376.39,7763.0,16763.44
2024-03-15,TikTok Ads,Campaign_21,Video,Ecommerce,Mobile,12596,8252,536.43,3575.0,210.51
2024-12-18,TikTok Ads,Campaign_102,Shopping,Healthcare,Tablet,14889,7098,1024.86,6129.0,2082.49
2024-12-27,Google Ads,Campaign_9,Video,Finance,Mobile,984,795,1905.03,734.0,6807.79
2024-09-27,Google Ads,Campaign_40,Search,Healthcare,Desktop,14039,877,3848.6,82.0,
2024-11-01,Google Ads,Campaign_5,Shopping,Finance,Desktop,5501,1409,3203.48,,8305.01
2024-01-02,TikTok Ads,Campaign_13,Search,Ecommerce,Mobile,17861,2497,4527.36,1212.0,14432.42
2025-02-16,Google Ads,Campaign_64,Shopping,Ecommerce,Mobile,7313,4312,3494.17,,2149.2
2024-09-07,TikTok Ads,Campaign_11,Shopping,Finance,Tablet,3028,2893,500.61,1560.0,
2024-06-10,Google Ads,Campaign_118,Search,Healthcare,Tablet,2112,900,1753.31,591.0,7885.14
2024-07-14,TikTok Ads,Campaign_57,Video,Ecommerce,Desktop,6774,2423,2815.51,289.0,8729.07
2024-06-15,Meta Ads,Campaign_90,Video,EdTech,Mobile,12641,9004,1671.63,4930.0,2895.09
2024-07-22,Meta Ads,Campaign_60,Video,Healthcare,Desktop,9809,3594,3200.49,1525.0,6028.43
2024-06-10,Google Ads,Campaign_40,Video,Ecommerce,Mobile,5268,474,4243.42,261.0,11646.37
2024-02-01,Google Ads,Campaign_13,Search,Ecommerce,Mobile,6832,1622,3268.4,83.0,
2024-05-24,Google Ads,Campaign_13,Search,Ecommerce,Tablet,5749,4713,3034.92,3903.0,12483.02
2024-11-06,Meta Ads,Campaign_94,Search,Finance,Mobile,7211,203,3924.29,52.0,15462.64
2025-03-19,Google Ads,Campaign_82,Shopping,EdTech,Desktop,898,186,3601.38,4.0,13247.5
2024-11-10,Google Ads,Campaign_6,Search,Ecommerce,Tablet,5429,1449,3454.37,889.0,5655.26
2024-12-30,Meta Ads,Campaign_80,Video,Ecommerce,Tablet,13916,2571,3308.14,,109.1
2024-02-05,TikTok Ads,Campaign_9,Video,Healthcare,Desktop,772,132,1394.96,,2361.16
2024-07-20,Google Ads,Campaign_102,Shopping,EdTech,Tablet,12511,1901,4173.38,355.0,10270.87
2024-10-16,TikTok Ads,Campaign_48,Shopping,Ecommerce,Tablet,10350,9522,200.82,770.0,
2024-09-15,Google Ads,Campaign_67,Shopping,Healthcare,Desktop,11325,6780,2690.21,2796.0,6034.29
2024-05-15,Meta Ads,Campaign_34,Video,Finance,Desktop,13175,142,131.22,132.0,
2024-09-09,Google Ads,Campaign_22,Search,EdTech,Tablet,13402,9913,2800.27,3153.0,2516.75
2024-04-06,TikTok Ads,Campaign_80,Search,Finance,Mobile,11507,1608,4517.8,644.0,7339.79
2025-01-25,Meta Ads,Campaign_35,Search,Healthcare,Mobile,11122,4055,1922.05,3135.0,8633.85
2024-04-21,TikTok Ads,Campaign_25,Video,Finance,Mobile,17306,1481,3996.88,843.0,975.66
2025-01-27,Google Ads,Campaign_55,Search,Ecommerce,Desktop,5740,5510,1773.34,277.0,542.54
2024-10-01,TikTok Ads,Campaign_25,Search,Ecommerce,Tablet,16350,5185,971.71,3565.0,3592.92
2024-06-17,TikTok Ads,Campaign_73,Shopping,Healthcare,Mobile,1166,213,1902.82,,972.65
2024-04-04,Meta Ads,Campaign_45,Search,Finance,Mobile,4712,775,4155.47,,6684.7
2024-01-23,Google Ads,Campaign_45,Video,EdTech,Desktop,10554,10392,2800.29,10379.0,2233.93
2024-11-23,TikTok Ads,Campaign_14,Video,Healthcare,Mobile,8111,283,4076.44,71.0,13129.2
2024-10-12,TikTok Ads,Campaign_54,Shopping,Ecommerce,Tablet,18663,17518,4916.77,15706.0,12678.14
2024-04-14,Meta Ads,Campaign_86,Search,Finance,Tablet,2470,69,511.07,66.0,1287.48
2025-02-19,TikTok Ads,Campaign_23,Search,Ecommerce,Mobile,6105,3715,1746.8,3337.0,
2024-11-25,Meta Ads,Campaign_76,Search,Finance,Desktop,10782,7073,3424.62,1711.0,12400.09
2025-02-16,TikTok Ads,Campaign_48,Shopping,Ecommerce,Mobile,17314,10520,12.6,9270.0,
2024-08-25,Google Ads,Campaign_20,Shopping,Healthcare,Mobile,19219,5795,4716.21,59.0,10394.73
2024-02-11,TikTok Ads,Campaign_25,Shopping,Finance,Tablet,17885,6499,1040.36,1664.0,753.75
2024-08-07,TikTok Ads,Campaign_23,Video,Finance,Mobile,2043,1276,4017.97,,
2024-08-22,Meta Ads,Campaign_94,Search,EdTech,Mobile,4855,4760,716.08,4317.0,783.27
2024-01-30,Meta Ads,Campaign_56,Video,Healthcare,Desktop,13996,4111,989.36,1398.0,2210.52
2024-03-31,Meta Ads,Campaign_60,Search,Ecommerce,Mobile,10361,4323,3255.4,988.0,
2024-10-12,Google Ads,Campaign_41,Search,EdTech,Mobile,3440,3395,1555.17,1636.0,4415.67
2024-05-19,TikTok Ads,Campaign_41,Video,Ecommerce,Desktop,15102,4364,4500.88,1787.0,
2024-02-24,TikTok Ads,Campaign_50,Video,EdTech,Desktop,17013,5729,568.07,4530.0,611.68
2024-04-30,TikTok Ads,Campaign_25,Video,Finance,Tablet,17857,16944,44.49,2695.0,192.54
2024-06-12,Meta Ads,Campaign_13,Search,Healthcare,Desktop,17278,9198,3196.46,5278.0,11300.65
2024-12-21,TikTok Ads,Campaign_79,Search,EdTech,Desktop,2810,100,642.07,63.0,2707.87
2024-10-29,Meta Ads,Campaign_79,Video,EdTech,Mobile,17446,7470,2714.1,2472.0,11779.52
2025-03-04,TikTok Ads,Campaign_104,Shopping,Finance,Desktop,14779,7300,3873.39,175.0,17445.71
2024-10-12,TikTok Ads,Campaign_18,Search,Healthcare,Tablet,10663,3012,1972.43,2955.0,
2024-10-21,TikTok Ads,Campaign_104,Video,Healthcare,Tablet,6,3,816.44,,1744.85
2024-11-21,Meta Ads,Campaign_1,Video,Healthcare,Mobile,736,275,4824.93,191.0,16179.99
2024-02-15,Google Ads,Campaign_65,Shopping,EdTech,Desktop,12710,12517,3580.6,9786.0,11319.15
2024-07-26,TikTok Ads,Campaign_42,Shopping,EdTech,Desktop,12961,8927,1085.85,2265.0,3846.23
2024-02-26,TikTok Ads,Campaign_103,Shopping,Healthcare,Desktop,17573,1658,921.78,1419.0,1626.79
2024-12-08,Google Ads,Campaign_83,Shopping,Finance,Desktop,9848,4039,246.96,2101.0,139.42
2024-06-02,TikTok Ads,Campaign_3,Search,Ecommerce,Desktop,585,485,2859.57,421.0,11709.42
2025-03-03,Meta Ads,Campaign_21,Shopping,EdTech,Tablet,15629,8706,2958.8,3329.0,6123.57
2024-02-20,Meta Ads,Campaign_65,Video,Finance,Tablet,13906,8725,4070.68,6675.0,17551.73
2024-08-31,TikTok Ads,Campaign_58,Search,Healthcare,Mobile,19498,4258,1651.89,1170.0,162.57
2024-10-05,Google Ads,Campaign_85,Search,Ecommerce,Desktop,11826,4569,1560.19,,1882.34
2024-11-13,Google Ads,Campaign_111,Video,Healthcare,Mobile,7918,6555,3748.35,4830.0,8865.38
2024-12-29,Meta Ads,Campaign_31,Video,Ecommerce,Mobile,12921,211,1459.39,27.0,1032.57
2024-02-06,Meta Ads,Campaign_7,Video,Finance,Desktop,2407,1066,132.11,645.0,158.34
2025-02-12,Google Ads,Campaign_8,Shopping,EdTech,Tablet,993,355,4935.55,,5967.33
2024-03-30,TikTok Ads,Campaign_86,Search,Healthcare,Desktop,18778,2892,1615.34,921.0,4833.42
2024-03-30,Google Ads,Campaign_79,Shopping,EdTech,Mobile,1153,408,1441.65,370.0,6087.88
2024-09-23,Meta Ads,Campaign_72,Search,Ecommerce,Tablet,16384,13478,345.57,4644.0,1336.32
2024-07-22,Google Ads,Campaign_86,Video,Healthcare,Desktop,1986,1670,289.25,1593.0,20.25
2024-04-01,TikTok Ads,Campaign_6,Video,Finance,Mobile,11056,2570,4398.72,1396.0,11056.16
2025-01-06,Google Ads,Campaign_46,Shopping,Finance,Tablet,10437,3710,2205.73,1471.0,2388.09
2025-01-06,Google Ads,Campaign_107,Video,Healthcare,Tablet,13731,4547,467.75,2041.0,923.77
2024-12-06,Meta Ads,Campaign_111,Search,Finance,Desktop,14939,5650,2805.98,1418.0,12902.94
2025-03-30,TikTok Ads,Campaign_8,Search,EdTech,Desktop,15301,5008,706.08,3218.0,971.44
2024-01-19,Meta Ads,Campaign_110,Shopping,Finance,Desktop,2609,724,1461.02,3.0,
2024-06-12,Google Ads,Campaign_85,Shopping,Healthcare,Desktop,6983,5832,2768.79,103.0,5171.58
2025-01-30,Google Ads,Campaign_3,Search,Ecommerce,Mobile,4820,714,2204.5,,9522.36
2024-12-26,TikTok Ads,Campaign_53,Shopping,Finance,Tablet,18624,13772,3983.09,9061.0,4908.52
2024-08-02,Google Ads,Campaign_64,Video,EdTech,Tablet,1320,1060,1282.1,932.0,
2024-11-26,TikTok Ads,Campaign_25,Search,EdTech,Mobile,10578,4323,4765.48,1259.0,18667.44
2024-08-09,TikTok Ads,Campaign_62,Video,Healthcare,Mobile,13504,10493,2904.2,4674.0,500.79
2024-09-19,Google Ads,Campaign_98,Search,Ecommerce,Desktop,7605,2813,640.48,2002.0,563.49
2024-05-07,Meta Ads,Campaign_3,Shopping,EdTech,Tablet,938,889,2797.29,784.0,7718.37
2024-06-30,TikTok Ads,Campaign_21,Shopping,Ecommerce,Desktop,18401,17602,134.42,1912.0,598.92
2024-02-02,TikTok Ads,Campaign_22,Shopping,EdTech,Mobile,7569,2789,584.14,2639.0,1696.14
2024-11-18,Google Ads,Campaign_101,Search,EdTech,Tablet,17545,16804,3510.46,,206.34
2024-02-05,Meta Ads,Campaign_111,Search,EdTech,Mobile,17737,656,4617.74,285.0,8055.3
2024-02-22,Meta Ads,Campaign_71,Search,Healthcare,Tablet,5043,574,1071.29,71.0,3456.2
2025-02-24,Meta Ads,Campaign_94,Shopping,Ecommerce,Tablet,10161,409,2085.28,89.0,
2024-05-25,TikTok Ads,Campaign_116,Video,Finance,Desktop,10178,1878,2863.18,1378.0,295.41
2024-05-07,Meta Ads,Campaign_63,Search,Ecommerce,Desktop,14063,8671,2346.86,5213.0,5094.82
2024-07-04,Meta Ads,Campaign_29,Search,Finance,Desktop,6860,1623,4906.52,416.0,9988.31
2024-11-27,Google Ads,Campaign_84,Video,Finance,Mobile,15181,1441,1561.65,683.0,4764.1
2024-11-26,TikTok Ads,Campaign_9,Shopping,Healthcare,Desktop,3415,2013,3144.03,270.0,4027.27
2024-02-05,TikTok Ads,Campaign_115,Shopping,Ecommerce,Mobile,6410,6018,3521.78,793.0,8041.64
2025-02-12,Meta Ads,Campaign_114,Search,EdTech,Mobile,12850,7115,325.99,,
2024-04-20,Google Ads,Campaign_70,Search,Ecommerce,Desktop,19268,5099,1403.31,4489.0,6265.07
2024-12-02,TikTok Ads,Campaign_61,Search,Healthcare,Tablet,576,233,4652.54,66.0,
2024-06-29,Meta Ads,Campaign_50,Shopping,Ecommerce,Tablet,3863,309,553.92,232.0,770.97
2024-07-24,Meta Ads,Campaign_67,Shopping,Finance,Mobile,10443,4559,860.59,973.0,3186.29
2024-02-22,Google Ads,Campaign_80,Video,EdTech,Tablet,18324,7010,1056.41,,
2025-03-06,Meta Ads,Campaign_5,Search,Healthcare,Tablet,13256,11606,3486.61,961.0,2304.06
2024-06-23,Google Ads,Campaign_65,Shopping,EdTech,Tablet,2312,2270,1431.5,2239.0,5944.16
2024-06-16,TikTok Ads,Campaign_115,Video,Finance,Tablet,1303,1117,4878.21,863.0,1104.8
2025-01-11,TikTok Ads,Campaign_62,Shopping,Healthcare,Mobile,1301,895,2983.04,480.0,7603.01
2024-12-30,Google Ads,Campaign_46,Video,Ecommerce,Tablet,258,189,1939.29,38.0,5700.57
2024-03-04,TikTok Ads,Campaign_73,Video,Finance,Mobile,1557,1129,3386.06,279.0,10832.13
2024-10-09,TikTok Ads,Campaign_71,Video,Finance,Tablet,4821,3199,2874.72,2341.0,13076.14
2025-03-10,Google Ads,Campaign_105,Search,Healthcare,Desktop,8810,1019,4702.47,832.0,17294.24
2024-09-05,Meta Ads,Campaign_17,Search,Finance,Desktop,13999,4323,928.8,,2866.37
2024-07-27,Google Ads,Campaign_72,Search,Ecommerce,Mobile,6369,2769,1252.93,332.0,2000.41
2024-06-16,TikTok Ads,Campaign_55,Shopping,Finance,Desktop,14355,13626,4597.45,6616.0,22209.91
2025-01-01,Meta Ads,Campaign_116,Shopping,Finance,Mobile,8186,269,3800.29,144.0,
2024-07-24,Meta Ads,Campaign_76,Shopping,Ecommerce,Desktop,12007,4680,3262.11,2610.0,8910.05
2025-02-01,Google Ads,Campaign_10,Search,Ecommerce,Mobile,13979,6197,658.71,5067.0,1633.49
2024-04-15,Google Ads,Campaign_40,Shopping,Finance,Desktop,7048,3130,4425.56,1209.0,11993.71
2024-04-04,Meta Ads,Campaign_28,Search,Ecommerce,Mobile,19795,1537,415.34,1422.0,1752.46
2025-02-23,TikTok Ads,Campaign_119,Search,Healthcare,Mobile,4884,857,1114.45,181.0,652.83
2024-09-17,Meta Ads,Campaign_31,Search,Healthcare,Mobile,12595,1699,4977.3,990.0,4324.94
2025-03-28,Google Ads,Campaign_8,Video,EdTech,Desktop,17412,690,1153.94,,
2024-08-23,TikTok Ads,Campaign_104,Shopping,EdTech,Mobile,8820,40,4813.53,4.0,17522.33
2024-10-17,Meta Ads,Campaign_110,Video,EdTech,Tablet,18979,8521,4904.17,4909.0,10603.96
2024-04-10,Google Ads,Campaign_67,Shopping,Finance,Mobile,8811,688,1742.94,64.0,
2024-08-11,TikTok Ads,Campaign_27,Video,EdTech,Mobile,5662,3554,2076.98,954.0,7575.7
2024-08-17,TikTok Ads,Campaign_105,Video,Healthcare,Tablet,4705,2239,4965.03,697.0,13642.66
2025-03-24,Meta Ads,Campaign_43,Video,Healthcare,Tablet,13323,5787,2530.4,3148.0,4596.87
2024-10-12,TikTok Ads,Campaign_80,Shopping,EdTech,Mobile,17165,11961,359.45,10600.0,912.77
2024-02-08,Meta Ads,Campaign_67,Video,Finance,Mobile,19958,166,1262.87,96.0,2373.46
2025-02-08,Meta Ads,Campaign_71,Shopping,Ecommerce,Desktop,13026,542,3240.41,315.0,2198.6
2024-04-01,Meta Ads,Campaign_112,Shopping,Finance,Mobile,14465,5773,1112.0,3945.0,4929.08
2024-12-11,Meta Ads,Campaign_111,Shopping,Ecommerce,Desktop,16142,557,3806.2,,
2024-08-22,Google Ads,Campaign_69,Shopping,Ecommerce,Mobile,14351,4065,4809.3,61.0,
2024-09-02,Google Ads,Campaign_79,Shopping,EdTech,Mobile,17536,13960,2979.01,3939.0,3954.65
2025-02-22,Google Ads,Campaign_110,Shopping,Healthcare,Tablet,12730,1730,1606.44,1159.0,785.06
2024-05-01,Meta Ads,Campaign_57,Shopping,EdTech,Desktop,12072,4332,4308.41,2015.0,9350.76
2024-10-10,Meta Ads,Campaign_114,Video,Healthcare,Tablet,17960,13250,3838.84,11126.0,
2024-11-28,Meta Ads,Campaign_74,Search,Healthcare,Tablet,4532,53,517.04,12.0,2037.85
2025-01-27,TikTok Ads,Campaign_12,Video,Ecommerce,Mobile,16669,9768,4769.12,9135.0,20084.54
2024-09-25,Google Ads,Campaign_12,Search,Finance,Tablet,7513,4573,1231.65,1208.0,3248.19
2024-09-17,Meta Ads,Campaign_59,Video,EdTech,Desktop,6677,3412,915.79,1940.0,3928.4
2024-03-01,Google Ads,Campaign_58,Search,Healthcare,Desktop,16985,8803,1727.82,7478.0,6813.26
2024-10-12,Google Ads,Campaign_31,Shopping,Ecommerce,Mobile,18138,2081,4627.77,404.0,11351.25
2025-01-06,TikTok Ads,Campaign_36,Shopping,Healthcare,Desktop,4297,2156,2434.82,542.0,435.81
2025-02-16,Meta Ads,Campaign_19,Video,Ecommerce,Mobile,18854,16962,4116.92,13499.0,20100.9
2024-04-08,TikTok Ads,Campaign_24,Search,Ecommerce,Mobile,1524,343,570.25,125.0,696.9
2024-07-30,TikTok Ads,Campaign_100,Search,Finance,Tablet,12982,4088,2334.73,514.0,9365.27
2025-02-08,TikTok Ads,Campaign_30,Search,Finance,Mobile,10767,8985,2677.36,3341.0,11138.74
2024-02-23,TikTok Ads,Campaign_16,Search,EdTech,Mobile,6952,3757,237.6,2911.0,39.93
2024-05-09,Google Ads,Campaign_83,Video,EdTech,Tablet,408,362,405.71,152.0,1007.17
2025-01-27,Meta Ads,Campaign_71,Search,Ecommerce,Tablet,12762,7582,4260.04,290.0,12305.76
2024-11-29,Google Ads,Campaign_107,Video,Finance,Mobile,8870,5007,4815.67,2252.0,5727.56
2024-12-15,TikTok Ads,Campaign_109,Video,Healthcare,Desktop,14472,489,3122.84,176.0,645.66
2024-12-11,Meta Ads,Campaign_57,Search,Healthcare,Mobile,5811,3361,4094.59,2910.0,15517.35
2025-01-13,Meta Ads,Campaign_108,Shopping,Healthcare,Desktop,10022,4309,4734.76,4248.0,16698.78
2025-01-28,TikTok Ads,Campaign_11,Shopping,EdTech,Tablet,17292,4429,1234.39,,3958.81
2025-03-22,Google Ads,Campaign_72,Video,Ecommerce,Tablet,5317,2168,4335.74,,101.41
2024-01-08,Google Ads,Campaign_72,Shopping,Finance,Desktop,391,226,1441.67,146.0,
2024-03-23,TikTok Ads,Campaign_47,Shopping,Finance,Tablet,4688,2987,1751.69,772.0,5513.33
2024-09-05,Meta Ads,Campaign_10,Video,Finance,Desktop,13948,6179,2601.61,1674.0,7482.58
2024-11-29,TikTok Ads,Campaign_7,Video,Healthcare,Desktop,3165,1813,468.46,1509.0,1706.52
2024-04-07,Meta Ads,Campaign_103,Video,Healthcare,Desktop,8254,2749,4667.64,554.0,9121.51
2024-01-30,Meta Ads,Campaign_41,Shopping,Ecommerce,Mobile,3455,3175,4179.68,1782.0,6517.96
2024-08-16,Google Ads,Campaign_7,Search,EdTech,Mobile,3974,3019,2552.27,,4911.06
2025-03-16,TikTok Ads,Campaign_59,Shopping,Finance,Desktop,1862,346,3919.55,30.0,10192.17
2025-02-15,Meta Ads,Campaign_48,Shopping,Healthcare,Mobile,6286,3793,2661.19,2441.0,
2025-01-08,TikTok Ads,Campaign_112,Video,Ecommerce,Mobile,17482,1973,147.39,1023.0,529.18
2024-03-05,Google Ads,Campaign_61,Shopping,EdTech,Mobile,7825,7682,3474.39,4891.0,9782.86
2024-10-15,Meta Ads,Campaign_82,Search,Healthcare,Tablet,16381,5416,2537.38,490.0,11975.61
2025-03-30,Meta Ads,Campaign_27,Search,Healthcare,Mobile,12251,5293,4080.18,4441.0,1530.65
2024-11-05,Google Ads,Campaign_35,Shopping,EdTech,Desktop,6565,5596,2796.21,4976.0,11162.47
2024-06-17,TikTok Ads,Campaign_92,Shopping,Healthcare,Desktop,9594,5037,3478.56,2672.0,8167.19
2024-03-08,Google Ads,Campaign_86,Search,Ecommerce,Tablet,7379,4583,1675.71,,3535.01
2024-07-31,TikTok Ads,Campaign_118,Shopping,EdTech,Desktop,829,38,2496.18,11.0,2322.57
2024-10-01,Google Ads,Campaign_49,Video,Finance,Desktop,5772,2467,1043.89,1120.0,201.03
2024-03-17,TikTok Ads,Campaign_93,Shopping,EdTech,Desktop,13861,11022,569.63,727.0,1562.24
2024-01-17,Google Ads,Campaign_101,Shopping,Ecommerce,Desktop,8523,7461,4671.13,5271.0,7028.56
2024-10-03,Google Ads,Campaign_77,Shopping,Ecommerce,Tablet,1256,715,2422.75,432.0,5493.22
2025-03-24,TikTok Ads,Campaign_116,Search,Finance,Mobile,3842,202,3979.83,156.0,10592.89
2024-10-13,Google Ads,Campaign_69,Search,EdTech,Mobile,7773,1171,1295.9,637.0,
2024-10-11,Meta Ads,Campaign_67,Shopping,EdTech,Desktop,14702,10460,4723.32,178.0,11398.67
2024-02-26,TikTok Ads,Campaign_42,Shopping,Healthcare,Tablet,9686,331,1821.29,260.0,
2025-02-14,Google Ads,Campaign_116,Video,Finance,Mobile,17542,293,1997.33,204.0,
2024-12-18,Meta Ads,Campaign_19,Search,Ecommerce,Desktop,4879,1393,1401.4,570.0,378.65
2024-10-04,TikTok Ads,Campaign_41,Shopping,Ecommerce,Mobile,5605,4861,1335.36,1434.0,1047.83
2024-01-02,Meta Ads,Campaign_89,Video,EdTech,Mobile,13905,247,1064.47,,5146.23
2024-09-24,TikTok Ads,Campaign_18,Search,Ecommerce,Desktop,13550,5786,1637.77,3202.0,3151.54
2025-03-24,Google Ads,Campaign_31,Search,EdTech,Mobile,1004,285,2977.5,33.0,10559.37
2024-04-10,Meta Ads,Campaign_11,Video,Healthcare,Mobile,11801,10501,3273.38,4742.0,2825.8
2024-08-22,Meta Ads,Campaign_98,Shopping,Ecommerce,Mobile,2821,394,2331.14,288.0,5464.03
2025-03-07,Google Ads,Campaign_73,Video,Finance,Mobile,1814,1713,4927.53,301.0,
2024-08-12,TikTok Ads,Campaign_54,Shopping,Ecommerce,Desktop,15225,10141,3748.36,4384.0,12438.88
2024-01-17,Google Ads,Campaign_3,Shopping,Finance,Tablet,3645,3125,1224.84,1654.0,3059.72
2024-10-18,Meta Ads,Campaign_57,Video,Healthcare,Tablet,9364,5476,1752.9,2101.0,1010.79
2024-11-11,Google Ads,Campaign_80,Shopping,Ecommerce,Mobile,6122,2769,4683.59,2275.0,21226.32
2024-04-24,Google Ads,Campaign_41,Shopping,Ecommerce,Desktop,14491,791,171.95,502.0,523.11
2024-07-23,Meta Ads,Campaign_6,Video,Ecommerce,Tablet,19886,12236,570.79,2170.0,2376.64
2024-04-12,TikTok Ads,Campaign_117,Shopping,Finance,Desktop,18086,17919,4251.24,9989.0,11017.05
2024-11-26,Google Ads,Campaign_53,Search,Ecommerce,Desktop,6615,4784,873.96,2604.0,
2024-05-08,TikTok Ads,Campaign_44,Search,Finance,Tablet,3582,2605,2355.53,262.0,5851.69
2024-12-10,Meta Ads,Campaign_117,Search,EdTech,Mobile,5240,2205,2998.49,1280.0,4398.74
2024-08-12,Meta Ads,Campaign_95,Video,EdTech,Tablet,17132,6298,1517.61,,
2024-03-01,TikTok Ads,Campaign_119,Search,Ecommerce,Desktop,8483,2740,3649.59,2649.0,2871.98
2024-01-18,TikTok Ads,Campaign_52,Shopping,EdTech,Desktop,17519,3503,859.98,2358.0,208.99
2024-01-21,Google Ads,Campaign_39,Search,Ecommerce,Mobile,5625,1725,501.55,1360.0,2235.68
2024-09-03,TikTok Ads,Campaign_8,Search,Finance,Tablet,13641,1823,3216.13,280.0,8924.61
2024-05-18,Meta Ads,Campaign_71,Search,Healthcare,Mobile,5410,1269,3406.15,1263.0,15992.39
2024-08-22,Google Ads,Campaign_64,Search,Ecommerce,Mobile,7133,7053,684.85,5296.0,3258.6
2024-10-22,Google Ads,Campaign_109,Video,Healthcare,Tablet,2433,1190,3753.85,,18705.23
2024-04-03,Meta Ads,Campaign_53,Shopping,EdTech,Mobile,804,697,4511.01,682.0,16192.06
2024-11-29,Google Ads,Campaign_80,Search,Healthcare,Mobile,1592,1084,3783.45,,4275.91
2025-01-22,Google Ads,Campaign_13,Search,Healthcare,Mobile,3925,3818,1002.18,2087.0,2452.99
2024-05-13,Meta Ads,Campaign_42,Shopping,Finance,Mobile,7682,5087,4141.6,3332.0,19742.38
2024-01-02,TikTok Ads,Campaign_24,Video,Healthcare,Tablet,18899,2455,2030.47,1726.0,8916.73
2024-08-12,TikTok Ads,Campaign_75,Search,EdTech,Mobile,13054,13,2631.34,0.0,8410.08
2024-09-06,TikTok Ads,Campaign_15,Shopping,Finance,Tablet,8622,794,1207.45,435.0,1514.93
2024-02-01,Google Ads,Campaign_96,Search,EdTech,Tablet,11180,7931,2905.07,4105.0,9475.57
2024-02-05,Meta Ads,Campaign_109,Shopping,EdTech,Tablet,13129,7204,4980.33,7023.0,3276.98
2024-11-13,Meta Ads,Campaign_53,Video,Finance,Mobile,15721,7098,4372.53,,15237.55
2024-04-30,TikTok Ads,Campaign_7,Shopping,Healthcare,Mobile,11312,9688,2549.83,,
2024-06-01,TikTok Ads,Campaign_39,Shopping,EdTech,Desktop,7367,3837,4998.36,1426.0,23320.04
2024-06-30,Meta Ads,Campaign_42,Video,Ecommerce,Tablet,19215,10601,2196.07,4557.0,1331.96
2024-10-05,TikTok Ads,Campaign_16,Shopping,Ecommerce,Mobile,19307,10288,857.35,1445.0,
2025-02-20,Google Ads,Campaign_87,Video,Healthcare,Tablet,6034,5217,4255.14,3200.0,2070.38
2024-11-13,TikTok Ads,Campaign_62,Video,Healthcare,Desktop,12072,4389,2331.01,2262.0,5995.37
2024-12-30,Meta Ads,Campaign_17,Shopping,Ecommerce,Mobile,18334,4694,1604.55,1928.0,6337.72
2025-03-12,Meta Ads,Campaign_2,Search,EdTech,Mobile,15312,3231,4668.3,2863.0,8238.19
2024-08-03,TikTok Ads,Campaign_56,Shopping,Healthcare,Mobile,10149,1359,352.83,857.0,569.83
2024-02-22,Meta Ads,Campaign_116,Search,Ecommerce,Desktop,1835,541,4796.22,105.0,6604.17
2024-03-22,Google Ads,Campaign_74,Search,Ecommerce,Mobile,2256,434,309.6,51.0,95.65
2024-11-11,TikTok Ads,Campaign_91,Shopping,EdTech,Mobile,15987,2161,4997.61,759.0,11035.4
2024-06-21,Google Ads,Campaign_65,Video,Healthcare,Mobile,9748,4353,4019.1,,
2024-08-17,Meta Ads,Campaign_31,Shopping,Finance,Tablet,19392,18449,3489.15,7934.0,9060.96
2024-06-10,Google Ads,Campaign_101,Shopping,Finance,Desktop,4435,4302,7.14,3493.0,
2024-03-29,Meta Ads,Campaign_62,Shopping,Finance,Desktop,17121,12150,4833.79,6147.0,12754.54
2025-02-28,Google Ads,Campaign_7,Search,Ecommerce,Desktop,6749,3384,3681.66,1010.0,10911.13
2024-04-20,Meta Ads,Campaign_117,Search,Finance,Tablet,16315,645,1175.45,451.0,1043.88
2025-02-07,TikTok Ads,Campaign_42,Search,EdTech,Tablet,750,630,3926.98,213.0,14445.12
2024-02-24,TikTok Ads,Campaign_95,Video,Healthcare,Desktop,2374,1077,898.8,416.0,4292.22
2024-07-11,Meta Ads,Campaign_93,Video,EdTech,Mobile,18427,17916,4527.18,960.0,
2024-11-06,Google Ads,Campaign_16,Video,Healthcare,Mobile,733,459,2624.46,125.0,11638.86
2024-01-25,Google Ads,Campaign_104,Video,EdTech,Mobile,1034,599,3388.1,210.0,9869.26
2024-07-25,TikTok Ads,Campaign_97,Search,EdTech,Tablet,17184,2069,159.09,154.0,578.78
2025-01-20,Google Ads,Campaign_86,Search,Finance,Tablet,8465,7051,1737.37,3961.0,
2025-01-24,Google Ads,Campaign_93,Video,EdTech,Tablet,7121,3512,3888.61,2319.0,3220.59
2024-03-11,Meta Ads,Campaign_53,Shopping,Healthcare,Mobile,5745,1785,1204.75,1324.0,1190.76
2024-06-28,Meta Ads,Campaign_1,Search,Healthcare,Mobile,18754,13293,4691.52,6357.0,5184.39
2024-11-28,Meta Ads,Campaign_36,Search,Ecommerce,Mobile,3021,1528,4411.53,791.0,2692.4
2024-07-15,Meta Ads,Campaign_36,Video,Healthcare,Desktop,1929,783,1774.27,220.0,433.98
2024-12-31,TikTok Ads,Campaign_33,Shopping,Finance,Mobile,4092,2150,1745.5,1028.0,
2024-05-15,Meta Ads,Campaign_14,Search,EdTech,Desktop,387,367,353.58,163.0,
2024-03-15,TikTok Ads,Campaign_117,Shopping,Finance,Desktop,5421,3010,3244.19,2396.0,12833.07
2024-04-26,Meta Ads,Campaign_74,Search,EdTech,Tablet,10205,2235,353.88,,1611.15
2024-04-26,Meta Ads,Campaign_70,Search,EdTech,Mobile,19208,13375,872.44,,3950.53
2024-02-13,Meta Ads,Campaign_38,Search,Ecommerce,Mobile,8747,5082,4667.11,4010.0,6669.69
2024-05-17,Google Ads,Campaign_50,Shopping,Finance,Desktop,12864,11377,2771.4,9986.0,12449.96
2024-07-01,TikTok Ads,Campaign_105,Search,Healthcare,Tablet,13585,7280,3418.1,3069.0,9694.63
2024-03-23,Meta Ads,Campaign_12,Video,Ecommerce,Desktop,9288,6767,2497.93,3748.0,
2024-07-11,Google Ads,Campaign_31,Shopping,Ecommerce,Mobile,15475,12634,2325.35,10259.0,4223.6
2024-07-08,Meta Ads,Campaign_89,Video,Finance,Desktop,17994,2793,4057.47,2151.0,14026.72
2024-02-15,Meta Ads,Campaign_63,Shopping,Finance,Tablet,455,385,2941.42,213.0,
2024-04-10,TikTok Ads,Campaign_2,Search,Healthcare,Mobile,17552,1367,2485.41,156.0,7452.32
2025-02-22,Google Ads,Campaign_23,Search,Healthcare,Desktop,10274,4815,1610.89,1176.0,6353.57
2024-04-06,Google Ads,Campaign_17,Video,Healthcare,Mobile,4409,3889,440.19,1357.0,1747.54
2024-05-06,Meta Ads,Campaign_87,Search,Finance,Desktop,13217,10965,4254.52,7595.0,147.3
2024-02-18,Meta Ads,Campaign_76,Video,EdTech,Tablet,15907,8721,4859.53,4982.0,2669.89
2024-08-20,TikTok Ads,Campaign_106,Shopping,EdTech,Tablet,7468,4973,2176.86,344.0,3580.39
2024-03-11,Google Ads,Campaign_56,Search,EdTech,Mobile,14710,9700,1458.2,3575.0,4494.06
2024-09-04,Meta Ads,Campaign_34,Shopping,Finance,Tablet,1439,1368,1880.79,233.0,4119.77
2024-02-19,Meta Ads,Campaign_58,Video,Finance,Desktop,13332,2784,927.21,,
2025-03-24,Google Ads,Campaign_11,Video,Healthcare,Desktop,2327,363,4751.0,58.0,
2024-02-08,Google Ads,Campaign_112,Search,Ecommerce,Mobile,13729,7909,3813.69,4367.0,9884.39
2024-12-06,Google Ads,Campaign_32,Shopping,Finance,Mobile,6282,709,2880.7,289.0,6730.68
2024-03-10,TikTok Ads,Campaign_87,Video,EdTech,Mobile,15579,4814,2927.47,4722.0,9164.71
2024-10-23,TikTok Ads,Campaign_82,Video,Finance,Mobile,9947,8104,2675.89,7500.0,3865.25
2024-09-22,Meta Ads,Campaign_55,Video,Ecommerce,Tablet,472,272,666.96,172.0,591.51
2024-11-04,TikTok Ads,Campaign_51,Video,Finance,Tablet,8330,1952,4114.06,72.0,13953.38
2024-11-29,Meta Ads,Campaign_15,Video,Finance,Tablet,11424,60,4964.36,28.0,
2024-12-14,Meta Ads,Campaign_31,Search,Healthcare,Desktop,8008,1174,2932.65,547.0,12076.79
2024-03-31,Meta Ads,Campaign_20,Search,Ecommerce,Mobile,7550,3906,1469.18,2783.0,5397.31
2024-04-12,Google Ads,Campaign_111,Video,Healthcare,Desktop,14308,9219,3552.93,1261.0,7058.32
2025-02-16,TikTok Ads,Campaign_58,Search,Healthcare,Mobile,7228,1761,3104.5,766.0,4341.55
2024-05-06,TikTok Ads,Campaign_101,Search,EdTech,Mobile,14036,5569,122.79,,562.54
2025-02-26,TikTok Ads,Campaign_30,Video,Ecommerce,Mobile,12355,1051,4361.08,935.0,5112.14
2025-01-24,Meta Ads,Campaign_89,Shopping,Ecommerce,Tablet,10668,9759,590.78,2154.0,205.99
2024-12-05,Meta Ads,Campaign_44,Search,Healthcare,Desktop,11756,5803,274.74,4077.0,586.74
2025-03-23,Google Ads,Campaign_92,Search,EdTech,Tablet,8312,3813,3664.07,2377.0,
2025-01-17,Meta Ads,Campaign_112,Search,Healthcare,Desktop,4960,3361,2084.92,2947.0,4048.74
2024-01-30,Google Ads,Campaign_80,Video,Ecommerce,Tablet,14061,4121,81.03,1876.0,
2025-02-23,Meta Ads,Campaign_36,Shopping,Healthcare,Mobile,12470,3587,466.9,2722.0,
2024-01-06,Google Ads,Campaign_114,Search,EdTech,Mobile,522,258,454.33,201.0,1103.13
2024-12-18,Meta Ads,Campaign_29,Shopping,EdTech,Tablet,17718,15527,4314.59,11089.0,4390.27
2024-09-07,TikTok Ads,Campaign_70,Video,EdTech,Mobile,17307,13946,19.0,5010.0,12.73
2024-12-01,Meta Ads,Campaign_81,Shopping,Finance,Tablet,9784,8616,3384.6,4890.0,
2025-02-07,Google Ads,Campaign_6,Search,EdTech,Desktop,1784,868,2890.69,,4407.35
2024-07-08,Google Ads,Campaign_12,Search,Ecommerce,Tablet,4250,3682,2035.32,145.0,
2024-08-06,TikTok Ads,Campaign_28,Search,EdTech,Tablet,438,24,1955.52,14.0,
2024-03-07,TikTok Ads,Campaign_16,Shopping,EdTech,Desktop,14673,2766,3821.16,1295.0,11479.92
2024-08-30,Google Ads,Campaign_35,Search,EdTech,Mobile,13717,11793,4510.34,1045.0,22286.76
2025-02-17,Google Ads,Campaign_50,Search,Healthcare,Mobile,4800,824,3209.81,733.0,843.9
2025-02-11,Meta Ads,Campaign_70,Video,Ecommerce,Mobile,5634,5113,839.5,3820.0,4068.34
2024-01-10,TikTok Ads,Campaign_91,Search,Ecommerce,Tablet,14100,8719,4566.71,7173.0,21205.59
2024-10-20,Meta Ads,Campaign_71,Shopping,Ecommerce,Tablet,4044,1176,4805.55,891.0,6837.81
2025-03-28,Google Ads,Campaign_15,Search,EdTech,Mobile,7274,2027,3165.86,630.0,7857.83
2024-01-07,Google Ads,Campaign_4,Shopping,Finance,Desktop,14259,12709,1607.4,1004.0,5382.63
2024-08-07,TikTok Ads,Campaign_54,Search,Healthcare,Tablet,18895,5713,3890.49,2895.0,5123.89
2024-12-14,Google Ads,Campaign_50,Video,Finance,Desktop,3863,674,2613.4,420.0,
2024-11-08,Google Ads,Campaign_99,Shopping,EdTech,Desktop,1889,1059,1898.08,334.0,2033.7
2024-07-03,Google Ads,Campaign_30,Video,Healthcare,Desktop,13191,5439,1866.54,3461.0,1067.32
2024-03-15,TikTok Ads,Campaign_108,Search,Healthcare,Tablet,7581,4086,2431.25,,6320.08
2024-03-20,TikTok Ads,Campaign_66,Search,Ecommerce,Desktop,15171,11562,4866.26,5927.0,
2024-01-18,Meta Ads,Campaign_114,Search,Healthcare,Mobile,7570,2812,3238.12,277.0,14883.09
2024-11-28,Meta Ads,Campaign_78,Video,Finance,Mobile,1448,748,3474.27,,11636.68
2024-05-31,Google Ads,Campaign_42,Shopping,Healthcare,Desktop,5389,2552,1198.07,1754.0,5182.13
2024-05-13,Google Ads,Campaign_19,Search,Ecommerce,Mobile,6705,6555,1740.02,219.0,62.21
2024-12-03,Meta Ads,Campaign_29,Shopping,Ecommerce,Tablet,6530,3437,2725.79,3105.0,7199.35
2024-07-19,Google Ads,Campaign_116,Search,Ecommerce,Desktop,5358,2082,428.14,777.0,903.49
2024-03-09,Google Ads,Campaign_14,Shopping,Healthcare,Mobile,18805,16436,2742.47,1734.0,13509.75
2024-11-30,TikTok Ads,Campaign_90,Shopping,Healthcare,Desktop,339,273,530.67,256.0,
2024-01-08,TikTok Ads,Campaign_63,Search,Ecommerce,Desktop,11957,2538,907.24,638.0,
2024-12-01,Google Ads,Campaign_114,Video,Healthcare,Tablet,7980,5315,1835.86,2962.0,1564.19
2025-02-25,Meta Ads,Campaign_60,Shopping,EdTech,Mobile,17405,10814,2774.74,,
2024-10-06,Meta Ads,Campaign_55,Search,Healthcare,Tablet,15896,1337,2124.3,37.0,33.98
2024-06-28,Meta Ads,Campaign_35,Shopping,Ecommerce,Mobile,18558,4051,4563.3,,16064.13
2024-05-10,Google Ads,Campaign_52,Video,Finance,Desktop,4968,2714,1065.81,167.0,2510.96
2025-03-31,Google Ads,Campaign_75,Search,EdTech,Tablet,16494,5409,2715.96,246.0,1226.64
2024-09-28,Meta Ads,Campaign_52,Shopping,Ecommerce,Tablet,14023,8271,806.27,,
2025-02-26,Google Ads,Campaign_1,Search,Healthcare,Desktop,9767,1359,79.45,,
2024-09-05,Google Ads,Campaign_7,Video,EdTech,Desktop,13510,3283,1397.13,2729.0,6433.95
2025-02-14,Meta Ads,Campaign_10,Video,EdTech,Desktop,18768,2333,4938.48,253.0,19191.06
2025-02-02,TikTok Ads,Campaign_44,Search,Ecommerce,Tablet,17064,13124,2909.33,472.0,10317.81
2025-01-18,TikTok Ads,Campaign_95,Video,EdTech,Desktop,5808,3011,4548.51,2165.0,
2024-05-28,Google Ads,Campaign_6,Shopping,Healthcare,Mobile,1449,1415,745.83,1354.0,
2025-02-14,Google Ads,Campaign_62,Video,EdTech,Tablet,11148,9520,2414.52,7710.0,2006.05
2024-09-09,Meta Ads,Campaign_41,Search,Finance,Desktop,19525,5087,1291.57,3591.0,1690.76
2024-02-16,Meta Ads,Campaign_89,Shopping,Healthcare,Tablet,7638,7456,3451.46,4715.0,5510.83
2024-05-26,TikTok Ads,Campaign_88,Shopping,Healthcare,Desktop,4812,1618,324.76,76.0,465.6
2024-12-14,TikTok Ads,Campaign_52,Search,EdTech,Tablet,10763,4351,2258.01,3106.0,2920.18
2025-03-17,Meta Ads,Campaign_70,Video,EdTech,Mobile,4128,1351,4725.83,435.0,1233.13
2024-06-03,TikTok Ads,Campaign_65,Search,Healthcare,Tablet,2593,435,2883.57,211.0,
2024-08-06,TikTok Ads,Campaign_65,Search,Healthcare,Desktop,5495,4215,1943.11,3385.0,8132.17
2024-07-20,TikTok Ads,Campaign_73,Shopping,Healthcare,Tablet,13817,12853,4405.22,7555.0,10984.99
2025-02-13,Meta Ads,Campaign_3,Shopping,Healthcare,Desktop,16790,8986,557.77,1116.0,36.1
2024-10-23,Meta Ads,Campaign_60,Shopping,Ecommerce,Desktop,2712,364,1160.33,,5688.5
2024-07-17,TikTok Ads,Campaign_55,Video,EdTech,Desktop,12677,10302,2730.42,2567.0,217.94
2025-01-16,Meta Ads,Campaign_23,Video,EdTech,Mobile,17724,17205,2982.97,12572.0,6610.48
2024-10-16,Google Ads,Campaign_53,Shopping,Healthcare,Tablet,19770,7456,3502.98,4677.0,8061.44
2024-11-27,Google Ads,Campaign_86,Search,Healthcare,Tablet,8223,4502,2334.38,2650.0,9300.91
2024-05-20,Google Ads,Campaign_61,Video,EdTech,Mobile,9493,1827,3774.3,166.0,9344.98
2024-04-25,Google Ads,Campaign_107,Video,Healthcare,Mobile,18103,9263,4036.98,9231.0,1652.6
2024-05-23,Google Ads,Campaign_44,Video,Ecommerce,Mobile,12240,3476,2829.64,2605.0,
2024-08-28,Google Ads,Campaign_36,Video,Ecommerce,Tablet,18363,13860,1972.48,10923.0,8180.45
2024-12-14,TikTok Ads,Campaign_94,Video,Finance,Mobile,9603,2693,4336.37,177.0,19151.87
2024-04-24,Google Ads,Campaign_31,Shopping,Ecommerce,Desktop,12957,3485,731.4,1156.0,
2025-03-04,Meta Ads,Campaign_117,Video,Finance,Mobile,14780,1089,3092.04,715.0,14989.18
2025-03-01,Google Ads,Campaign_47,Video,EdTech,Tablet,14281,11153,2392.53,3058.0,10472.49
2024-09-19,Meta Ads,Campaign_41,Shopping,Finance,Desktop,17299,14164,2155.19,1691.0,9680.61
2024-03-28,TikTok Ads,Campaign_88,Search,EdTech,Desktop,7851,3376,38.86,2366.0,127.6
2024-04-17,TikTok Ads,Campaign_28,Shopping,Healthcare,Tablet,15876,5479,1448.12,5076.0,2511.0
2024-08-12,Meta Ads,Campaign_54,Video,EdTech,Tablet,17881,2757,1937.45,575.0,5851.27
2024-04-22,Meta Ads,Campaign_54,Video,Finance,Mobile,15157,7493,364.1,1490.0,1173.87
2024-01-20,Google Ads,Campaign_37,Search,Finance,Desktop,4874,158,207.19,137.0,152.15
2024-07-26,TikTok Ads,Campaign_52,Search,EdTech,Mobile,10296,4164,3228.05,3269.0,
2025-01-30,Google Ads,Campaign_44,Search,Healthcare,Tablet,7,5,4656.6,5.0,11241.59
2024-01-21,Meta Ads,Campaign_23,Shopping,Finance,Tablet,11012,7467,4661.16,3742.0,
2024-05-23,Meta Ads,Campaign_43,Search,Finance,Desktop,14024,1873,1477.78,396.0,3167.72
2024-09-23,Meta Ads,Campaign_81,Video,Ecommerce,Desktop,12554,7617,4436.47,95.0,10781.28
2024-01-17,Google Ads,Campaign_117,Video,Ecommerce,Mobile,15229,13626,1259.34,3205.0,5186.08
2024-07-28,Meta Ads,Campaign_115,Search,Finance,Tablet,10629,2095,667.53,,819.91
2024-09-03,TikTok Ads,Campaign_36,Search,Ecommerce,Desktop,11925,751,2528.61,,9899.38
2024-12-23,Google Ads,Campaign_30,Search,EdTech,Tablet,12860,12370,1760.16,9225.0,
2024-12-13,TikTok Ads,Campaign_74,Shopping,Ecommerce,Tablet,5239,3757,4623.66,1566.0,8993.79
2024-09-29,Meta Ads,Campaign_90,Video,Ecommerce,Desktop,19034,3609,1725.73,1611.0,673.02
2024-12-05,Meta Ads,Campaign_75,Video,Ecommerce,Desktop,8728,1084,1748.45,979.0,1371.38
2025-01-14,Google Ads,Campaign_97,Shopping,Healthcare,Mobile,15241,9054,962.94,2346.0,4438.38
2025-02-05,TikTok Ads,Campaign_12,Shopping,EdTech,Desktop,479,447,4861.12,260.0,7366.05
2025-02-28,Google Ads,Campaign_86,Search,Ecommerce,Mobile,4628,3758,2672.38,3352.0,4421.75
2024-09-26,TikTok Ads,Campaign_27,Search,EdTech,Mobile,18019,9160,1333.85,4496.0,1881.9
2024-04-25,TikTok Ads,Campaign_84,Shopping,EdTech,Mobile,5097,4544,2272.53,3131.0,8152.32
2024-10-19,TikTok Ads,Campaign_44,Search,Finance,Desktop,7931,6474,1543.84,4196.0,
2024-09-08,TikTok Ads,Campaign_24,Video,EdTech,Tablet,2341,220,4572.65,170.0,12088.05
2024-12-04,Meta Ads,Campaign_86,Shopping,Healthcare,Tablet,6311,2101,2796.07,,9567.21
2024-10-12,Meta Ads,Campaign_15,Search,Healthcare,Tablet,9678,2483,3263.97,,10110.61
2024-02-01,TikTok Ads,Campaign_77,Search,Finance,Mobile,3992,432,4459.15,66.0,12459.45
2024-07-25,Google Ads,Campaign_56,Shopping,EdTech,Desktop,14797,109,2443.24,27.0,4193.2
2024-05-02,TikTok Ads,Campaign_53,Search,Ecommerce,Desktop,15889,7242,4052.91,2325.0,16810.6
2025-03-20,TikTok Ads,Campaign_81,Search,EdTech,Mobile,19874,3870,897.68,1779.0,1208.64
2024-11-10,Meta Ads,Campaign_93,Search,Healthcare,Tablet,16484,6060,1999.58,2147.0,8859.65
2024-09-21,TikTok Ads,Campaign_101,Search,Healthcare,Mobile,11905,8197,485.47,5533.0,2315.09
2024-06-01,Meta Ads,Campaign_111,Search,Healthcare,Tablet,13706,2385,2470.91,1233.0,2695.4
2024-07-27,Google Ads,Campaign_70,Search,Ecommerce,Mobile,9300,4335,3530.56,,12811.79
2024-08-14,Google Ads,Campaign_25,Video,Finance,Mobile,6389,2810,3479.31,440.0,6155.47
2024-02-15,Google Ads,Campaign_91,Video,Healthcare,Mobile,769,239,1334.97,107.0,4458.66
2024-02-13,Google Ads,Campaign_91,Video,Healthcare,Mobile,2274,1739,2500.78,1570.0,11312.44
2024-03-10,Google Ads,Campaign_44,Shopping,Finance,Desktop,13210,9491,3513.19,2020.0,1101.84
2025-02-20,TikTok Ads,Campaign_7,Shopping,EdTech,Tablet,9546,6025,3936.28,2130.0,
2024-02-13,TikTok Ads,Campaign_29,Video,Finance,Desktop,12452,11100,2506.12,6297.0,
2024-11-21,Meta Ads,Campaign_49,Search,Ecommerce,Tablet,14648,9067,2389.13,6603.0,6093.89
2025-02-05,Meta Ads,Campaign_47,Video,Finance,Mobile,18512,7497,542.86,106.0,
2025-02-19,Google Ads,Campaign_52,Video,Finance,Tablet,240,164,3884.5,29.0,9035.47
2025-03-29,TikTok Ads,Campaign_45,Video,Healthcare,Mobile,1038,299,1881.86,47.0,7260.09
2024-11-09,Meta Ads,Campaign_14,Search,EdTech,Mobile,6673,2987,3060.35,2789.0,1242.04
2024-12-24,Meta Ads,Campaign_87,Search,Healthcare,Desktop,3617,2420,200.91,1094.0,154.22
2025-01-15,Google Ads,Campaign_19,Shopping,Finance,Mobile,11032,5441,3727.77,712.0,
2024-07-20,TikTok Ads,Campaign_38,Shopping,Healthcare,Tablet,11145,10505,1445.7,3624.0,6612.21
2025-02-19,Meta Ads,Campaign_70,Search,Ecommerce,Desktop,12057,11833,459.1,,1131.23
2024-03-03,Meta Ads,Campaign_96,Search,Ecommerce,Tablet,3077,1931,2652.86,904.0,4927.16
2024-06-25,Google Ads,Campaign_65,Shopping,Healthcare,Desktop,17120,14461,3402.24,778.0,11255.98
2024-11-25,Google Ads,Campaign_56,Video,Ecommerce,Mobile,6794,4732,3645.56,521.0,4242.29
2024-01-10,Meta Ads,Campaign_40,Search,EdTech,Mobile,518,483,4810.77,64.0,10052.5
2024-01-17,TikTok Ads,Campaign_114,Search,Ecommerce,Mobile,6758,987,4096.9,15.0,12512.93
2024-04-10,TikTok Ads,Campaign_75,Video,Ecommerce,Tablet,15258,9803,1133.26,431.0,
2025-03-02,Meta Ads,Campaign_109,Video,EdTech,Tablet,8463,4431,161.79,757.0,183.44
2024-02-13,Meta Ads,Campaign_11,Video,Ecommerce,Desktop,14688,928,1153.49,302.0,1853.92
2025-03-17,Meta Ads,Campaign_41,Shopping,Ecommerce,Desktop,16179,15663,1331.74,845.0,27.05
2024-04-24,Meta Ads,Campaign_70,Video,EdTech,Mobile,16487,12241,329.72,7476.0,1076.05
2024-06-04,TikTok Ads,Campaign_102,Shopping,Healthcare,Desktop,11882,1762,1495.94,1756.0,3005.08
2024-03-07,Google Ads,Campaign_52,Shopping,Ecommerce,Tablet,6341,2251,1021.44,1401.0,4524.14
2024-06-13,Google Ads,Campaign_28,Search,EdTech,Tablet,8934,5782,2397.97,4270.0,4539.61
2024-05-14,Meta Ads,Campaign_111,Search,EdTech,Desktop,4943,2455,2339.96,13.0,11358.5
2024-11-07,Meta Ads,Campaign_42,Search,Finance,Desktop,13758,707,951.45,305.0,3512.91
2025-03-09,TikTok Ads,Campaign_72,Video,Healthcare,Tablet,2090,474,4266.88,74.0,8803.37
2024-01-24,TikTok Ads,Campaign_32,Video,Finance,Mobile,14133,13825,4313.88,4636.0,17579.9
2024-04-03,Meta Ads,Campaign_61,Video,Finance,Mobile,13663,11094,1708.03,2400.0,4323.27
2024-02-15,Meta Ads,Campaign_93,Shopping,Ecommerce,Desktop,18789,10300,4340.03,7646.0,
2024-10-06,Google Ads,Campaign_114,Video,Healthcare,Desktop,9107,5432,949.83,4536.0,976.55
2024-03-29,TikTok Ads,Campaign_96,Search,Finance,Tablet,1660,1653,3878.73,1424.0,5669.61
2024-11-27,TikTok Ads,Campaign_11,Shopping,EdTech,Desktop,17840,5479,3329.93,2830.0,11635.84
2024-02-07,Meta Ads,Campaign_25,Search,EdTech,Desktop,4914,1968,4933.95,1208.0,5535.38
2024-11-03,Google Ads,Campaign_42,Shopping,EdTech,Mobile,2999,1275,4678.37,1158.0,7067.05
2024-10-24,Meta Ads,Campaign_114,Search,Finance,Mobile,13812,6737,3213.0,,9718.9
2024-06-14,Meta Ads,Campaign_113,Video,Healthcare,Desktop,17043,123,1222.56,26.0,2640.33
2024-09-06,TikTok Ads,Campaign_68,Search,Ecommerce,Desktop,16852,6509,4590.09,2826.0,10533.57
2024-07-02,Google Ads,Campaign_81,Video,Ecommerce,Tablet,15097,9178,1046.97,8838.0,900.68
2025-02-14,Google Ads,Campaign_55,Shopping,Finance,Desktop,17270,17258,3156.1,2566.0,11786.1
2024-08-02,Google Ads,Campaign_113,Search,EdTech,Desktop,4764,3143,84.1,1100.0,292.25
2024-12-07,Google Ads,Campaign_61,Shopping,Ecommerce,Desktop,660,106,1966.57,47.0,
2024-03-15,TikTok Ads,Campaign_2,Video,EdTech,Mobile,2331,1247,2602.04,1101.0,7619.1
2024-11-12,Meta Ads,Campaign_79,Shopping,EdTech,Mobile,13398,5881,2340.17,,9971.54
2024-08-18,Google Ads,Campaign_22,Search,Ecommerce,Tablet,12357,8625,4412.35,1629.0,2986.45
2024-10-16,TikTok Ads,Campaign_71,Video,Ecommerce,Desktop,4710,539,2994.37,487.0,13206.95
2025-03-12,TikTok Ads,Campaign_47,Video,EdTech,Desktop,15141,5598,258.61,2156.0,688.52
2025-03-20,Google Ads,Campaign_19,Video,Finance,Desktop,2331,743,4324.4,680.0,9573.86
2025-02-15,Meta Ads,Campaign_114,Shopping,Finance,Tablet,17187,12403,2798.19,11370.0,5987.53
2024-11-01,Meta Ads,Campaign_45,Shopping,EdTech,Desktop,7629,7523,805.92,2885.0,542.74
2025-02-01,Google Ads,Campaign_52,Video,EdTech,Desktop,18870,16211,3390.19,5370.0,1768.04
2025-02-19,Google Ads,Campaign_12,Search,Finance,Desktop,1013,779,2705.15,293.0,4808.22
2024-10-25,TikTok Ads,Campaign_115,Video,Healthcare,Tablet,13805,10913,4892.25,8087.0,16530.58
2024-08-03,TikTok Ads,Campaign_84,Search,Healthcare,Tablet,15649,624,3846.51,368.0,10706.74
2024-08-02,Meta Ads,Campaign_31,Shopping,EdTech,Mobile,14124,8674,2608.93,5163.0,8455.49
2024-04-28,Google Ads,Campaign_110,Video,Finance,Tablet,9741,1245,431.76,485.0,377.84
2024-10-08,Google Ads,Campaign_58,Video,EdTech,Tablet,11196,1580,212.57,,621.34
2025-03-30,Google Ads,Campaign_52,Search,Ecommerce,Desktop,11573,9628,524.05,,1152.22
2025-02-08,TikTok Ads,Campaign_112,Shopping,Ecommerce,Mobile,11815,2239,1662.67,1405.0,
2024-12-10,Google Ads,Campaign_82,Search,Healthcare,Desktop,11558,5779,2516.53,5653.0,2314.14
2024-02-23,Meta Ads,Campaign_67,Video,Healthcare,Desktop,3880,2588,3556.33,1382.0,16049.03
2025-02-16,TikTok Ads,Campaign_83,Video,EdTech,Mobile,6447,2548,1076.43,2237.0,302.46
2024-10-09,Meta Ads,Campaign_87,Search,Ecommerce,Tablet,4614,896,2740.06,,965.64
2024-10-22,Meta Ads,Campaign_112,Shopping,Ecommerce,Tablet,3663,3327,3791.23,1377.0,11238.21
2024-08-28,TikTok Ads,Campaign_36,Video,Ecommerce,Desktop,8496,4879,2380.37,,1318.31
2024-04-24,TikTok Ads,Campaign_20,Video,EdTech,Desktop,18790,3065,4231.76,1241.0,9589.98
2025-01-28,Google Ads,Campaign_36,Video,EdTech,Desktop,15176,9787,549.03,8878.0,2308.22
2025-03-28,TikTok Ads,Campaign_92,Search,Healthcare,Tablet,17937,6744,3113.02,5451.0,13783.97
2024-08-16,TikTok Ads,Campaign_69,Search,EdTech,Tablet,18514,7221,2938.05,5973.0,461.25
2024-03-16,Meta Ads,Campaign_116,Video,EdTech,Mobile,6657,3357,2811.22,2544.0,4082.08
2024-04-27,Meta Ads,Campaign_85,Shopping,Healthcare,Mobile,4612,2327,445.52,415.0,1120.52
2024-05-19,Meta Ads,Campaign_100,Video,EdTech,Tablet,5703,4636,1286.73,1048.0,1916.48
2024-01-15,TikTok Ads,Campaign_69,Shopping,Ecommerce,Mobile,10292,3440,4416.34,666.0,21805.31
2024-07-05,Meta Ads,Campaign_86,Shopping,Healthcare,Desktop,14016,10269,2910.17,9362.0,2254.24
2024-10-24,Google Ads,Campaign_81,Search,Healthcare,Mobile,11460,4904,764.27,4898.0,3042.12
2024-09-19,TikTok Ads,Campaign_91,Video,Ecommerce,Mobile,5233,4452,2768.86,2364.0,
2024-12-29,Google Ads,Campaign_74,Shopping,Ecommerce,Desktop,11418,6437,3161.42,1560.0,15088.24
2024-03-25,TikTok Ads,Campaign_96,Search,Ecommerce,Tablet,12055,5411,1121.43,,
2024-04-29,Google Ads,Campaign_58,Shopping,Healthcare,Desktop,826,289,1139.72,51.0,
2024-11-30,TikTok Ads,Campaign_101,Video,Healthcare,Desktop,14036,3534,3119.73,3408.0,5381.06
2024-12-23,Google Ads,Campaign_112,Video,Healthcare,Tablet,15735,14299,1105.26,,559.23
2024-12-12,Google Ads,Campaign_31,Shopping,Ecommerce,Desktop,355,154,1855.47,79.0,
2024-08-02,Meta Ads,Campaign_7,Video,Finance,Desktop,12354,6257,2548.88,6103.0,4290.77
2024-12-14,TikTok Ads,Campaign_113,Search,Finance,Tablet,4181,483,4905.15,473.0,22624.13
2024-10-08,Google Ads,Campaign_29,Video,Healthcare,Mobile,16059,11144,190.14,887.0,40.54
2024-02-15,TikTok Ads,Campaign_88,Video,EdTech,Desktop,13651,6202,3789.93,5610.0,10097.52
2024-08-08,Google Ads,Campaign_26,Video,Ecommerce,Mobile,19613,15409,2089.64,2177.0,6395.16
2024-03-29,Google Ads,Campaign_15,Search,Finance,Tablet,6861,4837,514.42,1870.0,
2025-02-13,Google Ads,Campaign_62,Search,Ecommerce,Mobile,18251,15834,570.96,8134.0,
2024-06-02,TikTok Ads,Campaign_19,Video,Healthcare,Desktop,8165,4300,163.73,955.0,739.29
2024-07-27,Google Ads,Campaign_32,Search,EdTech,Mobile,13064,4742,2003.87,389.0,986.87
2025-03-08,Google Ads,Campaign_27,Search,EdTech,Mobile,6287,4225,906.87,2035.0,
2024-04-30,Google Ads,Campaign_30,Search,Ecommerce,Mobile,9123,5641,2585.11,1884.0,9370.75
2024-03-30,TikTok Ads,Campaign_100,Shopping,Healthcare,Mobile,16883,6029,454.49,2697.0,
2025-01-21,Meta Ads,Campaign_112,Search,Healthcare,Mobile,15084,13073,4958.55,6090.0,17139.05
2025-03-08,Google Ads,Campaign_74,Shopping,EdTech,Desktop,12460,2049,398.47,1142.0,
2025-01-19,Google Ads,Campaign_98,Search,EdTech,Desktop,8761,197,478.64,117.0,2095.35
2024-12-14,TikTok Ads,Campaign_75,Video,EdTech,Desktop,16330,8399,4997.0,5503.0,17402.17
2024-01-29,Meta Ads,Campaign_115,Video,Ecommerce,Mobile,16205,4436,2462.97,2886.0,
2024-03-14,Google Ads,Campaign_90,Search,Healthcare,Mobile,1616,582,834.9,55.0,3412.84
2024-07-20,Meta Ads,Campaign_96,Shopping,Ecommerce,Tablet,11008,10086,547.74,2265.0,
2025-01-18,TikTok Ads,Campaign_111,Video,Finance,Tablet,815,751,3093.25,179.0,
2024-04-24,TikTok Ads,Campaign_83,Shopping,Healthcare,Mobile,6505,4572,1726.01,1167.0,6615.19
2025-01-17,Meta Ads,Campaign_25,Search,Ecommerce,Mobile,15416,4759,317.38,497.0,622.45
2024-04-29,Meta Ads,Campaign_100,Shopping,Ecommerce,Desktop,16656,7624,732.04,3987.0,3656.79
2025-03-19,Meta Ads,Campaign_62,Search,Ecommerce,Mobile,18366,3921,2366.89,3032.0,8850.84
2024-09-08,Meta Ads,Campaign_20,Search,Healthcare,Tablet,1645,1429,3825.88,1393.0,15486.87
2025-01-16,Google Ads,Campaign_44,Search,Ecommerce,Tablet,9412,2750,3301.14,2218.0,15484.09
2024-07-05,Google Ads,Campaign_17,Shopping,Finance,Tablet,14754,13763,466.48,2206.0,630.3
2024-02-23,TikTok Ads,Campaign_68,Video,Healthcare,Tablet,13290,843,4947.16,683.0,18378.45
2024-11-10,Google Ads,Campaign_72,Shopping,EdTech,Desktop,13623,203,3396.57,68.0,12322.89
2024-08-07,Google Ads,Campaign_8,Shopping,EdTech,Mobile,8931,4406,1124.23,2312.0,4876.77
2024-01-19,Google Ads,Campaign_15,Video,Healthcare,Tablet,12911,2012,4661.28,1276.0,21425.6
2025-03-14,Meta Ads,Campaign_43,Video,Healthcare,Tablet,846,677,1576.9,597.0,
2024-03-16,Google Ads,Campaign_27,Video,Healthcare,Desktop,9050,8969,2172.81,,
2024-12-04,TikTok Ads,Campaign_87,Search,Healthcare,Tablet,16776,14281,3243.25,3517.0,14372.98
2025-02-02,Google Ads,Campaign_116,Video,EdTech,Tablet,2229,582,373.12,23.0,603.83
2024-02-21,TikTok Ads,Campaign_7,Search,EdTech,Desktop,4487,2295,109.43,1128.0,199.58
2024-04-07,TikTok Ads,Campaign_41,Search,Healthcare,Tablet,6769,2102,3955.3,795.0,6525.21
2024-03-29,Meta Ads,Campaign_117,Shopping,Ecommerce,Mobile,12564,3219,2761.77,2907.0,
2025-01-18,Google Ads,Campaign_2,Video,Ecommerce,Tablet,1625,1471,4421.86,1453.0,11722.77
2025-03-05,TikTok Ads,Campaign_31,Video,Finance,Mobile,11350,8596,1167.62,7916.0,5258.42
2024-01-26,Meta Ads,Campaign_101,Shopping,Healthcare,Mobile,1127,1067,100.78,332.0,287.35
2024-10-03,TikTok Ads,Campaign_54,Shopping,Finance,Desktop,9950,9649,853.38,6343.0,4076.12
2024-09-13,Google Ads,Campaign_57,Shopping,Ecommerce,Desktop,16197,13293,4054.5,4517.0,20149.0
2024-01-29,TikTok Ads,Campaign_79,Shopping,Ecommerce,Tablet,2265,545,3798.26,465.0,11179.15
2024-11-18,Google Ads,Campaign_53,Video,Healthcare,Mobile,14570,1459,557.28,436.0,1344.75
2025-03-06,Meta Ads,Campaign_87,Shopping,EdTech,Desktop,46,30,3839.9,24.0,16749.4
2025-02-07,Meta Ads,Campaign_115,Shopping,Healthcare,Tablet,13142,903,4849.93,332.0,18734.49
2024-09-07,Google Ads,Campaign_17,Video,Finance,Tablet,4383,340,1212.6,157.0,4800.09
2024-08-10,Google Ads,Campaign_6,Shopping,Healthcare,Mobile,19477,2863,3.72,2433.0,3.27
2024-09-27,TikTok Ads,Campaign_117,Shopping,Healthcare,Mobile,15895,6333,3338.4,4279.0,10554.08
2025-02-23,Meta Ads,Campaign_86,Video,Ecommerce,Tablet,19136,15776,4826.17,9595.0,21831.36
2024-06-08,TikTok Ads,Campaign_22,Search,Ecommerce,Mobile,19043,15358,4737.5,1507.0,9856.99
2024-08-03,Meta Ads,Campaign_118,Video,EdTech,Mobile,18920,9471,1827.81,2899.0,4030.73
2024-12-27,Google Ads,Campaign_28,Shopping,EdTech,Desktop,6962,6475,3581.22,604.0,7453.74
2025-02-05,Meta Ads,Campaign_115,Shopping,Finance,Mobile,9137,6582,1096.29,3695.0,4507.32
2024-12-17,Google Ads,Campaign_30,Shopping,Healthcare,Mobile,19414,17059,1977.09,368.0,9158.75
2024-12-18,Google Ads,Campaign_68,Search,Healthcare,Desktop,17210,8740,1871.13,1634.0,3720.79
2024-04-10,Meta Ads,Campaign_110,Search,Healthcare,Tablet,17394,10965,4985.19,7664.0,11369.64
2024-04-30,Google Ads,Campaign_69,Shopping,Finance,Tablet,3130,1260,3584.74,337.0,17539.75
2024-11-22,Meta Ads,Campaign_81,Video,Healthcare,Desktop,11041,1400,3381.01,1211.0,11481.43
2024-03-29,TikTok Ads,Campaign_24,Search,Healthcare,Desktop,7105,3985,3107.95,2537.0,7887.19
2024-10-07,Google Ads,Campaign_5,Video,EdTech,Tablet,14578,11973,302.44,6173.0,459.69
2024-04-02,Google Ads,Campaign_86,Video,Healthcare,Tablet,4286,1717,1665.87,1659.0,7806.86
2024-12-26,Google Ads,Campaign_6,Search,Healthcare,Desktop,167,1,1055.85,1.0,1176.52
2025-01-30,TikTok Ads,Campaign_83,Search,Finance,Mobile,11859,199,3615.6,78.0,5373.05
2025-01-03,TikTok Ads,Campaign_111,Shopping,Finance,Tablet,10715,782,4777.69,,16516.28
2024-09-03,Google Ads,Campaign_7,Video,EdTech,Mobile,5085,2482,3682.47,959.0,1255.22
2024-05-26,TikTok Ads,Campaign_60,Search,Finance,Mobile,17631,14916,1047.31,2394.0,230.91
2024-02-18,TikTok Ads,Campaign_22,Search,Finance,Tablet,6300,883,2513.14,696.0,6267.08
2024-10-07,Meta Ads,Campaign_33,Shopping,Healthcare,Desktop,9531,6352,2887.48,2678.0,7763.05
2024-07-11,Google Ads,Campaign_110,Shopping,Finance,Mobile,3109,365,3685.61,,
2025-02-19,Google Ads,Campaign_46,Shopping,Healthcare,Mobile,4224,4070,4290.03,2026.0,2521.24
2024-02-04,TikTok Ads,Campaign_83,Video,EdTech,Tablet,10321,6461,3189.01,2412.0,2451.15
2025-03-10,TikTok Ads,Campaign_6,Search,Ecommerce,Mobile,11875,10682,3075.88,705.0,10575.77
2024-02-03,Google Ads,Campaign_118,Search,Ecommerce,Mobile,18488,10395,3514.12,3668.0,13139.76
2024-01-21,TikTok Ads,Campaign_18,Shopping,Healthcare,Desktop,10226,5340,4958.5,2785.0,
2024-05-25,Google Ads,Campaign_57,Video,EdTech,Tablet,13771,2566,3809.02,,17966.5
2024-08-01,Meta Ads,Campaign_35,Search,Healthcare,Tablet,9577,2614,3393.73,2341.0,8557.53
2024-02-14,TikTok Ads,Campaign_76,Search,Healthcare,Tablet,16287,6363,1420.39,1163.0,3238.99
2025-03-22,Google Ads,Campaign_36,Video,Finance,Tablet,17089,13354,889.1,13267.0,1950.98
2024-12-13,TikTok Ads,Campaign_61,Search,Finance,Mobile,11388,8036,3584.59,4896.0,3843.07
2024-03-24,TikTok Ads,Campaign_81,Search,Finance,Mobile,745,220,503.19,108.0,1992.86
2024-05-08,TikTok Ads,Campaign_82,Search,EdTech,Mobile,6061,4240,1982.69,,5410.3
2024-04-20,TikTok Ads,Campaign_72,Video,Healthcare,Mobile,17893,7935,4146.17,2263.0,11086.83
2024-04-11,Google Ads,Campaign_48,Video,EdTech,Mobile,8346,7564,2930.77,6352.0,1972.05
2024-10-30,Meta Ads,Campaign_13,Search,Healthcare,Tablet,15192,999,1780.43,485.0,4440.5
2024-12-27,Google Ads,Campaign_115,Search,EdTech,Mobile,7754,5103,2684.41,4400.0,1916.57
2024-11-11,Google Ads,Campaign_103,Search,Finance,Desktop,3567,2235,2017.97,1451.0,5260.35
2024-04-24,Google Ads,Campaign_34,Shopping,EdTech,Desktop,7454,7314,546.45,3843.0,1612.28
2024-05-10,Meta Ads,Campaign_68,Shopping,EdTech,Tablet,17966,10177,3296.98,2956.0,178.4
2024-07-06,TikTok Ads,Campaign_91,Video,EdTech,Tablet,8117,4932,2929.91,1149.0,
2025-03-16,Meta Ads,Campaign_24,Video,Finance,Desktop,2044,933,1956.25,693.0,1647.68
2024-03-17,Meta Ads,Campaign_13,Video,Healthcare,Tablet,19939,17941,1612.78,1069.0,5355.62
2024-08-10,Google Ads,Campaign_55,Shopping,Ecommerce,Desktop,6482,2060,3850.79,533.0,12008.08
2025-01-10,TikTok Ads,Campaign_108,Video,Healthcare,Mobile,17998,10636,2471.5,98.0,2532.03
2024-01-07,Meta Ads,Campaign_53,Video,Ecommerce,Tablet,7111,6957,290.76,1199.0,
2024-02-20,Google Ads,Campaign_26,Video,EdTech,Tablet,13003,12679,4814.96,3103.0,
2025-03-12,Meta Ads,Campaign_66,Search,EdTech,Tablet,8956,481,4905.4,359.0,5839.14
2024-12-30,Google Ads,Campaign_41,Search,Ecommerce,Desktop,2590,1883,3796.25,936.0,8957.65
2025-03-18,Google Ads,Campaign_69,Search,Ecommerce,Tablet,317,271,1237.84,207.0,5466.5
2024-03-31,Google Ads,Campaign_26,Search,Ecommerce,Mobile,19241,1944,2780.42,823.0,2272.06
2024-04-28,Google Ads,Campaign_45,Search,Ecommerce,Tablet,7681,4686,4890.46,2630.0,300.6
2024-01-10,Google Ads,Campaign_8,Video,Finance,Mobile,12050,10284,4231.69,736.0,6558.4
2024-01-02,TikTok Ads,Campaign_26,Search,Healthcare,Mobile,6033,4619,2067.16,1727.0,7469.57
2024-07-10,TikTok Ads,Campaign_99,Shopping,Finance,Mobile,6238,1540,1775.56,27.0,3400.79
2024-04-06,Google Ads,Campaign_82,Search,Healthcare,Desktop,109,90,1420.87,87.0,5536.5
2025-03-02,TikTok Ads,Campaign_55,Search,EdTech,Tablet,12272,2927,3378.58,960.0,11289.44
2024-05-28,TikTok Ads,Campaign_9,Video,Finance,Tablet,16470,8584,1708.15,6657.0,1164.11
2024-10-03,Google Ads,Campaign_40,Shopping,Finance,Mobile,19852,17432,2768.03,16582.0,
2024-01-23,Meta Ads,Campaign_102,Video,Finance,Desktop,1293,711,3765.66,,9958.97
2024-09-14,TikTok Ads,Campaign_79,Shopping,Healthcare,Mobile,8357,7416,3658.21,2729.0,8457.37
2025-02-22,Google Ads,Campaign_81,Video,Finance,Tablet,2294,177,4857.87,142.0,11924.32
2025-01-12,TikTok Ads,Campaign_75,Search,EdTech,Tablet,17643,16110,1073.73,2416.0,3295.42
2024-04-25,TikTok Ads,Campaign_99,Search,Healthcare,Desktop,1708,1399,2246.75,,3647.77
2024-09-20,Meta Ads,Campaign_24,Search,Ecommerce,Mobile,6239,2031,4898.39,823.0,
2025-03-07,TikTok Ads,Campaign_18,Search,Healthcare,Desktop,2017,1101,613.76,69.0,2008.49
2024-12-01,Meta Ads,Campaign_26,Shopping,Finance,Mobile,16616,1187,2245.34,884.0,9668.58
2024-08-05,Meta Ads,Campaign_15,Shopping,Finance,Mobile,2082,801,2795.77,137.0,12355.85
2024-09-07,Meta Ads,Campaign_37,Shopping,Finance,Tablet,19132,7514,4533.85,6527.0,7030.57
2024-06-28,Meta Ads,Campaign_97,Search,Ecommerce,Tablet,5306,3796,4584.39,2870.0,19120.74
2024-03-02,Google Ads,Campaign_111,Video,Finance,Mobile,15821,7979,2799.26,235.0,3574.02
2024-02-24,TikTok Ads,Campaign_31,Shopping,Ecommerce,Desktop,9765,2432,4258.82,942.0,
2024-08-29,Meta Ads,Campaign_55,Video,Healthcare,Mobile,11476,886,4222.05,693.0,20044.02
2024-04-26,Meta Ads,Campaign_1,Search,Healthcare,Tablet,5004,3473,4714.46,1801.0,7950.57
2024-03-26,Meta Ads,Campaign_87,Search,Ecommerce,Mobile,7286,3702,2625.25,2954.0,
2024-09-19,TikTok Ads,Campaign_110,Shopping,Ecommerce,Desktop,9117,3640,4757.27,2464.0,12973.34
2024-05-11,TikTok Ads,Campaign_70,Shopping,Ecommerce,Desktop,7583,7502,4756.51,3386.0,
2024-03-01,Google Ads,Campaign_55,Shopping,EdTech,Desktop,2418,1463,461.4,229.0,1881.15
2024-06-03,Google Ads,Campaign_81,Shopping,Healthcare,Desktop,15579,9810,1149.99,5803.0,
2024-02-19,Google Ads,Campaign_20,Shopping,Healthcare,Tablet,8870,2261,3281.13,1107.0,13898.73
2024-08-13,TikTok Ads,Campaign_64,Search,Ecommerce,Mobile,675,132,1856.15,104.0,2143.51
2024-04-09,Meta Ads,Campaign_30,Shopping,Finance,Mobile,18213,470,1861.37,356.0,236.24
2024-08-27,Meta Ads,Campaign_25,Shopping,EdTech,Desktop,10181,2765,3619.7,2505.0,17371.5
2024-06-28,TikTok Ads,Campaign_26,Search,Healthcare,Desktop,18752,13979,2894.4,4508.0,
2024-11-03,Google Ads,Campaign_80,Shopping,EdTech,Desktop,9160,4407,328.1,,567.23
2024-04-25,Google Ads,Campaign_102,Search,Healthcare,Tablet,14681,5984,1355.56,3316.0,6094.76
2024-01-18,TikTok Ads,Campaign_73,Shopping,EdTech,Tablet,10869,3136,3139.17,68.0,13383.54
2024-10-30,Meta Ads,Campaign_20,Video,EdTech,Mobile,1184,187,384.43,186.0,90.22
2024-12-08,Google Ads,Campaign_99,Video,Finance,Tablet,13037,2640,3259.52,513.0,14179.93
2024-06-19,Google Ads,Campaign_82,Shopping,Finance,Desktop,16107,14503,4885.86,10245.0,1225.86
2024-07-05,TikTok Ads,Campaign_54,Video,Healthcare,Tablet,2049,1821,2676.32,742.0,7753.64
2025-01-22,Meta Ads,Campaign_36,Search,Healthcare,Tablet,12498,6494,3179.62,,12945.92
2024-12-22,Meta Ads,Campaign_46,Video,EdTech,Mobile,9656,8561,507.74,4527.0,190.84
2024-01-08,TikTok Ads,Campaign_37,Shopping,EdTech,Desktop,2842,2671,4079.54,1280.0,2152.51
2024-04-22,Google Ads,Campaign_4,Search,Finance,Desktop,2655,1305,392.39,943.0,1251.35
2025-01-29,Google Ads,Campaign_54,Search,Healthcare,Desktop,18158,4777,4789.88,3026.0,13824.17
2024-12-07,Meta Ads,Campaign_29,Shopping,EdTech,Desktop,19330,12753,1260.11,1023.0,4195.19
2024-12-31,TikTok Ads,Campaign_65,Search,Ecommerce,Desktop,1998,68,3685.51,30.0,
2024-07-06,Meta Ads,Campaign_22,Search,Finance,Desktop,19407,5577,1567.0,4648.0,364.86
2024-01-12,Google Ads,Campaign_93,Video,Ecommerce,Mobile,15276,5319,1586.01,580.0,1429.48
2024-03-17,Meta Ads,Campaign_90,Search,Ecommerce,Desktop,1485,1315,1409.28,1314.0,2009.64
2024-10-12,TikTok Ads,Campaign_95,Shopping,Healthcare,Mobile,3265,1606,2125.21,,
2024-02-06,TikTok Ads,Campaign_108,Video,Finance,Mobile,16745,14773,640.44,9198.0,1771.88
2024-07-29,TikTok Ads,Campaign_17,Search,Ecommerce,Mobile,3992,2609,174.23,507.0,52.13
2024-08-11,Meta Ads,Campaign_36,Search,Healthcare,Desktop,12741,248,3048.85,160.0,15236.64
2024-05-14,Google Ads,Campaign_1,Search,Ecommerce,Tablet,16969,4384,4249.7,,14710.64
2024-11-14,Google Ads,Campaign_17,Shopping,EdTech,Mobile,9841,6894,254.16,,1035.28
2025-01-17,Meta Ads,Campaign_87,Shopping,Finance,Desktop,7182,4224,43.39,4153.0,34.86
2024-10-15,Meta Ads,Campaign_89,Video,Finance,Tablet,19904,3449,184.76,2131.0,163.31
2024-10-26,Google Ads,Campaign_28,Search,Finance,Tablet,15067,1228,4017.76,514.0,3243.0
2024-06-28,Google Ads,Campaign_85,Search,EdTech,Mobile,3893,2817,749.6,1393.0,499.64
2024-08-06,TikTok Ads,Campaign_51,Video,Healthcare,Desktop,420,209,1006.23,51.0,1970.64
2024-11-02,Google Ads,Campaign_83,Shopping,EdTech,Mobile,14008,8720,1918.99,1410.0,4751.78
2025-01-24,Google Ads,Campaign_25,Shopping,Ecommerce,Desktop,440,245,4341.08,232.0,10800.37
2024-09-24,Google Ads,Campaign_30,Shopping,Healthcare,Desktop,18894,1393,780.66,1330.0,879.16
2024-08-04,TikTok Ads,Campaign_60,Search,Finance,Tablet,971,636,3176.12,240.0,10509.8
2024-09-08,Google Ads,Campaign_80,Shopping,Ecommerce,Mobile,17726,9854,4498.55,5441.0,8131.89
2025-03-15,Meta Ads,Campaign_72,Search,Ecommerce,Desktop,9199,8080,3050.06,193.0,9357.2
2024-07-31,TikTok Ads,Campaign_114,Search,Ecommerce,Mobile,14323,5419,2181.95,2602.0,7458.41
2024-04-24,Meta Ads,Campaign_88,Video,EdTech,Desktop,7680,6216,1741.75,788.0,8502.83
2024-10-04,TikTok Ads,Campaign_3,Shopping,Ecommerce,Tablet,7877,4406,2745.31,2638.0,3749.58
2024-01-21,Meta Ads,Campaign_45,Search,EdTech,Tablet,3672,232,1408.11,36.0,3464.89
2024-06-04,TikTok Ads,Campaign_108,Video,EdTech,Mobile,296,106,4698.74,40.0,21485.23
2024-10-18,Google Ads,Campaign_58,Shopping,Healthcare,Desktop,15089,4811,1133.3,2484.0,
2025-03-21,Meta Ads,Campaign_116,Shopping,EdTech,Mobile,11035,4577,3525.91,325.0,5637.86
2024-02-20,Google Ads,Campaign_32,Search,Healthcare,Mobile,15065,8394,3652.04,,17094.42
2024-02-16,Meta Ads,Campaign_105,Video,Ecommerce,Mobile,3318,2933,4543.93,2443.0,
2024-12-30,Google Ads,Campaign_4,Shopping,EdTech,Desktop,14297,6686,2626.07,2294.0,8571.71
2024-07-24,Meta Ads,Campaign_107,Shopping,Healthcare,Mobile,1671,1278,1730.12,723.0,8070.04
2024-11-21,Meta Ads,Campaign_35,Search,EdTech,Tablet,6197,4488,2548.51,243.0,
2025-01-27,Google Ads,Campaign_48,Search,Finance,Mobile,17798,12565,4849.0,10381.0,23881.61
2024-10-31,TikTok Ads,Campaign_113,Video,Ecommerce,Desktop,15683,15251,479.71,8788.0,1115.15
2024-07-17,TikTok Ads,Campaign_79,Shopping,Ecommerce,Desktop,13863,848,4274.57,716.0,19658.38
2024-11-11,Google Ads,Campaign_29,Video,Finance,Tablet,19500,12462,796.19,1568.0,1271.29
2024-11-11,Google Ads,Campaign_91,Search,EdTech,Desktop,19601,6430,4176.43,3355.0,186.22
2025-02-02,TikTok Ads,Campaign_112,Video,Finance,Mobile,5849,3317,4228.15,2522.0,17478.2
2024-07-14,Meta Ads,Campaign_68,Shopping,Finance,Mobile,14328,1,651.01,0.0,1816.26
2024-02-15,Meta Ads,Campaign_59,Search,Finance,Tablet,11355,1820,465.16,338.0,10.28
2024-12-10,Google Ads,Campaign_46,Video,Healthcare,Tablet,16566,7761,1328.09,3742.0,3975.55
2024-05-08,Google Ads,Campaign_50,Video,Finance,Mobile,1088,371,889.99,,733.28
2024-01-09,TikTok Ads,Campaign_40,Shopping,Finance,Desktop,16208,14825,1813.35,12808.0,6278.58
2025-02-15,Meta Ads,Campaign_92,Video,Finance,Tablet,4012,1498,92.26,672.0,285.38
2024-04-22,Meta Ads,Campaign_84,Search,EdTech,Desktop,1069,624,1098.83,527.0,3605.63
2024-10-05,TikTok Ads,Campaign_5,Shopping,Ecommerce,Tablet,14620,8852,2524.26,5929.0,4211.89
2024-10-07,Google Ads,Campaign_100,Search,Finance,Mobile,2794,2624,2334.83,1230.0,
2024-07-20,Meta Ads,Campaign_5,Search,Ecommerce,Tablet,1192,229,2030.16,193.0,7661.73
2024-08-15,Meta Ads,Campaign_17,Search,EdTech,Mobile,14209,3530,132.58,2459.0,529.77
2025-02-21,TikTok Ads,Campaign_68,Search,EdTech,Desktop,5471,4179,2573.09,533.0,8332.56
2024-07-13,Google Ads,Campaign_100,Search,Ecommerce,Mobile,7384,3156,886.21,2840.0,2421.05
2024-01-13,Google Ads,Campaign_12,Shopping,Healthcare,Tablet,7289,4665,3704.57,2859.0,11844.66
2024-03-20,Meta Ads,Campaign_81,Search,Finance,Mobile,6845,1023,4917.34,467.0,19650.04
2024-08-25,Meta Ads,Campaign_88,Shopping,Finance,Tablet,13651,9903,172.69,8354.0,21.93
2024-03-07,Google Ads,Campaign_47,Shopping,Finance,Mobile,19249,19092,2680.6,1654.0,255.15
2025-03-18,TikTok Ads,Campaign_95,Video,EdTech,Mobile,9648,9265,528.2,4697.0,813.41
2024-03-14,TikTok Ads,Campaign_119,Shopping,EdTech,Mobile,2425,391,530.74,29.0,2178.51
2024-01-04,Meta Ads,Campaign_78,Video,Healthcare,Tablet,19475,2252,930.72,,
2024-03-04,Google Ads,Campaign_64,Video,Ecommerce,Desktop,4629,4246,4052.31,3755.0,9771.0
2024-10-01,Meta Ads,Campaign_72,Video,Finance,Tablet,17127,9645,3879.54,2017.0,14119.83
2024-04-23,Meta Ads,Campaign_95,Search,Ecommerce,Desktop,8986,562,2976.03,83.0,3423.54
2024-02-01,Google Ads,Campaign_66,Video,Finance,Tablet,16447,10183,2751.76,1927.0,12467.89
2024-01-10,Google Ads,Campaign_103,Video,Finance,Desktop,16105,6024,432.88,,629.5
2025-01-26,Meta Ads,Campaign_89,Video,EdTech,Tablet,7006,3875,2788.26,2695.0,13695.77
2025-03-21,Google Ads,Campaign_82,Video,Healthcare,Desktop,17232,779,1270.54,339.0,
2024-05-31,Google Ads,Campaign_16,Video,EdTech,Mobile,14803,7541,3857.43,233.0,12544.23
2024-04-17,TikTok Ads,Campaign_63,Shopping,EdTech,Tablet,17280,6488,1840.51,3595.0,5066.7
2024-12-01,TikTok Ads,Campaign_2,Video,Finance,Tablet,9331,1045,3702.62,964.0,
2025-02-10,Meta Ads,Campaign_14,Video,Healthcare,Desktop,14744,9020,353.03,6404.0,491.88
2025-03-19,TikTok Ads,Campaign_75,Video,EdTech,Tablet,6259,3706,2200.36,371.0,9457.94
2024-02-23,Meta Ads,Campaign_63,Shopping,Ecommerce,Mobile,5010,2819,875.38,1419.0,975.59
2024-06-29,Meta Ads,Campaign_112,Search,Healthcare,Mobile,19023,1294,3797.25,129.0,
2024-10-18,Google Ads,Campaign_29,Shopping,Ecommerce,Desktop,3009,1980,137.31,1461.0,623.82
2025-01-06,Meta Ads,Campaign_102,Shopping,Finance,Tablet,6588,3929,1565.69,1494.0,518.22
2024-09-29,TikTok Ads,Campaign_94,Video,Finance,Desktop,8793,8410,4578.91,,8774.78
2024-11-21,TikTok Ads,Campaign_71,Search,Healthcare,Desktop,10065,1109,3869.61,179.0,6223.1
2025-02-24,TikTok Ads,Campaign_115,Search,Ecommerce,Tablet,11683,11668,4006.99,4587.0,11018.14
2024-04-03,Meta Ads,Campaign_23,Shopping,Ecommerce,Mobile,16087,1069,3554.37,180.0,7727.23
2024-02-02,Google Ads,Campaign_1,Shopping,Ecommerce,Mobile,2698,1955,1966.98,483.0,1758.89
2025-03-31,Meta Ads,Campaign_115,Search,Healthcare,Desktop,2636,2039,2925.16,812.0,7286.3
2024-12-17,Meta Ads,Campaign_15,Video,Ecommerce,Tablet,1442,806,1898.69,,
2024-06-20,Meta Ads,Campaign_106,Video,Healthcare,Desktop,10785,7970,39.75,6002.0,
2024-12-20,Google Ads,Campaign_84,Search,Finance,Desktop,12419,7620,3145.54,2957.0,9397.74
2024-08-03,TikTok Ads,Campaign_6,Video,Finance,Mobile,10626,7824,2905.08,5096.0,12998.24
2024-04-18,Google Ads,Campaign_115,Video,Healthcare,Mobile,17108,14231,4702.75,,23120.01
2024-10-17,Google Ads,Campaign_85,Search,Finance,Tablet,6540,6415,3153.71,49.0,1699.59
2024-09-27,Meta Ads,Campaign_73,Shopping,Healthcare,Desktop,6525,1709,552.44,1452.0,477.04
2024-06-12,Meta Ads,Campaign_101,Search,Ecommerce,Mobile,10816,6690,4203.48,1286.0,6145.37
2024-03-12,Google Ads,Campaign_23,Shopping,EdTech,Desktop,19537,16648,2925.12,1065.0,13027.78
2024-12-27,Google Ads,Campaign_38,Search,Finance,Mobile,8242,5242,285.22,4526.0,836.21
2024-03-25,Google Ads,Campaign_39,Search,Finance,Desktop,1778,490,4424.22,123.0,
2024-02-29,Meta Ads,Campaign_118,Video,Ecommerce,Mobile,7357,5940,405.17,962.0,1937.43
2024-12-29,Google Ads,Campaign_102,Shopping,Finance,Tablet,8210,1005,2155.2,601.0,8478.46
2024-01-20,Google Ads,Campaign_71,Search,Finance,Mobile,19854,2593,3789.65,1853.0,7166.66
2024-11-10,Meta Ads,Campaign_110,Search,Finance,Mobile,12471,3801,2322.25,16.0,874.28
2024-11-22,TikTok Ads,Campaign_18,Video,EdTech,Mobile,15264,9054,4363.87,3883.0,8174.9
2024-01-09,Meta Ads,Campaign_1,Search,Ecommerce,Mobile,16705,4203,3053.57,1828.0,1996.61
2024-11-05,TikTok Ads,Campaign_18,Shopping,Healthcare,Desktop,16567,11923,4142.43,5357.0,
2024-06-23,TikTok Ads,Campaign_54,Video,EdTech,Mobile,15635,13308,3897.96,,14795.14
2024-04-12,TikTok Ads,Campaign_115,Search,EdTech,Tablet,1663,1549,2180.38,385.0,6317.47
2024-04-02,Google Ads,Campaign_69,Search,Ecommerce,Desktop,6220,2994,3619.15,2168.0,1724.92
2024-02-20,Meta Ads,Campaign_80,Shopping,Finance,Desktop,18165,12182,1951.95,4558.0,5383.43
2024-08-24,Meta Ads,Campaign_61,Shopping,Ecommerce,Tablet,12970,12398,1233.65,3327.0,3003.6
2024-04-14,Google Ads,Campaign_74,Video,Healthcare,Mobile,6992,1817,2190.6,502.0,9710.2
2024-02-28,Meta Ads,Campaign_42,Video,Finance,Desktop,17541,17335,107.79,9963.0,352.19
2024-08-08,TikTok Ads,Campaign_43,Shopping,EdTech,Mobile,5987,5292,996.66,288.0,
2024-05-15,Meta Ads,Campaign_96,Search,Healthcare,Tablet,12372,12075,3342.41,864.0,6201.15
2024-07-05,Google Ads,Campaign_118,Search,Finance,Desktop,14136,4320,4865.34,3929.0,19824.92
2024-07-14,Google Ads,Campaign_101,Shopping,Finance,Mobile,17825,2880,1093.97,281.0,1292.8
2025-02-12,Google Ads,Campaign_17,Search,Healthcare,Desktop,18769,11249,4218.92,,9071.78
2025-02-21,TikTok Ads,Campaign_60,Shopping,Healthcare,Desktop,7888,5816,4593.48,4773.0,10294.03
2024-05-03,Google Ads,Campaign_42,Video,EdTech,Tablet,14494,13069,570.3,5872.0,814.53
2024-06-10,TikTok Ads,Campaign_86,Video,EdTech,Tablet,2870,511,2854.38,157.0,
2024-10-07,TikTok Ads,Campaign_104,Search,EdTech,Tablet,18143,6200,3668.28,3705.0,6460.14
2025-01-15,Meta Ads,Campaign_47,Shopping,Healthcare,Tablet,5597,5525,3114.9,5361.0,14032.17
2024-09-29,Meta Ads,Campaign_79,Video,Ecommerce,Tablet,2276,1175,177.81,1119.0,315.11
2024-12-31,Meta Ads,Campaign_38,Search,EdTech,Tablet,12961,10498,4984.68,5947.0,21466.95
2024-07-05,Meta Ads,Campaign_69,Video,Finance,Tablet,16780,6498,1186.36,1112.0,738.4
2024-10-03,TikTok Ads,Campaign_23,Video,EdTech,Mobile,3215,2315,2786.06,1493.0,8702.88
2024-04-27,Google Ads,Campaign_99,Shopping,Ecommerce,Tablet,8799,5753,2709.01,1296.0,11650.3
2024-04-18,Meta Ads,Campaign_87,Shopping,Ecommerce,Mobile,4695,3863,456.33,3358.0,1419.21
2024-10-14,TikTok Ads,Campaign_20,Search,Finance,Desktop,9561,3517,2912.15,3340.0,3754.64
2024-08-10,Meta Ads,Campaign_8,Video,EdTech,Desktop,12653,6845,1174.55,5133.0,4079.93
2024-04-20,TikTok Ads,Campaign_102,Video,Finance,Mobile,19313,14473,4689.64,12707.0,10565.87
2024-01-22,TikTok Ads,Campaign_6,Search,Healthcare,Mobile,5662,2789,2874.28,76.0,
2024-09-06,TikTok Ads,Campaign_23,Shopping,Healthcare,Tablet,8103,3524,1406.39,1977.0,65.36
2024-08-15,Meta Ads,Campaign_82,Video,Finance,Mobile,224,214,3585.31,141.0,6335.33
2024-10-04,TikTok Ads,Campaign_20,Search,Ecommerce,Desktop,4570,1437,4410.32,1067.0,15207.16
2025-02-12,Google Ads,Campaign_70,Shopping,Finance,Tablet,6696,3787,4558.08,1372.0,6796.84
2024-01-06,Meta Ads,Campaign_81,Video,EdTech,Tablet,1556,879,3359.25,232.0,7003.8
2024-03-25,TikTok Ads,Campaign_17,Video,Ecommerce,Mobile,2127,2095,4652.59,90.0,
2024-11-08,Google Ads,Campaign_45,Search,Ecommerce,Desktop,215,202,4814.97,88.0,23671.69
2024-03-20,Google Ads,Campaign_45,Video,EdTech,Mobile,5228,4442,4812.66,2859.0,
2024-01-23,Google Ads,Campaign_72,Video,EdTech,Tablet,16351,11551,432.42,1812.0,2005.85
2024-07-04,Google Ads,Campaign_31,Search,Healthcare,Mobile,13838,13044,2182.28,8482.0,558.54
2024-10-13,Google Ads,Campaign_111,Shopping,Finance,Desktop,5868,3815,948.1,461.0,2562.74
2024-10-01,TikTok Ads,Campaign_52,Video,EdTech,Desktop,333,230,1551.4,147.0,174.81
2024-12-17,Meta Ads,Campaign_92,Video,Finance,Mobile,12891,3732,1990.73,3027.0,
2024-08-04,TikTok Ads,Campaign_30,Search,Ecommerce,Desktop,12083,8469,4946.59,6113.0,15200.46
2024-07-24,Google Ads,Campaign_1,Search,Finance,Tablet,7078,1819,1238.16,401.0,5672.27
2024-02-01,Google Ads,Campaign_108,Search,EdTech,Desktop,7550,2448,4396.37,2023.0,10829.32
2024-12-20,TikTok Ads,Campaign_109,Video,Ecommerce,Tablet,8662,3623,3534.39,1987.0,866.79
2025-03-12,Google Ads,Campaign_80,Search,Ecommerce,Mobile,6094,4628,4482.63,316.0,10435.17
2024-08-15,Meta Ads,Campaign_20,Search,EdTech,Desktop,19863,10215,3744.84,2452.0,
2024-01-31,Meta Ads,Campaign_100,Shopping,EdTech,Tablet,3784,2262,2540.55,1708.0,1912.78
2024-11-14,TikTok Ads,Campaign_41,Shopping,Ecommerce,Desktop,19979,5420,2998.28,,9774.18
2024-04-30,Google Ads,Campaign_52,Shopping,Healthcare,Desktop,15414,12588,4761.17,2715.0,
2024-08-28,Meta Ads,Campaign_85,Shopping,Ecommerce,Tablet,16177,2170,1754.2,,
2024-10-10,Meta Ads,Campaign_62,Shopping,Ecommerce,Desktop,14534,1214,775.49,128.0,1647.36
2024-10-20,TikTok Ads,Campaign_12,Shopping,Healthcare,Mobile,13895,2440,510.62,1106.0,657.29
2024-02-13,TikTok Ads,Campaign_84,Video,Healthcare,Mobile,18581,98,2234.67,38.0,9821.63
2024-10-22,Google Ads,Campaign_50,Video,EdTech,Tablet,14516,11262,3002.57,5536.0,4738.39
2024-10-08,TikTok Ads,Campaign_55,Search,Ecommerce,Desktop,6164,4411,2496.93,,4299.24
2025-03-12,TikTok Ads,Campaign_44,Shopping,Healthcare,Desktop,10685,9285,1501.36,,
2024-02-13,TikTok Ads,Campaign_83,Shopping,EdTech,Tablet,4485,2981,3906.21,288.0,
2024-06-02,Meta Ads,Campaign_86,Video,Ecommerce,Tablet,3655,2602,643.66,,1435.37
2025-03-17,Google Ads,Campaign_12,Video,EdTech,Mobile,2545,1779,3873.23,1370.0,10325.93
2024-11-09,Google Ads,Campaign_45,Search,EdTech,Desktop,3389,1223,4346.03,279.0,8016.71
2024-06-27,Meta Ads,Campaign_43,Shopping,Ecommerce,Desktop,3011,2659,522.28,1164.0,981.63
2024-10-17,Meta Ads,Campaign_97,Search,Ecommerce,Mobile,4805,2557,4928.82,2235.0,12996.88
2024-12-21,Meta Ads,Campaign_102,Shopping,EdTech,Desktop,309,38,2180.46,37.0,1104.36
2024-01-13,TikTok Ads,Campaign_99,Video,Finance,Mobile,18357,12232,861.19,,
2025-02-11,Meta Ads,Campaign_115,Search,Finance,Desktop,15499,11581,2064.49,1399.0,5671.48
2024-08-10,Google Ads,Campaign_111,Video,EdTech,Mobile,2137,1927,1361.93,754.0,
2024-09-19,Meta Ads,Campaign_14,Search,Finance,Desktop,15680,678,4998.84,566.0,6629.87
2025-02-25,Meta Ads,Campaign_85,Shopping,Healthcare,Desktop,17821,14991,956.65,1942.0,
2025-01-29,TikTok Ads,Campaign_49,Search,Finance,Desktop,259,249,3946.5,44.0,653.86
2024-12-11,TikTok Ads,Campaign_84,Video,EdTech,Desktop,1970,117,4324.96,16.0,6532.43
2024-01-08,Google Ads,Campaign_63,Video,Healthcare,Desktop,17834,6191,1539.64,5161.0,122.75
2024-02-29,Google Ads,Campaign_100,Shopping,Ecommerce,Desktop,3464,970,3671.07,501.0,15101.95
2025-01-24,Meta Ads,Campaign_119,Search,Healthcare,Tablet,2903,404,1574.21,17.0,4350.19
2024-04-30,TikTok Ads,Campaign_65,Search,Ecommerce,Desktop,17019,11055,264.36,2737.0,
2024-06-04,Google Ads,Campaign_58,Search,Finance,Tablet,125,63,3343.15,63.0,916.54
2024-09-30,Meta Ads,Campaign_11,Video,Ecommerce,Tablet,12135,10587,49.8,6217.0,190.98
2024-06-10,TikTok Ads,Campaign_26,Video,Healthcare,Desktop,14595,7942,720.58,168.0,1118.46
2024-11-09,TikTok Ads,Campaign_79,Shopping,EdTech,Mobile,18112,15025,3030.26,707.0,11421.64
2024-10-06,Google Ads,Campaign_11,Video,Healthcare,Desktop,568,418,2038.13,272.0,10041.12
2024-10-24,Meta Ads,Campaign_26,Video,Ecommerce,Tablet,12575,9321,4585.74,4703.0,17681.96
2024-09-30,Meta Ads,Campaign_84,Video,Healthcare,Mobile,15275,5195,338.33,3242.0,211.9
2024-03-25,Meta Ads,Campaign_17,Shopping,Healthcare,Mobile,3757,2256,2997.79,1594.0,6181.5
2025-02-02,Meta Ads,Campaign_30,Video,Finance,Desktop,18623,3844,4473.28,835.0,9313.39
2024-05-13,TikTok Ads,Campaign_62,Search,Healthcare,Desktop,2746,1932,1787.84,1202.0,6368.4
2024-11-13,Meta Ads,Campaign_78,Shopping,Ecommerce,Tablet,764,453,449.02,16.0,1222.38
2024-04-04,TikTok Ads,Campaign_101,Search,Healthcare,Desktop,14216,6543,1896.3,6156.0,5532.82
2024-12-03,Meta Ads,Campaign_12,Video,Finance,Tablet,12770,11559,4803.14,6060.0,16165.32
2024-01-18,Google Ads,Campaign_9,Video,Finance,Tablet,6609,6104,4664.07,1932.0,6714.81
2024-12-09,Google Ads,Campaign_11,Shopping,Finance,Desktop,17432,10608,453.92,5690.0,
2024-01-08,TikTok Ads,Campaign_44,Video,EdTech,Mobile,5088,446,3636.32,215.0,2074.25
2024-08-13,Meta Ads,Campaign_84,Shopping,Ecommerce,Desktop,17476,593,225.7,512.0,
2024-04-09,Meta Ads,Campaign_118,Shopping,Healthcare,Desktop,997,331,2574.27,,8938.32
2024-02-24,Meta Ads,Campaign_85,Shopping,Finance,Desktop,18263,1158,4461.19,1125.0,7993.78
2024-10-24,Meta Ads,Campaign_69,Video,Ecommerce,Desktop,19323,12612,1948.72,10156.0,
2024-08-12,Meta Ads,Campaign_55,Video,EdTech,Mobile,14126,9135,272.24,4828.0,551.67
2025-02-01,TikTok Ads,Campaign_89,Shopping,Ecommerce,Mobile,12089,6553,1314.65,356.0,4058.01
2024-08-11,Meta Ads,Campaign_6,Search,Ecommerce,Mobile,11522,364,566.19,8.0,234.26
2024-02-23,Google Ads,Campaign_80,Search,Ecommerce,Mobile,16093,13003,1900.69,8772.0,123.54
2024-07-16,TikTok Ads,Campaign_3,Video,Ecommerce,Mobile,1710,1700,4007.17,1160.0,9066.93
2024-01-10,Google Ads,Campaign_76,Shopping,Ecommerce,Desktop,6252,3149,3339.64,1552.0,11498.59
2024-07-30,Meta Ads,Campaign_9,Video,Ecommerce,Desktop,9364,7685,2246.44,,10103.25
2024-11-10,Meta Ads,Campaign_32,Shopping,Healthcare,Desktop,1803,1234,408.42,,1854.62
2024-08-26,TikTok Ads,Campaign_22,Search,Healthcare,Desktop,3551,2088,914.48,2003.0,3307.42
2025-01-18,Google Ads,Campaign_62,Video,EdTech,Mobile,6461,4766,2831.57,46.0,7579.35
2025-03-31,TikTok Ads,Campaign_96,Search,EdTech,Tablet,18208,17139,1369.4,15759.0,2389.07
2024-09-09,Google Ads,Campaign_42,Video,Finance,Mobile,3026,2399,2828.62,1865.0,3333.74
2024-09-14,Google Ads,Campaign_42,Video,Ecommerce,Tablet,19172,9414,1771.01,83.0,1651.67
2025-01-11,Google Ads,Campaign_108,Video,Finance,Mobile,9976,6583,4483.64,1608.0,2273.62
2024-11-29,Meta Ads,Campaign_24,Shopping,Finance,Desktop,9752,9705,3107.09,3347.0,8823.68
2024-09-22,Meta Ads,Campaign_3,Video,Healthcare,Mobile,9992,4350,959.27,4044.0,3389.76
2024-03-18,TikTok Ads,Campaign_115,Shopping,Ecommerce,Tablet,15702,4314,1372.8,1608.0,5112.09
2024-03-15,Meta Ads,Campaign_118,Video,EdTech,Mobile,8238,5277,3948.39,4846.0,15312.73
2024-03-29,Meta Ads,Campaign_17,Search,EdTech,Desktop,10127,6666,178.61,6366.0,625.37
2024-09-24,Google Ads,Campaign_26,Video,Healthcare,Desktop,4364,907,4226.27,379.0,
2025-03-10,Google Ads,Campaign_98,Video,Ecommerce,Desktop,417,252,2157.81,32.0,5993.53
2024-04-25,Google Ads,Campaign_18,Video,Healthcare,Tablet,6250,2979,794.58,738.0,1025.76
2024-12-21,Meta Ads,Campaign_16,Search,Finance,Desktop,4985,2562,3784.01,1422.0,9722.64
2024-10-23,TikTok Ads,Campaign_93,Shopping,Ecommerce,Desktop,2265,723,4420.2,527.0,15378.21
2025-01-02,Meta Ads,Campaign_107,Shopping,Finance,Mobile,7185,1837,1037.85,,5137.95
2024-04-21,Google Ads,Campaign_99,Search,Ecommerce,Desktop,11050,3965,1288.94,2152.0,4555.71
2024-04-18,TikTok Ads,Campaign_119,Search,Finance,Tablet,7047,3144,3948.62,917.0,19372.95
2024-03-02,Meta Ads,Campaign_44,Video,Ecommerce,Desktop,10619,4552,4060.64,1539.0,17368.22
2024-05-27,TikTok Ads,Campaign_27,Shopping,Finance,Tablet,19305,11003,2186.22,6983.0,
2024-05-20,Meta Ads,Campaign_103,Video,Healthcare,Tablet,12551,6466,295.17,4106.0,183.5
2024-02-17,Google Ads,Campaign_13,Video,Ecommerce,Tablet,5897,3814,687.52,1879.0,2625.03
2024-11-16,Meta Ads,Campaign_30,Video,Finance,Mobile,5761,3966,447.57,1875.0,210.98
2024-02-29,Google Ads,Campaign_80,Search,EdTech,Tablet,15411,13138,2545.37,7258.0,9250.72
2024-10-15,Google Ads,Campaign_69,Shopping,EdTech,Tablet,3072,2773,2385.61,85.0,1835.23
2025-01-02,Meta Ads,Campaign_15,Search,Ecommerce,Mobile,18606,5720,3339.66,1082.0,16412.56
2025-01-09,TikTok Ads,Campaign_5,Video,Finance,Tablet,15018,4875,1385.78,707.0,6112.24
2025-03-10,Google Ads,Campaign_22,Video,Finance,Desktop,9352,7993,568.56,1894.0,1943.99
2025-02-14,TikTok Ads,Campaign_91,Search,EdTech,Tablet,14020,12228,1397.96,1473.0,3170.43
2024-01-20,TikTok Ads,Campaign_45,Video,Ecommerce,Mobile,9592,1061,1570.29,550.0,2579.61
2024-06-19,Meta Ads,Campaign_41,Search,Healthcare,Desktop,388,223,3595.82,93.0,
2024-07-24,Meta Ads,Campaign_45,Shopping,Healthcare,Tablet,16152,9411,2799.91,6413.0,2146.63
2024-07-17,TikTok Ads,Campaign_96,Shopping,Finance,Mobile,12039,6876,3806.05,4617.0,3445.32
2024-04-08,TikTok Ads,Campaign_69,Video,Ecommerce,Mobile,16472,7685,2726.96,2994.0,3211.93
2024-04-18,Google Ads,Campaign_90,Video,Finance,Mobile,14306,1833,1361.51,,5473.74
2024-06-09,Google Ads,Campaign_116,Video,Healthcare,Desktop,7146,2393,3631.11,1685.0,14888.55
2024-01-16,Meta Ads,Campaign_44,Shopping,Ecommerce,Desktop,1932,5,703.64,,1336.72
2024-07-25,Meta Ads,Campaign_52,Shopping,Ecommerce,Tablet,1806,726,1320.08,596.0,
2024-05-18,Meta Ads,Campaign_103,Shopping,Finance,Desktop,10193,713,1397.07,599.0,879.28
2024-01-21,Google Ads,Campaign_91,Shopping,Finance,Desktop,2195,818,951.35,669.0,1283.78
2024-09-16,TikTok Ads,Campaign_28,Search,Ecommerce,Desktop,15541,2013,3435.61,467.0,7561.75
2024-06-02,Meta Ads,Campaign_115,Search,Healthcare,Mobile,14702,4989,469.74,593.0,1799.71
2024-04-02,Google Ads,Campaign_5,Video,Finance,Tablet,4372,3480,2824.53,2032.0,9733.43
2024-11-09,Meta Ads,Campaign_27,Search,Finance,Mobile,5617,657,3866.69,494.0,6230.07
2024-02-11,Meta Ads,Campaign_11,Shopping,Healthcare,Desktop,14638,326,4508.84,122.0,1835.81
2024-06-27,Google Ads,Campaign_100,Shopping,EdTech,Desktop,2096,951,3415.93,359.0,13612.66
2024-04-11,Meta Ads,Campaign_56,Shopping,Healthcare,Mobile,1951,299,3986.17,47.0,9925.04
2024-08-13,Google Ads,Campaign_17,Video,EdTech,Mobile,13976,12891,2825.73,4650.0,449.39
2024-05-21,Meta Ads,Campaign_22,Search,EdTech,Desktop,8630,6774,4176.15,5316.0,220.04
2024-11-18,Meta Ads,Campaign_60,Video,EdTech,Desktop,17307,9557,1836.72,7859.0,8321.46
2024-11-21,Google Ads,Campaign_32,Search,Finance,Mobile,5725,5685,4487.8,3006.0,9081.17
2025-02-19,Meta Ads,Campaign_97,Video,EdTech,Mobile,17451,10409,2460.85,1239.0,3525.63
2024-08-05,TikTok Ads,Campaign_94,Search,Healthcare,Mobile,1876,1600,4100.72,,
2024-02-03,Meta Ads,Campaign_95,Shopping,EdTech,Tablet,7619,6362,2534.3,4256.0,6510.29
2024-03-30,Meta Ads,Campaign_114,Search,Healthcare,Mobile,6386,87,3198.29,86.0,
2024-04-25,Meta Ads,Campaign_67,Video,EdTech,Tablet,1,1,2124.53,1.0,6376.26
2024-12-09,TikTok Ads,Campaign_55,Search,Finance,Mobile,10959,10346,3310.24,6007.0,9359.7
2024-01-12,Google Ads,Campaign_77,Video,Finance,Desktop,16436,16293,4174.66,256.0,501.1
2024-09-30,Meta Ads,Campaign_19,Search,Healthcare,Tablet,6984,4145,1983.29,1665.0,2420.74
2024-07-10,TikTok Ads,Campaign_30,Video,Finance,Mobile,12899,1245,466.2,277.0,
2025-02-01,Meta Ads,Campaign_88,Search,EdTech,Desktop,15925,11752,3.3,6780.0,12.52
2024-12-06,Meta Ads,Campaign_100,Shopping,EdTech,Tablet,2881,702,2413.23,169.0,5178.17
2024-11-05,TikTok Ads,Campaign_97,Search,Healthcare,Desktop,14870,14404,1432.27,8204.0,5103.86
2024-09-27,Google Ads,Campaign_46,Search,Finance,Mobile,16336,1810,4143.48,1127.0,18819.74
2024-02-07,TikTok Ads,Campaign_9,Video,Healthcare,Desktop,9719,2621,1492.27,1566.0,5292.94
2025-02-09,Google Ads,Campaign_88,Shopping,Ecommerce,Desktop,133,78,4183.4,70.0,13166.75
2024-04-17,TikTok Ads,Campaign_69,Shopping,Finance,Tablet,8252,3779,2116.2,1344.0,5210.75
2024-11-09,TikTok Ads,Campaign_18,Video,Ecommerce,Mobile,18264,3006,2197.27,528.0,
2024-07-25,TikTok Ads,Campaign_5,Shopping,Healthcare,Mobile,11839,7716,4872.1,1538.0,14486.92
2024-03-21,Meta Ads,Campaign_75,Video,Ecommerce,Tablet,9241,2214,4763.81,684.0,7808.02
2024-08-03,TikTok Ads,Campaign_79,Search,Finance,Tablet,6341,558,3716.88,529.0,16523.38
2024-04-08,Google Ads,Campaign_48,Shopping,EdTech,Desktop,1756,752,1683.19,683.0,5781.44
2024-05-28,Google Ads,Campaign_114,Video,Healthcare,Tablet,12941,6863,4057.15,1635.0,12659.59
2025-02-09,TikTok Ads,Campaign_118,Search,Healthcare,Desktop,5916,1477,1208.43,224.0,5616.56
2024-10-11,TikTok Ads,Campaign_4,Shopping,Healthcare,Mobile,7510,271,1457.04,5.0,6679.93
2024-05-28,Meta Ads,Campaign_26,Search,Ecommerce,Mobile,10371,6097,4880.81,2680.0,13488.68
2024-02-20,TikTok Ads,Campaign_118,Shopping,EdTech,Mobile,13404,7796,3969.31,936.0,
2024-01-03,Meta Ads,Campaign_39,Shopping,Ecommerce,Desktop,653,420,1467.51,29.0,2312.41
2024-03-23,Meta Ads,Campaign_20,Search,Healthcare,Desktop,9382,7155,1559.15,2990.0,
2024-07-17,Meta Ads,Campaign_24,Search,Finance,Tablet,6474,761,3910.45,728.0,5176.82
2024-06-04,Meta Ads,Campaign_108,Search,Healthcare,Tablet,6391,954,4047.59,484.0,13067.97
2025-01-24,TikTok Ads,Campaign_86,Search,Healthcare,Tablet,17368,12388,3604.58,11005.0,903.44
2024-09-29,Google Ads,Campaign_2,Video,Healthcare,Desktop,13050,6351,32.82,985.0,118.79
2024-01-29,Google Ads,Campaign_116,Video,Ecommerce,Mobile,10806,2906,4398.52,2051.0,11880.41
2024-12-17,Google Ads,Campaign_52,Shopping,Healthcare,Mobile,18551,11921,1096.51,3145.0,
2024-08-27,TikTok Ads,Campaign_70,Video,Healthcare,Desktop,1362,458,4000.38,224.0,19607.44
2024-03-27,Google Ads,Campaign_62,Search,Healthcare,Desktop,7712,2161,96.38,1000.0,
2024-11-04,Meta Ads,Campaign_94,Video,Ecommerce,Desktop,14210,12371,3092.43,7786.0,1093.29
2024-12-22,Google Ads,Campaign_26,Shopping,Ecommerce,Tablet,8971,7267,1811.88,3154.0,4955.47
2024-06-24,Meta Ads,Campaign_48,Search,Finance,Tablet,16142,10016,4853.37,7163.0,14894.79
2024-07-09,Google Ads,Campaign_104,Video,EdTech,Mobile,5871,2691,1084.06,80.0,3312.03
2024-02-06,Google Ads,Campaign_77,Video,Healthcare,Mobile,15980,10609,4044.95,,3940.03
2024-07-18,Google Ads,Campaign_65,Search,Ecommerce,Tablet,6182,1335,2174.01,1133.0,10619.88
2024-03-10,Google Ads,Campaign_39,Shopping,Ecommerce,Mobile,15506,3413,915.07,1891.0,2040.1
2024-05-17,Meta Ads,Campaign_17,Search,EdTech,Desktop,8398,4888,3035.28,1899.0,
2024-02-15,Google Ads,Campaign_103,Search,Finance,Desktop,12763,125,3941.83,9.0,14204.98
2024-03-22,TikTok Ads,Campaign_110,Video,Healthcare,Mobile,5443,643,4956.91,360.0,1472.86
2024-03-23,TikTok Ads,Campaign_86,Search,Finance,Tablet,11840,2748,3543.58,520.0,761.43
2024-02-12,Google Ads,Campaign_58,Video,Healthcare,Mobile,12766,10631,3155.08,2492.0,12948.48
2024-06-02,Meta Ads,Campaign_82,Search,EdTech,Mobile,2872,1374,4409.69,1189.0,3575.99
2024-12-26,TikTok Ads,Campaign_87,Video,EdTech,Desktop,19449,8163,1742.68,3217.0,3841.47
2024-09-04,TikTok Ads,Campaign_58,Shopping,EdTech,Desktop,1462,1053,847.53,552.0,2034.76
2024-02-26,Google Ads,Campaign_47,Shopping,Healthcare,Desktop,725,130,1155.42,119.0,331.95
2025-02-24,Meta Ads,Campaign_4,Search,Finance,Desktop,18348,9387,2416.07,5101.0,2783.2
2024-10-13,TikTok Ads,Campaign_116,Video,Healthcare,Tablet,9484,6215,1651.09,4018.0,1240.12
2025-03-31,TikTok Ads,Campaign_21,Search,EdTech,Tablet,1887,468,3119.51,335.0,11612.6
2024-07-12,Meta Ads,Campaign_81,Video,Healthcare,Desktop,19029,4236,1652.04,3782.0,3568.17
2024-11-28,Meta Ads,Campaign_81,Search,Finance,Desktop,2262,363,3120.42,312.0,15382.03
2024-05-13,TikTok Ads,Campaign_36,Shopping,Ecommerce,Desktop,16617,1300,1121.38,418.0,3103.1
2025-02-17,Meta Ads,Campaign_111,Shopping,Ecommerce,Tablet,12313,529,4296.76,29.0,11334.3
2024-10-06,Meta Ads,Campaign_18,Video,Ecommerce,Desktop,14699,14589,2525.37,9662.0,7649.59
2024-11-04,TikTok Ads,Campaign_106,Shopping,Ecommerce,Desktop,18286,9955,320.26,4690.0,787.66
2024-12-25,Meta Ads,Campaign_33,Search,EdTech,Desktop,15730,12960,690.0,1715.0,1080.26
2024-11-29,Meta Ads,Campaign_113,Video,Finance,Tablet,11617,2561,2677.48,1088.0,4971.28
2024-03-24,TikTok Ads,Campaign_34,Search,Ecommerce,Desktop,10636,4152,900.98,3244.0,
2024-05-04,TikTok Ads,Campaign_94,Shopping,Finance,Tablet,8687,640,4200.85,162.0,2962.51
2024-02-26,Google Ads,Campaign_66,Search,EdTech,Mobile,15374,4251,291.78,1058.0,1437.28
2025-02-09,Meta Ads,Campaign_13,Search,Finance,Desktop,1360,1,46.8,0.0,220.55
2024-10-17,Meta Ads,Campaign_41,Search,Finance,Mobile,15071,3593,16.61,2829.0,
2024-01-06,TikTok Ads,Campaign_40,Video,Ecommerce,Mobile,11842,1821,4802.07,284.0,15696.22
2025-02-14,Meta Ads,Campaign_116,Shopping,Healthcare,Tablet,14808,12753,2218.16,6049.0,8306.46
2024-07-23,TikTok Ads,Campaign_22,Video,Healthcare,Tablet,8301,8125,1545.16,,4686.03
2024-02-08,Google Ads,Campaign_63,Search,EdTech,Mobile,8216,6320,4490.23,5398.0,18756.68
2024-08-31,Meta Ads,Campaign_38,Shopping,EdTech,Mobile,14010,158,3665.77,48.0,11179.05
2024-04-15,TikTok Ads,Campaign_17,Search,Ecommerce,Tablet,16214,14087,1957.27,4052.0,5255.91
2024-02-23,Meta Ads,Campaign_30,Shopping,Finance,Desktop,2354,113,3594.79,57.0,10390.33
2024-02-18,TikTok Ads,Campaign_52,Video,EdTech,Desktop,12643,6567,4406.4,,19682.48
2024-01-24,TikTok Ads,Campaign_88,Video,Finance,Tablet,19853,16646,1655.75,14264.0,767.24
2024-11-15,Google Ads,Campaign_45,Video,Ecommerce,Desktop,4497,389,1498.68,,2556.58
2024-10-16,Google Ads,Campaign_117,Video,Healthcare,Tablet,12849,10737,77.1,2714.0,383.0
2024-10-17,Google Ads,Campaign_42,Shopping,Healthcare,Desktop,988,691,3063.52,,5518.17
2024-06-04,Google Ads,Campaign_73,Shopping,EdTech,Mobile,4214,3148,3672.06,791.0,16114.44
2024-10-22,Meta Ads,Campaign_47,Search,Ecommerce,Tablet,3685,1926,2576.98,1068.0,11475.83
2024-03-11,TikTok Ads,Campaign_37,Shopping,Healthcare,Tablet,4719,4118,815.3,3827.0,
2024-11-06,Google Ads,Campaign_4,Video,Ecommerce,Mobile,5740,888,1545.82,,4403.13
2024-03-03,TikTok Ads,Campaign_76,Search,Healthcare,Tablet,16564,4767,2191.1,869.0,2839.23
2024-01-05,Google Ads,Campaign_84,Search,Finance,Tablet,11480,8721,2896.5,6559.0,10853.15
2024-03-02,Meta Ads,Campaign_7,Shopping,Finance,Desktop,5079,905,222.78,649.0,873.95
2025-02-27,TikTok Ads,Campaign_46,Video,Finance,Tablet,9723,4122,707.42,3651.0,2472.41
2024-05-01,Meta Ads,Campaign_108,Shopping,EdTech,Mobile,1371,10,446.1,2.0,1199.9
2024-09-01,Google Ads,Campaign_97,Shopping,EdTech,Tablet,18999,891,1078.72,760.0,3014.13
2024-12-12,Google Ads,Campaign_32,Shopping,Ecommerce,Mobile,11772,2101,2966.12,1242.0,
2024-03-24,TikTok Ads,Campaign_16,Shopping,EdTech,Desktop,1110,377,1451.27,78.0,4831.36
2024-06-26,TikTok Ads,Campaign_117,Search,EdTech,Mobile,10551,7920,1008.59,7641.0,1829.93
2024-10-08,Google Ads,Campaign_54,Shopping,EdTech,Tablet,2374,1931,687.12,1599.0,
2024-01-16,TikTok Ads,Campaign_14,Video,Healthcare,Mobile,3096,907,872.29,576.0,2000.65
2025-02-26,Google Ads,Campaign_81,Search,Ecommerce,Mobile,9780,5237,14.44,574.0,23.45
2024-06-11,TikTok Ads,Campaign_94,Shopping,Finance,Desktop,15270,6752,4656.35,3431.0,2636.06
2025-03-27,Google Ads,Campaign_93,Search,Finance,Tablet,12140,11088,2388.42,5883.0,7764.27
2024-06-08,TikTok Ads,Campaign_34,Shopping,Finance,Mobile,13025,9153,473.69,8197.0,474.07
2024-12-21,TikTok Ads,Campaign_32,Search,Finance,Mobile,11270,4970,4927.0,2927.0,1814.84
2024-08-09,Google Ads,Campaign_108,Shopping,Ecommerce,Desktop,9082,4129,2987.93,3360.0,8341.14
2025-03-27,Meta Ads,Campaign_74,Shopping,Ecommerce,Tablet,13298,9677,4552.22,5302.0,18831.02
2024-09-11,Google Ads,Campaign_85,Shopping,Ecommerce,Desktop,8094,7136,3618.19,,6637.21
2024-01-26,Meta Ads,Campaign_43,Search,Healthcare,Mobile,3409,257,4597.3,59.0,16108.05
2024-07-21,Google Ads,Campaign_2,Shopping,EdTech,Mobile,19759,6520,3116.26,3422.0,6217.53
2024-07-06,Meta Ads,Campaign_115,Search,EdTech,Tablet,680,514,241.71,7.0,597.13
2024-01-12,Google Ads,Campaign_108,Shopping,EdTech,Desktop,5214,5030,399.5,773.0,1372.82
2024-01-18,Google Ads,Campaign_46,Search,Ecommerce,Desktop,2260,1192,1413.63,898.0,3082.44
2024-09-24,Google Ads,Campaign_33,Search,Healthcare,Tablet,3173,1971,2638.09,1609.0,4637.07
2024-05-06,Google Ads,Campaign_108,Shopping,EdTech,Tablet,15441,9470,2537.03,7665.0,
2025-02-24,Meta Ads,Campaign_67,Search,Finance,Desktop,8828,873,335.91,20.0,1579.8
2024-09-24,TikTok Ads,Campaign_95,Shopping,Ecommerce,Mobile,11787,395,1958.28,202.0,4027.38
2024-03-16,Google Ads,Campaign_81,Search,Healthcare,Mobile,12963,2261,2065.98,221.0,
2024-07-13,Google Ads,Campaign_5,Search,EdTech,Tablet,4403,4212,918.16,2386.0,3653.16
2024-04-08,Google Ads,Campaign_52,Video,Ecommerce,Desktop,9522,8687,4727.67,1164.0,7452.45
2024-11-25,Google Ads,Campaign_26,Video,Healthcare,Tablet,13612,8324,3665.75,2306.0,4768.55
2024-02-29,Meta Ads,Campaign_59,Search,Finance,Tablet,4697,1439,4851.44,130.0,11216.82
2025-01-08,Google Ads,Campaign_101,Search,Ecommerce,Desktop,19016,2586,2880.09,,12167.96
2024-08-11,Meta Ads,Campaign_14,Shopping,Ecommerce,Desktop,13063,2026,1309.88,843.0,3904.82
2024-03-02,Meta Ads,Campaign_24,Search,Ecommerce,Desktop,3969,613,3687.61,371.0,
2024-09-11,Meta Ads,Campaign_115,Video,Finance,Mobile,13611,9778,1292.16,6763.0,4501.01
2024-09-11,TikTok Ads,Campaign_34,Shopping,Healthcare,Mobile,17226,3836,706.4,,88.85
2024-01-13,TikTok Ads,Campaign_24,Video,Ecommerce,Tablet,15381,5003,882.31,1694.0,
2024-07-09,TikTok Ads,Campaign_29,Search,Healthcare,Desktop,16964,1851,448.33,1813.0,636.21
2024-02-27,Google Ads,Campaign_45,Search,Healthcare,Desktop,5706,5160,4854.09,827.0,2986.86
2025-01-22,Meta Ads,Campaign_115,Shopping,Finance,Mobile,9738,7655,3664.99,4886.0,
2024-04-10,Meta Ads,Campaign_105,Video,Healthcare,Mobile,18422,6963,3217.71,6855.0,15262.73
2024-12-14,Meta Ads,Campaign_32,Shopping,Finance,Mobile,6718,5031,2507.48,1377.0,644.33
2024-06-02,TikTok Ads,Campaign_50,Search,Ecommerce,Desktop,202,139,733.69,102.0,3600.05
2024-07-15,TikTok Ads,Campaign_110,Search,Healthcare,Tablet,8457,6318,550.46,3030.0,291.49
2025-02-12,TikTok Ads,Campaign_30,Shopping,Finance,Desktop,11798,5205,2472.88,2915.0,109.35
2024-01-23,Meta Ads,Campaign_85,Video,Finance,Mobile,8417,2485,3377.23,2079.0,10225.08
2024-08-20,TikTok Ads,Campaign_50,Shopping,Healthcare,Mobile,2559,2036,1597.13,989.0,3562.15
2024-05-18,Meta Ads,Campaign_31,Shopping,Healthcare,Desktop,6594,282,4034.64,188.0,1244.77
2024-04-03,Meta Ads,Campaign_19,Search,Ecommerce,Tablet,10740,8999,4879.91,8464.0,4469.37
2024-08-23,Meta Ads,Campaign_45,Search,Ecommerce,Mobile,17079,1383,586.91,1256.0,1207.6
2024-02-07,TikTok Ads,Campaign_104,Video,Ecommerce,Tablet,12244,8578,1664.01,4325.0,3427.52
2024-02-18,Meta Ads,Campaign_71,Video,Finance,Tablet,9984,4132,323.6,3649.0,610.5
2025-03-11,TikTok Ads,Campaign_57,Video,Healthcare,Tablet,15170,6019,4335.79,4975.0,5688.84
2025-01-20,TikTok Ads,Campaign_55,Video,Finance,Mobile,7622,4288,2409.06,1145.0,3951.11
2024-11-22,TikTok Ads,Campaign_108,Shopping,Ecommerce,Desktop,19279,8715,944.64,7255.0,441.47
2025-01-15,Meta Ads,Campaign_49,Video,Healthcare,Mobile,18047,11385,772.83,755.0,2812.6
2024-05-23,TikTok Ads,Campaign_4,Search,Finance,Desktop,16391,1214,4652.61,1151.0,15970.74
2024-04-04,TikTok Ads,Campaign_63,Video,EdTech,Tablet,5388,3153,30.37,1705.0,75.2
2024-03-25,Meta Ads,Campaign_48,Shopping,Healthcare,Mobile,14086,7510,3236.01,2078.0,14119.33
2024-09-08,Google Ads,Campaign_15,Shopping,Finance,Tablet,11097,4582,4318.91,3961.0,9276.41
2024-07-22,TikTok Ads,Campaign_37,Video,Ecommerce,Mobile,12046,4996,3789.66,23.0,2342.97
2024-01-07,TikTok Ads,Campaign_4,Search,Ecommerce,Mobile,633,228,3151.58,162.0,14546.16
2024-11-27,Meta Ads,Campaign_100,Search,EdTech,Desktop,7059,6393,1388.32,5331.0,3312.52
2024-09-19,Google Ads,Campaign_4,Video,Ecommerce,Tablet,11889,11285,2643.49,1160.0,3335.36
2024-12-20,Google Ads,Campaign_29,Video,Healthcare,Tablet,18405,6407,2177.63,4649.0,
2024-03-29,Meta Ads,Campaign_84,Shopping,Healthcare,Mobile,1578,580,4170.19,99.0,19120.3
2024-12-28,Meta Ads,Campaign_27,Video,EdTech,Desktop,19573,5795,3357.73,3874.0,15260.51
2024-10-10,Google Ads,Campaign_98,Shopping,Finance,Desktop,15225,14060,2831.19,13459.0,7915.42
2024-12-17,Google Ads,Campaign_105,Video,EdTech,Tablet,10245,7217,3304.26,2864.0,1617.33
2024-12-02,Google Ads,Campaign_37,Shopping,Healthcare,Tablet,321,162,3985.81,79.0,4474.36
2024-12-03,Meta Ads,Campaign_82,Search,Healthcare,Desktop,6930,916,3671.61,550.0,7839.51
2024-05-04,Google Ads,Campaign_15,Search,Ecommerce,Tablet,4448,1723,3908.0,1468.0,7216.58
2024-08-13,Meta Ads,Campaign_88,Shopping,Ecommerce,Mobile,19433,12234,970.54,2713.0,1875.02
2024-05-06,Google Ads,Campaign_87,Shopping,Finance,Tablet,4330,1759,1308.38,340.0,4847.91
2024-11-19,TikTok Ads,Campaign_28,Shopping,Healthcare,Desktop,6387,224,3531.36,17.0,
2024-05-03,Meta Ads,Campaign_83,Search,EdTech,Desktop,16084,14307,611.11,12891.0,261.04
2024-06-26,TikTok Ads,Campaign_6,Shopping,Finance,Mobile,18841,6072,985.72,4078.0,1389.28
2024-06-25,Google Ads,Campaign_40,Video,Finance,Mobile,10636,8875,2732.44,6350.0,549.91
2024-09-26,Google Ads,Campaign_48,Search,Ecommerce,Mobile,9739,2045,1980.72,1898.0,3823.11
2024-11-23,Google Ads,Campaign_24,Video,Healthcare,Tablet,6901,298,1211.48,213.0,14.98
2024-11-23,Meta Ads,Campaign_55,Video,Ecommerce,Desktop,4709,417,3926.64,311.0,6659.1
2025-01-16,Google Ads,Campaign_98,Video,EdTech,Mobile,8755,7905,3639.95,3809.0,2430.73
2025-02-23,TikTok Ads,Campaign_52,Search,Healthcare,Desktop,16471,12824,1357.46,,384.39
2024-11-20,Google Ads,Campaign_91,Video,Healthcare,Mobile,1279,653,3010.51,531.0,3785.36
2024-11-11,TikTok Ads,Campaign_71,Search,Ecommerce,Tablet,6454,3975,4304.29,,14429.09
2024-07-11,Meta Ads,Campaign_85,Search,Finance,Desktop,7181,6620,1501.38,5527.0,3487.61
2024-11-27,TikTok Ads,Campaign_109,Shopping,Ecommerce,Tablet,8704,7573,2516.94,7529.0,2117.21
2024-12-24,Meta Ads,Campaign_95,Search,EdTech,Mobile,666,97,3435.23,60.0,16600.23
2025-02-18,Meta Ads,Campaign_74,Search,Healthcare,Desktop,5689,1181,3432.11,234.0,2799.84
2024-09-15,Meta Ads,Campaign_9,Shopping,EdTech,Mobile,15259,11547,3185.12,,
2024-01-16,Meta Ads,Campaign_84,Search,EdTech,Mobile,13141,12920,4129.83,,8650.17
2024-02-20,Google Ads,Campaign_100,Search,EdTech,Desktop,7501,6454,4746.21,6331.0,7133.39
2024-05-30,Google Ads,Campaign_53,Shopping,Healthcare,Mobile,19414,12404,1162.1,10713.0,3644.29
2024-02-05,Google Ads,Campaign_103,Video,Finance,Tablet,9367,8267,759.18,735.0,3096.67
2024-03-24,Meta Ads,Campaign_85,Search,Finance,Mobile,3817,413,2658.13,227.0,10407.91
2024-12-30,Google Ads,Campaign_58,Search,EdTech,Tablet,19008,1562,4042.96,1111.0,3920.64
2024-07-14,TikTok Ads,Campaign_83,Shopping,EdTech,Tablet,16469,3687,3087.28,119.0,10326.98
2024-08-31,Meta Ads,Campaign_109,Search,Healthcare,Tablet,52,9,4673.76,7.0,13662.17
2024-06-22,TikTok Ads,Campaign_91,Shopping,Ecommerce,Mobile,6127,4497,595.25,3627.0,2805.44
2024-01-14,Google Ads,Campaign_115,Video,EdTech,Tablet,10552,1221,2877.5,1094.0,7761.76
2025-03-07,Meta Ads,Campaign_22,Shopping,EdTech,Tablet,17614,3503,3371.55,2030.0,
2024-04-18,Google Ads,Campaign_72,Search,Finance,Mobile,700,291,3319.69,258.0,
2024-07-16,TikTok Ads,Campaign_7,Video,Healthcare,Mobile,6470,5386,4554.09,3347.0,23.39
2024-08-25,TikTok Ads,Campaign_86,Search,EdTech,Desktop,2149,2066,1173.03,1445.0,5277.6
2024-06-24,TikTok Ads,Campaign_112,Search,Ecommerce,Mobile,3601,1908,4209.38,582.0,4001.13
2024-06-17,TikTok Ads,Campaign_1,Video,Healthcare,Tablet,13114,3148,3116.11,,4184.35
2025-03-28,TikTok Ads,Campaign_118,Video,Healthcare,Mobile,4748,3045,1311.54,402.0,6108.45
2024-05-04,Google Ads,Campaign_40,Video,Healthcare,Desktop,2156,1065,3173.07,622.0,
2024-02-21,Google Ads,Campaign_64,Video,Finance,Desktop,15255,10533,3421.05,3437.0,2917.91
2024-02-25,Google Ads,Campaign_30,Search,Finance,Tablet,8976,8487,3308.82,345.0,13307.89
2024-06-26,TikTok Ads,Campaign_37,Search,Finance,Tablet,18925,10803,258.19,6883.0,1066.74
2024-10-01,Meta Ads,Campaign_45,Search,Healthcare,Mobile,19430,5345,4094.65,5127.0,20182.28
2024-02-26,Meta Ads,Campaign_73,Video,Ecommerce,Mobile,2274,1082,1545.93,,718.97
2024-01-26,Google Ads,Campaign_69,Search,Finance,Tablet,10808,4198,3820.63,1135.0,6754.31
2024-05-25,TikTok Ads,Campaign_91,Shopping,Finance,Mobile,13481,8156,865.27,7038.0,476.57
2024-10-10,Meta Ads,Campaign_46,Search,EdTech,Tablet,1048,405,2097.54,251.0,52.11
2025-01-30,TikTok Ads,Campaign_27,Video,Healthcare,Desktop,5456,3534,1342.45,96.0,4185.49
2024-01-10,Google Ads,Campaign_9,Search,Ecommerce,Desktop,16788,617,3883.3,16.0,
2024-09-19,Meta Ads,Campaign_1,Shopping,Healthcare,Desktop,10525,1740,4729.96,327.0,8395.81
2024-01-24,TikTok Ads,Campaign_115,Video,Finance,Desktop,19409,9307,3677.57,4284.0,
2024-02-01,Meta Ads,Campaign_26,Video,Ecommerce,Desktop,14032,9429,2531.72,7800.0,5268.57
2024-05-20,Google Ads,Campaign_17,Shopping,EdTech,Desktop,15535,901,20.19,244.0,78.11
2024-01-10,Google Ads,Campaign_109,Shopping,Finance,Tablet,9806,5343,1712.58,4823.0,8041.49
2024-02-17,Google Ads,Campaign_57,Shopping,Healthcare,Mobile,16132,12159,4412.83,8175.0,5913.42
2025-03-04,TikTok Ads,Campaign_105,Search,EdTech,Mobile,7979,3674,3989.61,1400.0,19653.06
2025-02-06,TikTok Ads,Campaign_59,Shopping,Healthcare,Mobile,8056,6427,4050.14,4871.0,1181.3
2025-03-30,Google Ads,Campaign_88,Shopping,EdTech,Tablet,8439,2978,440.76,1497.0,1211.53
2024-05-23,TikTok Ads,Campaign_94,Search,Ecommerce,Desktop,15438,2760,1612.12,204.0,2918.73
2024-02-13,Meta Ads,Campaign_91,Video,Ecommerce,Mobile,6585,6425,3042.5,3242.0,7286.91
2024-02-13,Google Ads,Campaign_66,Search,EdTech,Tablet,12592,10330,4556.07,,
2024-06-12,TikTok Ads,Campaign_18,Video,Ecommerce,Desktop,11511,515,791.31,96.0,0.03
2024-05-05,Meta Ads,Campaign_35,Shopping,Ecommerce,Mobile,7147,6464,1154.28,5015.0,1788.5
2025-02-10,TikTok Ads,Campaign_7,Video,Finance,Tablet,2187,1778,2627.38,48.0,
2024-02-22,Meta Ads,Campaign_31,Search,Finance,Mobile,12441,6010,4061.8,4520.0,17477.99
2025-03-28,Google Ads,Campaign_94,Video,Finance,Desktop,2823,1431,4028.98,67.0,12352.76
2024-05-14,Meta Ads,Campaign_99,Shopping,EdTech,Tablet,13920,1023,1095.53,623.0,4440.21
2024-01-19,TikTok Ads,Campaign_4,Video,Finance,Tablet,6622,6053,1183.45,5511.0,5216.96
2024-09-24,Google Ads,Campaign_35,Video,Ecommerce,Mobile,2743,1642,1484.69,1524.0,6146.89
2024-07-30,Google Ads,Campaign_9,Video,EdTech,Mobile,13641,3998,234.69,1229.0,611.31
2024-08-19,Meta Ads,Campaign_48,Shopping,Finance,Desktop,12461,6108,2321.7,4850.0,272.58
2024-07-03,Meta Ads,Campaign_15,Video,Healthcare,Tablet,2047,1622,3232.18,288.0,12440.1
2024-07-26,Meta Ads,Campaign_67,Video,Finance,Mobile,13894,8766,59.01,,227.66
2024-06-27,Meta Ads,Campaign_86,Search,Healthcare,Desktop,19025,12285,4735.41,11236.0,14599.07
2025-03-30,TikTok Ads,Campaign_97,Video,Finance,Tablet,16964,13376,1179.01,1562.0,3739.26
2024-11-09,TikTok Ads,Campaign_103,Shopping,Healthcare,Mobile,18050,16192,2231.5,5885.0,
2025-03-21,TikTok Ads,Campaign_18,Search,Healthcare,Desktop,14798,9213,1846.53,6068.0,718.19
2025-01-21,TikTok Ads,Campaign_111,Video,Ecommerce,Desktop,29,18,418.83,11.0,1203.47
2025-01-28,Google Ads,Campaign_79,Search,Healthcare,Tablet,19762,338,1266.83,36.0,908.35
2024-09-03,Meta Ads,Campaign_11,Shopping,Healthcare,Desktop,7092,1545,1427.6,176.0,3646.69
2025-03-18,Google Ads,Campaign_67,Shopping,Healthcare,Desktop,14310,3129,3084.9,2900.0,
2024-10-07,TikTok Ads,Campaign_4,Shopping,Finance,Desktop,1538,1081,2014.63,398.0,2137.57
2024-12-14,Meta Ads,Campaign_27,Search,Finance,Mobile,13306,6612,3135.18,1699.0,5265.33
2024-02-08,Google Ads,Campaign_27,Video,Healthcare,Desktop,18457,6656,1821.05,6634.0,1696.26
2024-11-27,Google Ads,Campaign_54,Video,Finance,Tablet,15077,14275,384.22,1346.0,1447.29
2024-08-24,TikTok Ads,Campaign_81,Shopping,EdTech,Tablet,4339,3730,391.85,1298.0,1671.04
2024-03-20,Meta Ads,Campaign_81,Video,Healthcare,Tablet,12297,6051,3952.09,5054.0,4600.35
2024-10-01,Meta Ads,Campaign_111,Shopping,Ecommerce,Tablet,16152,10948,2242.66,9605.0,4220.42
2024-01-23,Google Ads,Campaign_77,Video,Ecommerce,Desktop,10635,5132,2329.83,341.0,
2025-03-30,Meta Ads,Campaign_87,Video,Healthcare,Mobile,2242,710,209.96,137.0,
2025-02-16,Google Ads,Campaign_17,Search,Finance,Desktop,12726,6466,588.45,5836.0,
2024-02-18,Google Ads,Campaign_2,Video,Ecommerce,Tablet,19725,4772,2577.7,2929.0,3848.76
2024-07-09,TikTok Ads,Campaign_100,Shopping,Finance,Mobile,69,64,789.33,45.0,1256.97
2024-04-29,TikTok Ads,Campaign_98,Video,Ecommerce,Mobile,4816,924,66.82,495.0,135.54
2024-06-27,Google Ads,Campaign_105,Shopping,EdTech,Desktop,4144,3293,3361.31,793.0,13531.5
2024-10-07,Meta Ads,Campaign_26,Video,Healthcare,Mobile,3262,1931,4844.43,206.0,4259.85
2024-05-10,Google Ads,Campaign_86,Shopping,Ecommerce,Mobile,1595,873,3584.81,753.0,
2024-06-02,TikTok Ads,Campaign_19,Shopping,EdTech,Tablet,12993,11581,3606.51,1068.0,4126.74
2024-12-25,Google Ads,Campaign_25,Search,Finance,Mobile,13227,10707,1058.32,7017.0,4960.01
2024-08-22,TikTok Ads,Campaign_50,Shopping,Healthcare,Mobile,1321,1166,2088.76,1135.0,5690.35
2024-09-10,TikTok Ads,Campaign_27,Shopping,Healthcare,Mobile,709,297,4093.55,142.0,8370.01
2024-12-19,Meta Ads,Campaign_115,Video,Ecommerce,Desktop,19698,13927,3381.85,8643.0,
2024-04-25,Google Ads,Campaign_105,Shopping,EdTech,Mobile,13851,4143,3492.7,2561.0,6564.39
2024-06-02,Meta Ads,Campaign_97,Video,Healthcare,Mobile,15402,8647,3301.25,4094.0,8682.11
2024-10-22,TikTok Ads,Campaign_2,Video,Ecommerce,Tablet,9244,9064,701.95,6803.0,1947.84
2024-06-30,Meta Ads,Campaign_115,Search,Ecommerce,Mobile,10526,9766,4183.42,,2974.82
2025-01-29,Meta Ads,Campaign_111,Search,Finance,Tablet,15963,8655,3574.93,601.0,9885.1
2024-05-13,Meta Ads,Campaign_56,Shopping,Healthcare,Tablet,13230,7829,2004.74,29.0,2994.14
2024-08-20,TikTok Ads,Campaign_43,Search,Finance,Tablet,7992,79,4433.26,15.0,13707.79
2024-09-28,Google Ads,Campaign_3,Search,EdTech,Mobile,28,24,2367.17,21.0,5655.61
2025-02-10,Google Ads,Campaign_44,Search,EdTech,Desktop,18325,11345,2776.9,10847.0,12248.25
2024-06-24,Meta Ads,Campaign_102,Shopping,Finance,Desktop,2344,329,1012.05,14.0,1362.47
2025-03-08,TikTok Ads,Campaign_32,Video,EdTech,Desktop,14642,3889,2154.47,3419.0,6211.42
2024-10-19,Google Ads,Campaign_63,Search,Healthcare,Desktop,2273,2191,3827.75,1475.0,1437.59
2024-05-22,TikTok Ads,Campaign_51,Video,Healthcare,Desktop,4351,862,4216.24,161.0,18904.07
2024-11-06,TikTok Ads,Campaign_47,Shopping,Ecommerce,Desktop,16954,15539,153.26,11776.0,735.82
2024-05-14,Meta Ads,Campaign_93,Shopping,Healthcare,Mobile,7062,2663,4829.98,276.0,15734.17
2025-03-02,TikTok Ads,Campaign_4,Shopping,Finance,Mobile,5140,4931,2332.63,142.0,11001.49
2024-11-22,Meta Ads,Campaign_66,Shopping,Healthcare,Desktop,9778,4767,765.38,528.0,2834.07
2024-02-23,Meta Ads,Campaign_87,Video,EdTech,Desktop,13381,496,2024.4,326.0,6867.04
2024-05-20,Google Ads,Campaign_94,Video,Ecommerce,Desktop,11976,4204,4049.74,26.0,13339.4
2024-09-19,Google Ads,Campaign_57,Shopping,Ecommerce,Tablet,13414,8521,2511.7,,7850.59
2024-05-01,Google Ads,Campaign_2,Video,Healthcare,Desktop,10718,7504,1313.98,1870.0,659.85
2025-02-23,TikTok Ads,Campaign_5,Shopping,Healthcare,Tablet,7630,3781,725.3,918.0,3333.64
2024-07-20,TikTok Ads,Campaign_46,Shopping,EdTech,Tablet,11647,3482,1408.01,1834.0,6803.11
2025-03-29,Meta Ads,Campaign_93,Search,EdTech,Desktop,7831,3402,2238.5,2434.0,306.64
2025-02-23,TikTok Ads,Campaign_5,Shopping,Finance,Desktop,18980,16217,2145.23,3528.0,2086.84
2024-08-01,Google Ads,Campaign_79,Search,EdTech,Desktop,8428,2826,769.18,1667.0,2986.69
2024-04-22,Google Ads,Campaign_71,Shopping,Finance,Mobile,3467,3415,4884.35,209.0,16770.32
2024-02-29,TikTok Ads,Campaign_107,Shopping,Finance,Tablet,10895,3856,3811.93,1765.0,6386.82
2025-03-28,TikTok Ads,Campaign_115,Video,Finance,Desktop,19609,12936,559.0,4561.0,5.78
2024-01-11,Meta Ads,Campaign_109,Shopping,Finance,Mobile,10133,8900,3533.98,8345.0,14614.21
2024-02-01,TikTok Ads,Campaign_78,Shopping,Healthcare,Desktop,14532,6304,1537.97,498.0,457.57
2024-12-27,Meta Ads,Campaign_39,Search,Ecommerce,Desktop,13416,12178,864.57,725.0,1440.86
2025-01-07,Meta Ads,Campaign_66,Video,Healthcare,Tablet,3812,132,2182.83,104.0,6474.59
2024-12-19,Google Ads,Campaign_100,Search,Ecommerce,Tablet,10574,5525,4686.44,367.0,7445.28
2024-04-10,Google Ads,Campaign_97,Search,EdTech,Desktop,17785,12715,1211.69,328.0,845.41
2025-02-06,TikTok Ads,Campaign_99,Shopping,Healthcare,Desktop,2589,1087,4722.86,79.0,732.59
2024-11-03,Google Ads,Campaign_68,Search,EdTech,Tablet,31,28,4851.31,15.0,16597.54
2024-08-17,TikTok Ads,Campaign_48,Search,Healthcare,Mobile,2939,1917,3870.53,111.0,13917.63
2024-04-21,Meta Ads,Campaign_86,Video,Healthcare,Desktop,10623,4424,4740.88,3615.0,5986.66
2024-08-10,Meta Ads,Campaign_2,Shopping,Healthcare,Tablet,1683,888,4658.18,719.0,1704.82
2024-07-03,Google Ads,Campaign_81,Shopping,Ecommerce,Mobile,8762,3658,945.71,3204.0,
2024-12-08,TikTok Ads,Campaign_97,Video,Ecommerce,Tablet,10225,7604,538.72,5801.0,2509.97
2024-10-04,TikTok Ads,Campaign_75,Shopping,Healthcare,Desktop,9822,7499,2235.59,3246.0,9474.67
2025-03-30,TikTok Ads,Campaign_88,Shopping,Finance,Tablet,8568,2636,3359.13,821.0,13588.41
2025-03-13,Meta Ads,Campaign_35,Search,Finance,Mobile,3753,258,327.04,209.0,1417.84
2024-04-07,Meta Ads,Campaign_32,Search,EdTech,Tablet,12301,47,371.78,43.0,423.88
2024-10-17,Google Ads,Campaign_66,Search,Healthcare,Desktop,9911,6926,170.61,6774.0,786.0
2024-09-26,Meta Ads,Campaign_10,Shopping,Healthcare,Desktop,18658,15296,791.69,4270.0,
2024-06-15,Meta Ads,Campaign_90,Shopping,Healthcare,Tablet,4982,1919,3448.81,1635.0,4813.69
2024-09-01,TikTok Ads,Campaign_91,Video,EdTech,Desktop,19980,13689,4537.57,5954.0,18670.38
2024-09-26,Google Ads,Campaign_91,Shopping,Healthcare,Mobile,488,252,351.78,248.0,504.43
2024-07-07,TikTok Ads,Campaign_24,Search,Finance,Desktop,8961,7410,4584.85,7120.0,10274.65
2024-08-30,TikTok Ads,Campaign_101,Search,Finance,Tablet,2948,2284,1373.38,1693.0,5740.38
2024-09-21,TikTok Ads,Campaign_39,Search,Ecommerce,Mobile,1388,1341,230.34,414.0,140.9
2024-11-15,TikTok Ads,Campaign_16,Video,Finance,Mobile,13591,2095,3837.84,204.0,8177.92
2025-03-22,Meta Ads,Campaign_44,Shopping,Finance,Mobile,11428,3683,3889.58,,2757.26
2024-08-27,TikTok Ads,Campaign_26,Search,Ecommerce,Tablet,10680,1791,1838.93,1358.0,7697.64
2025-01-31,TikTok Ads,Campaign_2,Video,EdTech,Mobile,711,525,3533.03,153.0,
2024-05-17,Google Ads,Campaign_73,Shopping,Finance,Mobile,3665,1558,4035.3,116.0,8563.69
2024-03-23,Google Ads,Campaign_103,Video,EdTech,Mobile,216,112,58.09,23.0,268.03
2024-11-18,Meta Ads,Campaign_34,Search,Ecommerce,Desktop,6825,5261,3950.31,2368.0,4148.5
2025-03-23,TikTok Ads,Campaign_84,Video,Healthcare,Desktop,10165,1824,2251.07,918.0,7525.35
2024-05-31,Google Ads,Campaign_8,Search,EdTech,Mobile,3967,3467,2241.05,931.0,4030.99
2024-05-14,Google Ads,Campaign_62,Video,Finance,Desktop,2038,156,4877.83,60.0,23901.05
2024-01-18,Meta Ads,Campaign_108,Shopping,Healthcare,Tablet,16137,3870,3430.97,2073.0,14360.35
2024-01-26,Meta Ads,Campaign_26,Video,Healthcare,Desktop,16600,11234,2908.81,6167.0,2636.07
2024-01-30,Google Ads,Campaign_117,Search,Finance,Mobile,9656,8614,1780.86,5760.0,2081.21
2024-07-05,TikTok Ads,Campaign_62,Video,Ecommerce,Desktop,16401,14497,4459.32,13771.0,18991.1
2025-03-15,Meta Ads,Campaign_40,Shopping,Healthcare,Mobile,8582,6282,1735.1,5532.0,1178.13
2024-12-01,Google Ads,Campaign_94,Shopping,Healthcare,Mobile,17598,2481,3758.82,2058.0,11394.97
2024-08-09,TikTok Ads,Campaign_107,Shopping,Finance,Mobile,13298,4675,3434.39,969.0,12104.9
2024-02-07,Meta Ads,Campaign_59,Search,Ecommerce,Desktop,8527,163,4424.36,125.0,16046.38
2024-08-19,Google Ads,Campaign_89,Shopping,Finance,Desktop,16811,1147,2885.74,24.0,
2024-10-03,Meta Ads,Campaign_46,Search,EdTech,Desktop,17366,9445,1198.97,8208.0,4725.32
2025-03-29,TikTok Ads,Campaign_63,Video,Ecommerce,Tablet,6076,2271,128.38,940.0,321.09
2024-02-24,TikTok Ads,Campaign_76,Video,Ecommerce,Tablet,18740,4171,2340.6,4055.0,
2024-08-28,TikTok Ads,Campaign_11,Search,Healthcare,Desktop,3568,2202,433.92,1219.0,258.96
2024-03-11,TikTok Ads,Campaign_45,Video,Finance,Tablet,12406,9799,3361.85,149.0,6286.19
2024-03-09,Google Ads,Campaign_12,Video,EdTech,Desktop,18585,10624,4295.07,8924.0,6159.86
2024-03-08,Google Ads,Campaign_22,Video,Ecommerce,Desktop,10734,4936,2631.14,254.0,6734.27
2024-10-17,TikTok Ads,Campaign_59,Search,Ecommerce,Mobile,9282,4852,50.21,266.0,79.99
2024-06-21,TikTok Ads,Campaign_114,Shopping,Ecommerce,Mobile,12034,7191,3227.77,1398.0,13668.06
2024-09-16,Google Ads,Campaign_119,Shopping,Healthcare,Tablet,13509,7975,2655.36,1021.0,1380.06
2024-02-07,Google Ads,Campaign_86,Shopping,EdTech,Desktop,12545,8726,3372.69,6251.0,4561.78
2025-02-01,TikTok Ads,Campaign_20,Shopping,Finance,Tablet,4415,3242,1272.01,2118.0,2014.01
2024-11-17,TikTok Ads,Campaign_75,Video,Finance,Mobile,10697,8429,4432.38,8029.0,9561.68
2024-07-06,Google Ads,Campaign_109,Search,Ecommerce,Tablet,4760,1558,1361.47,943.0,
2024-05-26,Meta Ads,Campaign_1,Shopping,Healthcare,Desktop,3398,2444,1844.44,789.0,3274.58
2025-02-21,Google Ads,Campaign_89,Search,EdTech,Mobile,6847,4676,1149.03,4267.0,2834.72
2024-11-16,TikTok Ads,Campaign_45,Shopping,Ecommerce,Desktop,14488,5973,3698.79,2796.0,12163.63
2024-05-13,TikTok Ads,Campaign_101,Video,Ecommerce,Mobile,12279,6193,25.13,,
2024-09-19,TikTok Ads,Campaign_54,Video,EdTech,Desktop,7981,1568,4085.0,1120.0,2895.18
2025-01-20,Meta Ads,Campaign_92,Shopping,Healthcare,Mobile,5586,430,4057.03,1.0,392.79
2024-12-09,TikTok Ads,Campaign_15,Video,Healthcare,Mobile,3345,407,4717.14,164.0,13264.35
2024-10-31,TikTok Ads,Campaign_82,Search,Healthcare,Tablet,19657,12608,2862.97,,12444.52
2024-01-28,Google Ads,Campaign_2,Video,EdTech,Mobile,6918,878,4307.78,37.0,
2025-01-19,TikTok Ads,Campaign_71,Search,Ecommerce,Desktop,16600,6007,498.11,4703.0,2057.82
2024-12-18,Meta Ads,Campaign_13,Shopping,Ecommerce,Desktop,2798,687,2848.09,642.0,7739.02
2024-08-22,TikTok Ads,Campaign_82,Video,Finance,Mobile,8668,4090,3126.93,2713.0,13959.21
2025-03-20,Meta Ads,Campaign_22,Video,EdTech,Mobile,6020,3781,2401.43,3233.0,4044.96
2024-09-18,Google Ads,Campaign_6,Video,Healthcare,Tablet,4075,2138,427.17,62.0,70.02
2024-04-11,Google Ads,Campaign_41,Search,Ecommerce,Desktop,14593,14154,4908.4,,22441.68
2024-03-09,Google Ads,Campaign_109,Search,Finance,Tablet,13328,3078,1009.97,3002.0,4190.41
2025-01-06,TikTok Ads,Campaign_60,Shopping,Healthcare,Desktop,7313,3231,4053.21,1262.0,
2025-02-27,Google Ads,Campaign_47,Search,Finance,Desktop,18586,3207,3469.18,2503.0,5052.47
2024-05-16,Meta Ads,Campaign_94,Search,Healthcare,Mobile,14263,11380,3742.31,7347.0,7505.14
2025-03-07,Google Ads,Campaign_119,Search,Ecommerce,Mobile,137,8,3068.95,7.0,7579.26
2024-01-22,Meta Ads,Campaign_55,Search,Healthcare,Desktop,15982,3462,1666.01,3126.0,5712.15
2024-12-01,Meta Ads,Campaign_31,Shopping,Healthcare,Desktop,4612,4122,4564.32,2595.0,17759.48
2025-01-31,Google Ads,Campaign_69,Video,Ecommerce,Mobile,17511,602,43.93,,4.72
2025-01-03,Google Ads,Campaign_69,Shopping,EdTech,Tablet,11928,6333,509.39,4107.0,2078.19
2024-12-17,TikTok Ads,Campaign_20,Search,EdTech,Tablet,246,62,824.61,21.0,2022.39
2025-02-18,TikTok Ads,Campaign_68,Search,Healthcare,Mobile,6845,6466,3022.45,4689.0,
2024-04-12,TikTok Ads,Campaign_54,Shopping,EdTech,Tablet,732,35,1374.86,8.0,2877.94
2024-09-18,TikTok Ads,Campaign_92,Video,Finance,Mobile,3298,727,4187.34,499.0,17858.84
2024-05-13,TikTok Ads,Campaign_79,Video,Healthcare,Mobile,5667,5303,3935.73,2227.0,7055.85
2024-04-07,Meta Ads,Campaign_114,Shopping,Ecommerce,Desktop,14743,12876,75.16,8456.0,207.88
2024-10-31,Google Ads,Campaign_91,Video,Healthcare,Tablet,1218,269,110.0,265.0,81.8
2024-10-11,TikTok Ads,Campaign_103,Video,Finance,Desktop,19502,14907,871.79,2840.0,146.38
2024-05-27,Google Ads,Campaign_70,Video,Healthcare,Tablet,14178,3572,1808.0,2714.0,2295.45
2025-03-18,TikTok Ads,Campaign_44,Search,Ecommerce,Desktop,3173,29,4790.71,14.0,2350.63
2024-10-24,Meta Ads,Campaign_85,Video,Finance,Desktop,17510,14011,2897.56,11471.0,3998.67
2024-08-29,Meta Ads,Campaign_37,Video,Healthcare,Desktop,14568,754,3359.26,266.0,16612.52
2024-09-26,Meta Ads,Campaign_54,Search,Healthcare,Desktop,8369,811,1491.7,542.0,
2024-02-12,TikTok Ads,Campaign_88,Search,EdTech,Desktop,7039,2648,4812.28,598.0,
2024-05-16,TikTok Ads,Campaign_27,Search,Finance,Desktop,12673,4430,2541.2,4174.0,761.04
2025-03-23,TikTok Ads,Campaign_42,Search,Finance,Desktop,9580,199,3476.74,172.0,3760.14
2024-04-09,Meta Ads,Campaign_105,Video,Ecommerce,Mobile,13266,7575,3569.85,3009.0,
2024-02-21,Google Ads,Campaign_96,Shopping,Ecommerce,Desktop,11526,6838,1144.36,2446.0,765.84
2024-03-10,Google Ads,Campaign_30,Video,Finance,Mobile,15921,297,4304.83,194.0,1895.66
2024-03-28,Meta Ads,Campaign_38,Shopping,Ecommerce,Tablet,19668,16466,2081.66,14278.0,
2024-10-01,TikTok Ads,Campaign_86,Video,Ecommerce,Mobile,2288,1324,3584.29,1016.0,4211.75
2024-07-24,TikTok Ads,Campaign_47,Search,EdTech,Mobile,8097,5477,1411.33,1547.0,
2024-06-13,TikTok Ads,Campaign_82,Search,Ecommerce,Desktop,14840,3037,2062.89,1756.0,31.23
2024-01-24,Google Ads,Campaign_90,Video,Healthcare,Mobile,19075,15443,2109.08,,
2024-10-10,TikTok Ads,Campaign_3,Shopping,Ecommerce,Mobile,7561,1936,797.5,1531.0,112.87
2024-01-07,TikTok Ads,Campaign_32,Shopping,Finance,Tablet,3511,2612,1380.51,1119.0,5856.61
2024-07-09,TikTok Ads,Campaign_106,Shopping,Healthcare,Tablet,19439,14709,3957.18,,
2024-02-07,Google Ads,Campaign_42,Video,EdTech,Mobile,9733,5880,1671.67,4147.0,2706.68
2024-06-15,Google Ads,Campaign_90,Search,Ecommerce,Desktop,3836,738,1481.55,2.0,
2025-02-10,Google Ads,Campaign_105,Search,EdTech,Mobile,6425,974,1076.7,388.0,2394.59
2024-07-02,Meta Ads,Campaign_111,Search,EdTech,Mobile,19053,3578,4820.14,1853.0,11910.68
2024-01-01,TikTok Ads,Campaign_50,Shopping,EdTech,Tablet,13530,9088,2067.27,7737.0,5654.06
2024-10-24,Google Ads,Campaign_71,Search,Finance,Mobile,7445,6199,2098.94,2436.0,2456.6
2024-08-12,TikTok Ads,Campaign_102,Video,Finance,Tablet,2959,993,3086.25,327.0,
2024-05-18,TikTok Ads,Campaign_114,Video,EdTech,Mobile,5993,808,1497.72,,5253.1
2024-09-13,Google Ads,Campaign_20,Video,Ecommerce,Mobile,1733,113,2860.57,112.0,
2024-02-08,Google Ads,Campaign_102,Shopping,Healthcare,Mobile,4747,4551,958.03,4487.0,
2024-05-18,Meta Ads,Campaign_32,Search,Ecommerce,Tablet,3181,775,3964.27,442.0,
2024-02-17,Meta Ads,Campaign_21,Video,EdTech,Desktop,15179,9962,1836.43,3832.0,3255.12
2024-01-31,Meta Ads,Campaign_11,Shopping,EdTech,Desktop,1552,240,542.77,33.0,365.53
2025-03-27,TikTok Ads,Campaign_86,Search,Ecommerce,Mobile,16519,4614,4014.64,3359.0,20029.39
2024-07-10,Meta Ads,Campaign_50,Shopping,Healthcare,Mobile,16711,10580,2826.28,638.0,11568.77
2025-03-10,Google Ads,Campaign_104,Search,EdTech,Desktop,13221,2571,4978.63,1627.0,6377.95
2025-01-13,TikTok Ads,Campaign_34,Shopping,Ecommerce,Tablet,6988,6052,4326.27,,1465.49
2024-08-14,TikTok Ads,Campaign_79,Search,Healthcare,Mobile,6055,1867,873.87,1635.0,
2025-03-04,TikTok Ads,Campaign_89,Search,Healthcare,Desktop,16650,8420,2235.0,1392.0,5531.61
2024-11-28,Meta Ads,Campaign_39,Shopping,Ecommerce,Tablet,18305,13127,4914.34,2624.0,2839.75
2024-10-15,Google Ads,Campaign_6,Search,Ecommerce,Desktop,3742,1738,2634.74,87.0,5911.99
2024-04-09,Meta Ads,Campaign_71,Shopping,Healthcare,Desktop,12905,4317,4015.39,690.0,12036.88
2024-07-20,Meta Ads,Campaign_61,Search,EdTech,Tablet,5217,4147,4109.66,3972.0,3804.36
2025-02-21,Google Ads,Campaign_40,Shopping,Finance,Tablet,6531,654,301.83,1.0,88.07
2024-01-13,Meta Ads,Campaign_86,Shopping,Finance,Tablet,4995,3409,2289.18,1890.0,10965.75
2024-07-31,Meta Ads,Campaign_96,Video,Finance,Desktop,16236,7747,211.08,3724.0,667.68
2024-01-12,Google Ads,Campaign_105,Video,Healthcare,Desktop,9576,8863,2343.73,2170.0,3897.1
2024-06-14,Google Ads,Campaign_62,Video,Finance,Desktop,17215,8278,2882.02,,12770.26
2024-03-19,Meta Ads,Campaign_60,Shopping,Ecommerce,Mobile,12319,3382,3260.35,344.0,13168.96
2025-03-26,Google Ads,Campaign_41,Video,EdTech,Tablet,13374,10827,1563.72,2329.0,
2025-01-01,TikTok Ads,Campaign_49,Shopping,Ecommerce,Mobile,5024,4580,2538.58,1896.0,5177.31
2024-11-02,Google Ads,Campaign_17,Video,EdTech,Mobile,1405,1245,1735.74,1165.0,702.78
2024-08-27,Meta Ads,Campaign_62,Search,Ecommerce,Tablet,19982,13671,1910.63,,
2024-10-06,TikTok Ads,Campaign_109,Search,Ecommerce,Tablet,6154,2464,3659.11,576.0,2256.86
2025-02-13,Google Ads,Campaign_41,Shopping,Finance,Mobile,9770,851,3031.54,103.0,12394.76
2024-11-24,TikTok Ads,Campaign_19,Shopping,Ecommerce,Desktop,7698,4983,1315.98,1360.0,5879.87
2025-01-06,Google Ads,Campaign_92,Shopping,Ecommerce,Tablet,11340,6785,4258.09,657.0,18413.82
2024-07-30,TikTok Ads,Campaign_37,Shopping,Finance,Tablet,14973,9174,3673.76,8163.0,2377.5
2024-04-13,TikTok Ads,Campaign_16,Search,Finance,Mobile,14903,6718,3539.68,4103.0,
2025-02-14,Meta Ads,Campaign_115,Search,Healthcare,Mobile,3765,2259,1136.08,,1370.01
2024-07-16,TikTok Ads,Campaign_80,Shopping,Healthcare,Desktop,17457,10561,141.21,1522.0,243.08
2024-03-05,Google Ads,Campaign_14,Shopping,Ecommerce,Mobile,3263,1997,2848.29,1957.0,3407.4
2025-01-22,Meta Ads,Campaign_108,Shopping,EdTech,Desktop,18403,12083,528.21,6422.0,2103.46
2024-10-11,Meta Ads,Campaign_7,Search,Healthcare,Tablet,7625,508,1070.49,492.0,1781.9
2025-01-27,Google Ads,Campaign_15,Search,Finance,Mobile,9806,7356,372.07,6420.0,918.44
2024-05-01,TikTok Ads,Campaign_8,Shopping,Finance,Tablet,7980,728,2389.53,632.0,731.68
2024-09-17,TikTok Ads,Campaign_40,Shopping,EdTech,Mobile,14258,54,3941.15,11.0,10294.34
2024-06-27,Google Ads,Campaign_74,Video,Finance,Mobile,17282,11516,714.46,3998.0,2616.97
2024-01-19,Meta Ads,Campaign_49,Shopping,Finance,Mobile,13755,5794,1243.74,1286.0,5248.67
2024-06-14,TikTok Ads,Campaign_15,Video,Ecommerce,Tablet,6831,2361,225.07,1818.0,112.84
2024-08-06,Meta Ads,Campaign_90,Video,EdTech,Mobile,13333,12935,3824.9,8483.0,7485.09
2024-02-02,Meta Ads,Campaign_41,Search,Healthcare,Mobile,18154,13882,2783.22,5696.0,2981.9
2024-12-30,Meta Ads,Campaign_118,Search,EdTech,Tablet,6442,112,2422.8,72.0,11490.96
2024-12-18,Meta Ads,Campaign_106,Shopping,EdTech,Mobile,19028,15451,1140.07,9951.0,3998.13
2024-06-10,Google Ads,Campaign_16,Video,Healthcare,Mobile,3988,2624,1129.0,1617.0,3132.43
2024-03-11,Meta Ads,Campaign_91,Shopping,EdTech,Tablet,4888,1219,1194.81,1183.0,2365.69
2024-08-30,TikTok Ads,Campaign_5,Shopping,Finance,Mobile,12943,12595,3124.0,,
2024-11-04,Meta Ads,Campaign_64,Video,EdTech,Desktop,1204,34,2350.62,33.0,1126.67
2025-03-23,Meta Ads,Campaign_9,Video,Healthcare,Tablet,3594,239,2976.49,51.0,10723.86
2024-12-18,Google Ads,Campaign_77,Shopping,Finance,Mobile,5633,4983,1437.34,1482.0,3838.33
2024-03-04,Google Ads,Campaign_97,Shopping,EdTech,Mobile,4640,904,3917.51,565.0,711.82
2025-02-11,Google Ads,Campaign_119,Shopping,Finance,Tablet,19755,7736,868.0,6186.0,4266.91
2024-08-14,TikTok Ads,Campaign_98,Search,EdTech,Mobile,3806,1730,4008.85,472.0,5457.71
2024-11-11,Google Ads,Campaign_55,Shopping,EdTech,Mobile,9020,7800,801.75,,3379.14
2024-06-13,Meta Ads,Campaign_21,Video,EdTech,Tablet,8072,7040,353.4,4482.0,1733.91
2025-01-10,Meta Ads,Campaign_67,Video,Healthcare,Desktop,6879,1443,1559.08,177.0,4057.96
2024-04-15,Meta Ads,Campaign_37,Video,Healthcare,Tablet,13959,10353,3433.58,2687.0,12992.19
2024-10-05,Google Ads,Campaign_83,Shopping,Healthcare,Tablet,8365,579,4423.39,501.0,5353.49
2024-01-30,Meta Ads,Campaign_96,Video,Ecommerce,Mobile,3122,768,4839.48,76.0,8857.13
2024-09-17,Google Ads,Campaign_58,Video,Finance,Tablet,11664,5472,3141.68,1739.0,13893.34
2024-05-09,Google Ads,Campaign_74,Search,Ecommerce,Tablet,14425,6633,3447.08,5778.0,10739.33
2025-01-11,Google Ads,Campaign_107,Search,Finance,Tablet,16097,5112,4016.42,1955.0,10881.16
2024-07-23,TikTok Ads,Campaign_25,Shopping,Finance,Mobile,7450,4606,2714.16,2020.0,11164.49
2024-01-19,Meta Ads,Campaign_55,Video,Finance,Mobile,3863,3445,252.16,3052.0,306.3
2024-03-05,Meta Ads,Campaign_89,Video,Finance,Desktop,7521,7037,229.03,6586.0,497.23
2024-04-24,TikTok Ads,Campaign_106,Video,Healthcare,Tablet,1959,1715,1319.73,791.0,3062.96
2024-03-03,TikTok Ads,Campaign_41,Search,Ecommerce,Tablet,14899,3456,4425.02,,476.77
2024-11-18,Google Ads,Campaign_71,Shopping,Ecommerce,Mobile,9905,8521,4065.14,3542.0,6627.54
2024-09-22,Google Ads,Campaign_109,Video,Healthcare,Tablet,7934,4003,4489.78,3264.0,18610.29
2024-12-30,TikTok Ads,Campaign_108,Search,Healthcare,Desktop,6908,4776,682.14,541.0,2360.64
2024-07-30,Google Ads,Campaign_96,Search,Healthcare,Tablet,9882,2549,1105.44,1958.0,4691.86
2024-02-14,Meta Ads,Campaign_48,Shopping,Finance,Mobile,4233,75,3030.69,57.0,14742.23
2025-03-13,TikTok Ads,Campaign_43,Shopping,Healthcare,Desktop,18091,4251,703.36,3778.0,
2024-05-08,Meta Ads,Campaign_81,Video,Healthcare,Mobile,8718,4458,279.44,2417.0,897.35
2024-12-24,Google Ads,Campaign_19,Shopping,EdTech,Desktop,19619,8004,830.84,6015.0,137.6
2024-09-25,TikTok Ads,Campaign_82,Video,Healthcare,Tablet,15136,3364,269.54,874.0,
2024-10-31,TikTok Ads,Campaign_96,Search,EdTech,Desktop,12374,12097,2636.51,3495.0,12562.27
2024-12-03,TikTok Ads,Campaign_116,Search,Healthcare,Desktop,9014,1794,340.78,135.0,1544.24
2024-05-31,Google Ads,Campaign_61,Search,Ecommerce,Mobile,11723,8890,267.96,8378.0,1267.98
2024-08-01,Meta Ads,Campaign_93,Video,Healthcare,Tablet,3269,1571,1216.91,1128.0,4923.07
2024-05-10,Google Ads,Campaign_3,Video,Healthcare,Desktop,15281,8360,2873.8,2199.0,6176.02
2024-07-17,TikTok Ads,Campaign_82,Video,EdTech,Desktop,11977,7499,916.72,5167.0,1212.89
2024-11-25,Meta Ads,Campaign_69,Shopping,EdTech,Desktop,17591,2615,865.78,,
2024-10-23,TikTok Ads,Campaign_109,Shopping,Ecommerce,Mobile,19541,12241,4619.42,8147.0,7200.04
2024-02-26,Google Ads,Campaign_119,Search,Finance,Desktop,19389,7655,1197.5,729.0,651.99
2024-10-16,Google Ads,Campaign_6,Search,Finance,Tablet,8414,5817,439.36,952.0,353.96
2024-04-22,Meta Ads,Campaign_101,Shopping,Finance,Mobile,10452,8778,3566.71,2984.0,3675.58
2024-11-10,Google Ads,Campaign_79,Shopping,Healthcare,Mobile,17787,16394,4703.49,1997.0,3631.77
2024-07-26,Meta Ads,Campaign_105,Video,Ecommerce,Tablet,11584,1116,4026.08,,4684.49
2024-06-14,Meta Ads,Campaign_61,Video,Ecommerce,Tablet,2867,447,2832.96,293.0,13365.83
2024-11-16,TikTok Ads,Campaign_16,Video,Finance,Tablet,2232,2174,1047.48,1673.0,438.55
2024-06-13,Google Ads,Campaign_13,Video,Finance,Desktop,8082,201,4702.71,,
2024-06-16,TikTok Ads,Campaign_70,Search,Finance,Desktop,1889,1828,3902.39,,
2024-04-18,Meta Ads,Campaign_18,Shopping,Healthcare,Mobile,17445,12770,1476.79,6624.0,
2025-01-08,Google Ads,Campaign_61,Search,Ecommerce,Tablet,4535,4314,503.37,3979.0,778.66
2025-01-14,TikTok Ads,Campaign_33,Shopping,Healthcare,Tablet,12247,2562,3415.63,1901.0,2080.7
2024-04-11,Meta Ads,Campaign_2,Shopping,Ecommerce,Tablet,1532,184,294.51,153.0,857.14
2024-06-15,TikTok Ads,Campaign_23,Shopping,Finance,Desktop,14695,883,151.25,831.0,419.54
2024-04-15,Meta Ads,Campaign_111,Video,Healthcare,Desktop,4487,86,2912.41,10.0,1067.08
2024-03-11,Google Ads,Campaign_100,Video,EdTech,Mobile,13158,1614,4997.28,1134.0,17956.52
2024-07-09,Meta Ads,Campaign_45,Video,Healthcare,Tablet,12283,1552,866.68,96.0,265.41
2025-03-28,Google Ads,Campaign_74,Video,EdTech,Desktop,10385,6897,1959.37,5248.0,6092.63
2024-01-10,TikTok Ads,Campaign_43,Search,Ecommerce,Desktop,9611,9043,3034.49,8651.0,9696.55
2024-11-19,Meta Ads,Campaign_98,Shopping,Ecommerce,Mobile,8577,3493,1267.28,37.0,4185.19
2024-07-26,Google Ads,Campaign_105,Search,EdTech,Desktop,15950,7670,1587.32,103.0,4467.25
2024-12-29,Meta Ads,Campaign_87,Video,Finance,Tablet,16358,99,1903.21,,8312.86
2025-01-23,TikTok Ads,Campaign_30,Search,Ecommerce,Tablet,13601,5889,553.79,990.0,424.72
2025-03-12,Google Ads,Campaign_117,Video,Finance,Mobile,9918,3187,335.44,1488.0,840.2
2024-12-05,Meta Ads,Campaign_12,Search,Finance,Mobile,3927,3403,1823.26,3008.0,3540.33
2025-01-23,TikTok Ads,Campaign_35,Search,Healthcare,Desktop,6762,6600,4989.75,1874.0,
2024-07-03,TikTok Ads,Campaign_60,Shopping,Finance,Mobile,8425,4677,1041.74,4215.0,297.15
2024-06-24,TikTok Ads,Campaign_110,Search,Healthcare,Mobile,18971,7966,1576.53,7700.0,4001.72
2025-03-29,TikTok Ads,Campaign_113,Search,Ecommerce,Tablet,3089,2131,2874.14,704.0,9655.32
2024-10-12,Meta Ads,Campaign_50,Video,EdTech,Desktop,8963,2873,4367.17,2105.0,10760.43
2024-09-10,TikTok Ads,Campaign_47,Shopping,EdTech,Desktop,3837,80,361.41,53.0,973.12
2024-05-29,Google Ads,Campaign_56,Video,Healthcare,Tablet,17398,1018,1844.48,902.0,433.77
2025-02-21,Google Ads,Campaign_96,Search,Ecommerce,Mobile,4495,1515,419.3,1151.0,180.39
2025-03-10,Meta Ads,Campaign_52,Shopping,Ecommerce,Desktop,5227,2112,3524.68,1952.0,3024.22
2024-08-30,TikTok Ads,Campaign_94,Search,EdTech,Tablet,3720,2806,3949.74,287.0,16236.53
2025-02-27,Google Ads,Campaign_110,Search,Finance,Tablet,3107,537,3925.04,457.0,14189.67
2024-04-08,Google Ads,Campaign_60,Shopping,Ecommerce,Tablet,11219,6552,688.21,5136.0,2722.83
2024-07-29,Google Ads,Campaign_61,Shopping,Finance,Mobile,6069,1843,1473.5,532.0,
2024-09-10,TikTok Ads,Campaign_115,Search,EdTech,Tablet,9549,4482,1052.19,3648.0,1638.2
2025-03-13,Google Ads,Campaign_25,Video,Healthcare,Desktop,3855,3507,1098.09,1256.0,
2025-02-25,Google Ads,Campaign_81,Search,Ecommerce,Desktop,14763,13129,775.59,1200.0,431.32
2024-11-21,TikTok Ads,Campaign_100,Shopping,Finance,Mobile,19945,2929,2858.07,2451.0,5470.24
2024-08-20,TikTok Ads,Campaign_68,Shopping,EdTech,Mobile,16391,6768,4446.97,6351.0,9959.51
2024-02-06,TikTok Ads,Campaign_4,Search,Healthcare,Tablet,18699,8940,4810.88,8791.0,14681.3
2025-01-06,Meta Ads,Campaign_11,Video,EdTech,Mobile,19632,4038,2496.62,1150.0,2347.69
2025-01-03,Google Ads,Campaign_36,Search,Healthcare,Tablet,14987,3358,4293.74,170.0,4514.56
2024-12-27,Meta Ads,Campaign_101,Video,Healthcare,Desktop,460,33,4254.46,25.0,11811.3
2025-03-12,TikTok Ads,Campaign_27,Search,Ecommerce,Mobile,8148,6010,1717.36,4563.0,5071.22
2024-03-01,TikTok Ads,Campaign_108,Search,EdTech,Tablet,231,206,1880.93,110.0,9381.88
2024-01-11,TikTok Ads,Campaign_18,Search,Healthcare,Tablet,2446,1605,3723.28,1423.0,8751.83
2024-04-23,Meta Ads,Campaign_91,Search,Ecommerce,Tablet,6764,3354,2926.12,2252.0,8419.61
2024-10-03,Meta Ads,Campaign_93,Search,EdTech,Desktop,11852,398,2480.55,183.0,4689.44
2025-03-16,Google Ads,Campaign_44,Video,Ecommerce,Tablet,4403,4172,4867.37,606.0,15586.37
2024-06-26,TikTok Ads,Campaign_85,Search,Healthcare,Mobile,12926,11731,426.15,,1825.63
2025-03-28,Google Ads,Campaign_78,Shopping,EdTech,Mobile,5470,202,4059.98,6.0,15411.95
2024-03-04,Meta Ads,Campaign_2,Search,EdTech,Desktop,661,432,3730.95,35.0,
2024-02-13,Google Ads,Campaign_85,Search,Healthcare,Desktop,4370,2172,20.13,520.0,1.76
2024-04-05,Google Ads,Campaign_44,Video,Ecommerce,Tablet,4267,5,3638.34,2.0,17366.36
2024-03-24,Meta Ads,Campaign_115,Shopping,Finance,Mobile,6916,316,3987.22,250.0,15198.42
2025-03-16,Google Ads,Campaign_48,Video,Finance,Mobile,7627,5231,2338.92,4164.0,4687.22
2025-02-07,Meta Ads,Campaign_19,Search,Ecommerce,Desktop,6740,740,1095.9,684.0,1000.61
2024-09-10,TikTok Ads,Campaign_22,Search,EdTech,Desktop,3793,2460,987.74,219.0,3961.86
2024-09-25,TikTok Ads,Campaign_115,Shopping,Healthcare,Tablet,11474,8709,4436.15,1981.0,10870.11
2024-09-09,Meta Ads,Campaign_20,Search,EdTech,Mobile,3652,1281,3751.3,625.0,17294.35
2024-10-15,Meta Ads,Campaign_65,Shopping,Healthcare,Tablet,3207,2708,123.12,2162.0,410.99
2024-08-09,TikTok Ads,Campaign_87,Video,Ecommerce,Tablet,11429,1281,4937.13,235.0,
2024-04-08,Meta Ads,Campaign_91,Shopping,Ecommerce,Mobile,12538,1189,4124.07,1144.0,18598.86
2024-11-06,Meta Ads,Campaign_21,Shopping,Healthcare,Mobile,17259,13587,3224.43,8413.0,14318.42
2024-03-03,Google Ads,Campaign_84,Search,EdTech,Mobile,15274,2216,2790.31,,4095.93
2025-03-22,TikTok Ads,Campaign_119,Video,Healthcare,Tablet,14548,12130,2471.59,6614.0,2336.29
2025-01-26,Meta Ads,Campaign_34,Video,Finance,Tablet,1623,447,2815.88,141.0,3910.85
2024-07-19,Meta Ads,Campaign_50,Shopping,Healthcare,Tablet,3729,1080,944.05,379.0,4530.18
2024-01-18,TikTok Ads,Campaign_23,Shopping,Healthcare,Tablet,10384,1926,1450.87,744.0,5660.39
2024-01-15,Meta Ads,Campaign_47,Shopping,Healthcare,Mobile,7868,4939,980.88,4603.0,35.96
2025-03-31,Google Ads,Campaign_92,Search,Healthcare,Desktop,11418,8807,4142.45,7297.0,
2024-06-15,Google Ads,Campaign_58,Shopping,EdTech,Tablet,4529,211,3731.64,192.0,
2024-07-16,TikTok Ads,Campaign_105,Video,Finance,Desktop,2556,74,1171.1,24.0,1682.49
2024-12-01,Meta Ads,Campaign_113,Search,Finance,Mobile,17361,9088,514.94,,765.54
2024-04-17,Google Ads,Campaign_43,Search,EdTech,Tablet,3090,1752,3538.31,216.0,11999.06
2024-09-09,TikTok Ads,Campaign_80,Video,Healthcare,Desktop,14966,6045,3798.18,5453.0,16412.26
2025-02-16,TikTok Ads,Campaign_84,Search,EdTech,Desktop,6482,5778,2141.4,367.0,6266.52
2024-12-06,Google Ads,Campaign_1,Shopping,Finance,Tablet,10037,4623,1398.9,3337.0,2998.4
2024-12-25,Meta Ads,Campaign_53,Search,Ecommerce,Mobile,7010,1048,1792.49,585.0,6127.29
2024-01-16,TikTok Ads,Campaign_85,Shopping,Finance,Tablet,19546,2700,2281.44,2532.0,4686.06
2024-12-06,Google Ads,Campaign_107,Video,Finance,Mobile,12984,11436,1725.79,8627.0,1661.05
2024-10-24,Meta Ads,Campaign_31,Video,EdTech,Desktop,950,932,146.74,526.0,
2024-05-01,Meta Ads,Campaign_17,Shopping,Finance,Tablet,17824,11623,308.85,5465.0,860.3
2024-11-12,Google Ads,Campaign_55,Shopping,Finance,Desktop,917,241,1327.11,55.0,1405.07
2025-01-09,Google Ads,Campaign_89,Video,Finance,Mobile,15500,10183,4032.06,6039.0,19937.25
2024-03-30,TikTok Ads,Campaign_37,Search,Healthcare,Desktop,15566,14878,1157.58,1802.0,
2024-04-21,Meta Ads,Campaign_76,Search,Ecommerce,Tablet,718,165,3903.06,135.0,17600.62
2024-11-05,TikTok Ads,Campaign_102,Video,EdTech,Desktop,12486,5235,2987.39,543.0,2478.32
2024-10-05,TikTok Ads,Campaign_14,Video,Finance,Tablet,9078,2236,2021.08,,
2024-05-01,Meta Ads,Campaign_6,Shopping,Ecommerce,Mobile,2043,330,683.7,9.0,578.6
2025-02-19,Google Ads,Campaign_101,Search,Ecommerce,Tablet,11319,6113,618.95,958.0,2359.76
2024-06-28,Google Ads,Campaign_107,Search,EdTech,Desktop,15398,8207,4577.13,3152.0,220.9
2024-05-27,Google Ads,Campaign_116,Search,Healthcare,Tablet,18282,13023,272.26,,543.66
2024-08-13,TikTok Ads,Campaign_22,Search,Ecommerce,Desktop,11212,3934,1455.97,1620.0,1095.64
2024-08-17,TikTok Ads,Campaign_5,Search,Finance,Tablet,18435,7360,3660.77,1790.0,7654.04
2024-12-16,Meta Ads,Campaign_1,Search,EdTech,Desktop,84,33,2440.55,,1721.37
2024-06-28,TikTok Ads,Campaign_88,Search,EdTech,Desktop,2898,1753,49.22,1211.0,192.92
2024-10-16,TikTok Ads,Campaign_41,Shopping,EdTech,Tablet,16509,10613,3004.67,,2588.96
2024-09-26,Meta Ads,Campaign_7,Shopping,EdTech,Tablet,5296,217,3574.13,68.0,
2024-09-17,Google Ads,Campaign_50,Shopping,Finance,Tablet,14293,8654,3472.55,5008.0,11960.02
2024-06-23,Google Ads,Campaign_36,Shopping,Ecommerce,Mobile,19293,5213,2104.78,2766.0,
2024-07-25,TikTok Ads,Campaign_17,Video,Finance,Tablet,17107,11253,874.6,,3550.73
2025-01-11,Google Ads,Campaign_64,Shopping,Healthcare,Desktop,4161,277,4377.28,112.0,3078.07
2024-03-21,Google Ads,Campaign_27,Shopping,EdTech,Desktop,13638,12572,1310.91,5032.0,
2025-02-12,TikTok Ads,Campaign_6,Shopping,Ecommerce,Tablet,8049,7668,1398.11,7270.0,2839.09
2024-02-27,TikTok Ads,Campaign_42,Search,EdTech,Mobile,14769,13127,4932.37,10121.0,5391.89
2024-05-12,TikTok Ads,Campaign_101,Video,Finance,Mobile,12891,1796,2381.82,312.0,3032.35
2024-04-11,Google Ads,Campaign_46,Search,Ecommerce,Mobile,17159,11707,1353.83,441.0,
2024-04-04,Meta Ads,Campaign_6,Shopping,Finance,Mobile,8078,4829,4426.73,2459.0,6182.12
2024-06-21,TikTok Ads,Campaign_100,Shopping,Finance,Mobile,12022,8626,4514.2,4218.0,6025.98
2024-12-10,TikTok Ads,Campaign_19,Shopping,EdTech,Mobile,11609,2945,4969.26,121.0,6417.87
2024-05-11,Meta Ads,Campaign_31,Video,EdTech,Tablet,11738,1744,2122.02,1042.0,3819.72
2024-10-20,Meta Ads,Campaign_65,Video,EdTech,Tablet,16096,3883,2222.87,90.0,9269.39
2024-07-28,TikTok Ads,Campaign_56,Search,Finance,Desktop,18618,13389,1799.54,7749.0,1435.73
2025-03-05,Meta Ads,Campaign_45,Video,Finance,Desktop,12489,5049,625.33,1691.0,1805.23
2025-01-02,Meta Ads,Campaign_11,Video,EdTech,Mobile,14127,1755,572.13,701.0,2851.12
2024-10-27,Meta Ads,Campaign_59,Shopping,Healthcare,Tablet,2030,686,189.11,9.0,746.23
2024-10-29,Meta Ads,Campaign_23,Search,EdTech,Desktop,6344,3252,4819.02,380.0,10120.33
2024-10-29,TikTok Ads,Campaign_96,Video,Finance,Mobile,6403,5056,1900.12,4209.0,
2024-07-05,Google Ads,Campaign_84,Shopping,Finance,Mobile,7338,33,2268.1,5.0,9875.86
2024-05-02,Meta Ads,Campaign_115,Search,Ecommerce,Desktop,1526,603,3011.57,61.0,
2024-02-28,Google Ads,Campaign_47,Search,Healthcare,Desktop,19959,753,2144.13,,3885.27
2025-02-18,Meta Ads,Campaign_12,Shopping,Ecommerce,Tablet,7500,98,2014.5,68.0,
2024-12-28,Meta Ads,Campaign_71,Video,Finance,Tablet,19276,3181,1798.04,1195.0,
2024-06-13,Meta Ads,Campaign_39,Shopping,Ecommerce,Tablet,12366,10167,4624.54,699.0,18669.66
2025-01-13,TikTok Ads,Campaign_116,Video,EdTech,Desktop,6089,4829,969.87,2652.0,691.43
2024-09-17,TikTok Ads,Campaign_98,Video,Finance,Mobile,16354,10314,483.14,7257.0,829.67
2024-11-08,Meta Ads,Campaign_97,Shopping,Finance,Tablet,17951,363,863.63,66.0,1334.9
2024-02-10,Google Ads,Campaign_108,Video,Finance,Mobile,16619,4393,156.69,1267.0,773.64
2024-02-01,Meta Ads,Campaign_95,Shopping,Finance,Desktop,6481,1717,2699.22,,9968.58
2024-01-22,Google Ads,Campaign_16,Video,Finance,Desktop,993,686,4308.94,,
2024-12-02,Meta Ads,Campaign_29,Video,EdTech,Desktop,14614,7850,4299.34,6303.0,12356.27
2025-02-13,Meta Ads,Campaign_62,Search,Finance,Mobile,18081,9069,1625.2,5541.0,109.86
2025-03-23,Meta Ads,Campaign_66,Video,Finance,Tablet,19283,1019,3394.6,301.0,9758.68
2024-05-21,Google Ads,Campaign_59,Video,Healthcare,Mobile,6281,876,1544.57,692.0,3969.41
2024-09-26,TikTok Ads,Campaign_3,Video,Finance,Desktop,19540,12202,1923.9,4880.0,7904.22
2025-01-03,Meta Ads,Campaign_35,Search,Ecommerce,Tablet,1405,533,922.43,346.0,3965.62
2024-10-26,TikTok Ads,Campaign_118,Video,Finance,Mobile,14537,14424,4559.55,9530.0,3878.66
2024-09-17,Google Ads,Campaign_92,Video,EdTech,Tablet,12100,8954,207.04,899.0,
2025-01-01,Google Ads,Campaign_95,Search,EdTech,Desktop,13649,5771,1481.0,1949.0,4268.89
2025-02-16,TikTok Ads,Campaign_35,Video,EdTech,Tablet,19344,15436,1533.12,10515.0,383.85
2025-01-02,Meta Ads,Campaign_33,Shopping,Finance,Desktop,956,258,4415.8,34.0,
2024-01-29,Google Ads,Campaign_83,Video,Ecommerce,Tablet,19477,8426,3477.65,1821.0,8005.69
2024-05-31,Meta Ads,Campaign_76,Shopping,Ecommerce,Desktop,2695,1906,3203.01,,
2024-08-23,Google Ads,Campaign_86,Video,Finance,Mobile,10115,1470,2116.66,576.0,2284.95
2024-04-07,TikTok Ads,Campaign_91,Video,Ecommerce,Desktop,19489,15590,931.97,4468.0,2346.51
2024-01-05,Google Ads,Campaign_25,Search,Finance,Mobile,16025,10436,2860.09,8135.0,1587.0
2024-01-28,Meta Ads,Campaign_103,Shopping,Finance,Mobile,11702,6523,18.26,196.0,17.19
2024-05-06,Meta Ads,Campaign_88,Shopping,Healthcare,Tablet,9339,4108,436.44,3265.0,462.86
2024-05-01,TikTok Ads,Campaign_118,Search,EdTech,Mobile,15160,3505,3538.47,,3317.49
2024-04-17,Google Ads,Campaign_86,Video,Healthcare,Mobile,5125,2846,4771.08,,6620.59
2024-04-30,Meta Ads,Campaign_8,Video,Healthcare,Tablet,8688,7201,3935.66,1507.0,11564.28
2024-10-12,Meta Ads,Campaign_114,Shopping,Ecommerce,Tablet,9382,3684,3393.1,350.0,2071.48
2024-12-13,Google Ads,Campaign_31,Search,EdTech,Mobile,18869,5677,3158.53,1248.0,12737.56
2025-03-22,Meta Ads,Campaign_19,Video,Healthcare,Mobile,8585,3143,4054.6,648.0,10284.83
2024-11-14,Meta Ads,Campaign_49,Shopping,Ecommerce,Desktop,11301,10219,3747.92,,11003.69
2025-02-17,TikTok Ads,Campaign_71,Video,Finance,Tablet,8468,5071,3326.81,2622.0,16048.56
2024-09-29,Google Ads,Campaign_106,Search,EdTech,Tablet,12012,7415,1619.16,1384.0,5538.75
2024-04-28,Meta Ads,Campaign_8,Video,Healthcare,Desktop,14342,2775,4664.79,500.0,6223.66
2024-01-06,Google Ads,Campaign_80,Search,Ecommerce,Mobile,4957,1884,4306.67,1667.0,14020.08
2024-03-04,TikTok Ads,Campaign_3,Shopping,Ecommerce,Mobile,2015,548,1804.3,481.0,4919.98
2024-08-21,Meta Ads,Campaign_103,Shopping,Finance,Mobile,15721,3107,780.83,107.0,
2024-04-24,TikTok Ads,Campaign_116,Video,EdTech,Desktop,10554,8181,395.95,7983.0,1515.26
2024-09-07,Google Ads,Campaign_16,Search,Healthcare,Mobile,17144,8893,2764.93,6647.0,4630.99
2024-09-09,Google Ads,Campaign_111,Shopping,EdTech,Mobile,11500,8396,1655.74,5921.0,5164.42
2024-08-22,Meta Ads,Campaign_2,Search,Ecommerce,Mobile,8391,7336,1397.19,433.0,1958.17
2024-04-10,Google Ads,Campaign_1,Shopping,EdTech,Desktop,10716,1756,4967.36,693.0,
2024-09-06,Meta Ads,Campaign_36,Shopping,Ecommerce,Desktop,17280,15408,1375.74,8557.0,3300.85
2024-12-25,Meta Ads,Campaign_108,Shopping,Ecommerce,Mobile,1657,695,1160.56,266.0,3364.91
2024-09-12,Google Ads,Campaign_58,Shopping,EdTech,Desktop,4504,2832,4138.21,1693.0,946.42
2024-03-12,Meta Ads,Campaign_5,Search,EdTech,Desktop,16748,12936,361.1,9490.0,1403.27
2025-03-10,Meta Ads,Campaign_96,Shopping,EdTech,Tablet,19911,18390,1883.04,8280.0,
2024-08-08,Meta Ads,Campaign_20,Shopping,Healthcare,Tablet,3165,1076,4620.67,,
2024-02-16,TikTok Ads,Campaign_79,Search,Ecommerce,Desktop,12929,8615,3689.89,7414.0,11381.2
2024-05-28,Google Ads,Campaign_66,Search,Ecommerce,Desktop,5151,2033,1650.53,786.0,2440.55
2024-11-09,Google Ads,Campaign_48,Shopping,Ecommerce,Tablet,10807,2471,234.12,2085.0,484.52
2024-05-08,TikTok Ads,Campaign_55,Shopping,EdTech,Tablet,19959,11291,1166.57,913.0,1670.0
2024-10-20,Meta Ads,Campaign_24,Video,Ecommerce,Mobile,9822,4064,4231.47,587.0,637.66
2024-09-03,Google Ads,Campaign_76,Video,Healthcare,Desktop,10510,7873,905.05,3041.0,1241.54
2024-06-22,TikTok Ads,Campaign_26,Video,EdTech,Tablet,16279,5738,3903.85,5159.0,18159.67
2024-08-03,Meta Ads,Campaign_40,Video,Healthcare,Desktop,4529,428,2609.48,67.0,6325.51
2024-12-11,TikTok Ads,Campaign_21,Search,Ecommerce,Mobile,11432,4043,500.25,2632.0,438.83
2024-12-23,Meta Ads,Campaign_105,Video,Ecommerce,Mobile,343,25,3590.52,11.0,9780.93
2024-12-26,Meta Ads,Campaign_25,Shopping,Ecommerce,Desktop,10646,4221,745.33,2640.0,2043.27
2024-03-22,Google Ads,Campaign_75,Search,Finance,Tablet,9349,3934,667.71,,2369.87
2024-01-09,TikTok Ads,Campaign_116,Shopping,Finance,Tablet,1541,141,72.43,,
2024-09-01,Google Ads,Campaign_67,Video,Finance,Desktop,3520,2557,1499.25,,5816.84
2025-01-25,Google Ads,Campaign_35,Search,Ecommerce,Mobile,11398,4983,1290.85,4474.0,
2025-01-12,Meta Ads,Campaign_22,Shopping,Finance,Mobile,5362,3928,3852.1,2541.0,6988.61
2024-10-20,Meta Ads,Campaign_100,Video,Finance,Mobile,9247,1465,3637.67,1079.0,8355.35
2024-10-03,TikTok Ads,Campaign_5,Search,Finance,Tablet,16614,12166,2459.89,10101.0,9526.66
2024-05-22,Google Ads,Campaign_100,Shopping,Healthcare,Desktop,8431,7717,4802.29,4374.0,2242.12
2024-05-04,Meta Ads,Campaign_11,Search,EdTech,Mobile,18976,3437,414.24,1175.0,669.7
2025-02-25,TikTok Ads,Campaign_94,Video,EdTech,Mobile,19741,15772,162.15,3157.0,177.54
2024-09-10,Meta Ads,Campaign_77,Search,Finance,Mobile,8131,6958,3286.88,,8279.75
2024-03-09,Google Ads,Campaign_54,Shopping,EdTech,Mobile,7407,5512,2050.78,5296.0,6251.92
2024-06-20,Google Ads,Campaign_71,Video,Healthcare,Desktop,7497,3567,1362.01,1020.0,6028.89
2024-04-25,TikTok Ads,Campaign_118,Shopping,EdTech,Desktop,7474,5126,1726.89,2069.0,2983.38
2024-12-11,TikTok Ads,Campaign_6,Search,EdTech,Tablet,4038,274,2389.53,,11727.61
2024-10-23,Google Ads,Campaign_64,Search,Ecommerce,Mobile,5201,2007,1379.34,1709.0,827.04
2024-07-22,Google Ads,Campaign_85,Video,EdTech,Tablet,12659,10562,2257.42,1366.0,8528.81
2024-04-17,TikTok Ads,Campaign_32,Video,Finance,Desktop,5239,5175,4062.28,3886.0,10101.24
2024-01-25,Google Ads,Campaign_12,Search,Ecommerce,Tablet,12062,8339,2248.57,2518.0,10391.99
2024-10-12,Google Ads,Campaign_16,Video,EdTech,Desktop,18869,11632,3361.92,,6252.52
2024-04-16,Google Ads,Campaign_1,Search,Finance,Tablet,17399,4622,4275.36,1669.0,20437.96
2024-09-15,Google Ads,Campaign_105,Search,Finance,Tablet,17960,16887,368.15,325.0,1267.7
2024-01-29,TikTok Ads,Campaign_96,Video,Healthcare,Tablet,12588,11550,1793.12,8484.0,5111.98
2024-02-22,TikTok Ads,Campaign_78,Video,Finance,Mobile,9713,5556,1935.99,3704.0,2434.53
2024-05-18,Google Ads,Campaign_4,Search,Ecommerce,Tablet,12115,10448,1370.41,,5067.18
2025-02-28,Meta Ads,Campaign_45,Shopping,Healthcare,Desktop,4898,1100,3864.49,306.0,7672.28
2024-05-02,Meta Ads,Campaign_37,Search,EdTech,Mobile,9953,5756,2823.59,2930.0,1523.79
2025-01-28,Google Ads,Campaign_2,Search,Ecommerce,Desktop,15964,14452,4612.23,11143.0,7273.51
2024-03-22,Meta Ads,Campaign_79,Video,Finance,Desktop,1352,824,2372.98,168.0,1429.62
2024-03-29,Google Ads,Campaign_69,Search,EdTech,Tablet,17146,8385,1536.78,3689.0,3856.16
2025-03-16,Google Ads,Campaign_67,Video,EdTech,Desktop,11231,5502,3882.06,2532.0,15343.19
2024-06-13,Google Ads,Campaign_12,Video,Ecommerce,Tablet,10996,7133,3734.78,140.0,7754.47
2024-12-18,Google Ads,Campaign_39,Video,Healthcare,Desktop,15722,941,4018.25,,2962.23
2025-02-19,TikTok Ads,Campaign_101,Shopping,Finance,Desktop,3167,2900,3667.09,356.0,18333.53
2025-01-24,Google Ads,Campaign_82,Shopping,Healthcare,Desktop,16798,10472,4881.81,7818.0,20242.01
2024-02-12,Meta Ads,Campaign_9,Video,Ecommerce,Desktop,7914,7371,4827.07,2345.0,17856.56
2024-07-02,TikTok Ads,Campaign_12,Shopping,Healthcare,Tablet,5140,3052,3656.04,2201.0,13542.19
2024-07-04,Meta Ads,Campaign_57,Search,Ecommerce,Desktop,19809,10983,620.14,8349.0,237.36
2024-07-15,Google Ads,Campaign_9,Video,Healthcare,Mobile,8931,8513,646.68,2980.0,1128.64
2024-08-06,Google Ads,Campaign_76,Shopping,Healthcare,Desktop,6205,1679,244.34,120.0,675.0
2024-12-21,Meta Ads,Campaign_116,Video,Finance,Mobile,6122,3378,450.19,745.0,1952.87
2024-02-10,TikTok Ads,Campaign_82,Search,EdTech,Tablet,5975,5358,4275.25,2872.0,19631.4
2024-01-09,TikTok Ads,Campaign_16,Video,Healthcare,Mobile,6499,5649,4570.62,4297.0,2804.91
2025-02-18,TikTok Ads,Campaign_50,Video,Finance,Tablet,4708,57,4895.75,1.0,15878.88
2024-12-31,Google Ads,Campaign_49,Search,Finance,Mobile,11146,10064,718.17,1482.0,3485.21
2024-10-08,Meta Ads,Campaign_42,Shopping,Healthcare,Tablet,967,82,3555.1,23.0,
2024-05-12,TikTok Ads,Campaign_86,Search,Healthcare,Desktop,2492,66,3086.46,13.0,13618.43
2024-12-10,TikTok Ads,Campaign_56,Shopping,Healthcare,Tablet,13440,10134,3407.85,10008.0,432.03
2024-05-01,Meta Ads,Campaign_18,Search,Ecommerce,Desktop,13029,7257,3510.55,,13232.3
2024-06-11,Meta Ads,Campaign_84,Shopping,EdTech,Mobile,14214,1181,2823.52,152.0,7577.35
2025-01-31,Google Ads,Campaign_87,Search,Ecommerce,Tablet,10979,2471,2377.58,2235.0,
2024-03-13,Google Ads,Campaign_21,Shopping,Ecommerce,Tablet,19103,3510,4968.37,514.0,15331.76
2024-07-22,TikTok Ads,Campaign_73,Video,EdTech,Desktop,4388,544,1317.63,181.0,1177.02
2025-01-19,TikTok Ads,Campaign_49,Video,Healthcare,Tablet,2232,1592,826.65,1386.0,2829.02
2024-02-05,TikTok Ads,Campaign_12,Video,EdTech,Desktop,7967,109,114.42,,123.7
2024-10-24,Google Ads,Campaign_16,Search,EdTech,Mobile,8850,2352,4001.91,367.0,13735.53
2025-01-22,Meta Ads,Campaign_84,Shopping,Ecommerce,Desktop,13733,8491,1756.57,,1669.83
2024-06-28,Meta Ads,Campaign_114,Search,Healthcare,Desktop,1668,1644,3553.98,1357.0,9442.67
2024-08-13,Meta Ads,Campaign_57,Search,Finance,Tablet,8127,6946,3772.34,4712.0,6502.08
2024-04-25,TikTok Ads,Campaign_113,Video,Ecommerce,Tablet,3202,2642,209.37,1975.0,304.1
2024-03-19,Meta Ads,Campaign_93,Shopping,Ecommerce,Tablet,11958,7993,2632.79,7629.0,
2025-03-16,TikTok Ads,Campaign_118,Shopping,Finance,Mobile,4999,413,569.85,106.0,315.56
2025-03-05,Google Ads,Campaign_104,Shopping,Finance,Desktop,1817,1574,2205.74,,987.4
2024-01-11,Google Ads,Campaign_6,Search,Healthcare,Desktop,17793,4983,905.55,,2749.46
2024-07-19,Meta Ads,Campaign_105,Search,Healthcare,Desktop,535,364,4970.01,253.0,4039.59
2024-12-07,TikTok Ads,Campaign_90,Shopping,EdTech,Mobile,16836,11119,469.71,9897.0,758.64
2024-06-06,Meta Ads,Campaign_42,Video,Ecommerce,Tablet,19110,14079,914.85,,967.36
2025-01-03,Google Ads,Campaign_16,Shopping,Finance,Mobile,440,214,1178.4,59.0,1445.08
2025-01-20,TikTok Ads,Campaign_58,Video,Finance,Desktop,783,160,812.48,50.0,3953.91
2024-06-05,Meta Ads,Campaign_11,Shopping,Ecommerce,Tablet,12102,9496,996.05,3865.0,59.08
2024-02-27,TikTok Ads,Campaign_87,Shopping,EdTech,Desktop,19459,8981,4810.58,2925.0,11632.58
2024-03-07,Google Ads,Campaign_55,Shopping,Finance,Mobile,11310,3049,1991.21,664.0,1759.81
2024-03-15,Google Ads,Campaign_57,Shopping,Healthcare,Desktop,14728,1308,2926.54,,10948.97
2024-10-18,Meta Ads,Campaign_2,Shopping,Ecommerce,Mobile,1675,479,2508.05,324.0,2042.19
2024-08-31,Google Ads,Campaign_3,Video,EdTech,Desktop,14523,6581,734.23,6013.0,914.77
2024-02-14,TikTok Ads,Campaign_47,Video,Finance,Tablet,10700,6891,3996.87,4493.0,12980.5
2024-07-26,TikTok Ads,Campaign_52,Video,Ecommerce,Mobile,14456,7423,1144.73,5835.0,5544.5
2025-03-24,TikTok Ads,Campaign_7,Shopping,EdTech,Tablet,2754,1674,1242.64,522.0,522.41
2024-12-05,TikTok Ads,Campaign_117,Video,Ecommerce,Tablet,16796,4091,3365.08,3849.0,
2024-02-22,Meta Ads,Campaign_36,Search,Finance,Mobile,15389,8669,3162.89,2291.0,
2025-03-25,TikTok Ads,Campaign_56,Shopping,Ecommerce,Mobile,1350,408,2159.83,,10522.12
2025-01-02,Meta Ads,Campaign_3,Shopping,Ecommerce,Tablet,12609,9283,1325.4,5644.0,
2024-11-30,Google Ads,Campaign_36,Video,Finance,Desktop,489,31,2082.88,0.0,2918.33
2024-12-06,Google Ads,Campaign_71,Shopping,Healthcare,Desktop,19557,17048,3828.91,10227.0,16825.57
2024-04-12,Meta Ads,Campaign_70,Video,Finance,Desktop,11254,3641,777.87,2401.0,3528.64
2024-03-16,TikTok Ads,Campaign_105,Shopping,Healthcare,Tablet,5141,2694,3142.14,2222.0,14820.85
2024-03-18,Google Ads,Campaign_93,Shopping,Finance,Tablet,13426,13057,2461.12,1772.0,5608.63
2025-02-19,TikTok Ads,Campaign_15,Search,Finance,Desktop,7877,6506,308.59,1943.0,691.16
2024-10-12,Google Ads,Campaign_114,Search,Finance,Tablet,6924,168,2034.86,107.0,10094.75
2024-12-06,TikTok Ads,Campaign_86,Shopping,Ecommerce,Desktop,1531,243,454.19,220.0,354.44
2025-02-18,TikTok Ads,Campaign_8,Shopping,Ecommerce,Tablet,19637,19498,3025.08,3703.0,2939.25
2024-02-21,TikTok Ads,Campaign_4,Video,Ecommerce,Desktop,7933,5036,193.34,2094.0,310.92
2024-08-19,Meta Ads,Campaign_37,Video,Finance,Tablet,4252,3504,1658.94,3264.0,
2024-06-17,Meta Ads,Campaign_100,Video,Healthcare,Mobile,12109,7925,297.4,,507.95
2025-01-25,Google Ads,Campaign_84,Video,Ecommerce,Mobile,10759,6968,680.8,1204.0,1077.01
2024-06-24,Meta Ads,Campaign_15,Search,Healthcare,Desktop,7912,7196,4619.45,5802.0,17039.87
2024-01-29,TikTok Ads,Campaign_13,Video,Finance,Mobile,13356,2601,1499.0,2055.0,7345.43
2024-10-03,Google Ads,Campaign_8,Video,Finance,Desktop,13785,10209,991.29,4538.0,1782.76
2025-03-13,Google Ads,Campaign_12,Search,Finance,Tablet,237,90,3447.93,27.0,16170.86
2024-11-30,TikTok Ads,Campaign_70,Shopping,Ecommerce,Mobile,4713,70,312.31,,975.22
2024-02-15,Google Ads,Campaign_45,Search,Ecommerce,Desktop,5829,5194,2107.32,5079.0,
2024-03-22,TikTok Ads,Campaign_62,Shopping,EdTech,Tablet,5172,2156,240.92,2092.0,893.83
2025-01-22,Meta Ads,Campaign_92,Video,Ecommerce,Tablet,2433,1624,4585.06,1017.0,14725.07
2024-05-15,Google Ads,Campaign_80,Video,EdTech,Desktop,12079,6098,3926.92,4955.0,13632.34
2024-08-15,Meta Ads,Campaign_104,Shopping,EdTech,Tablet,2269,1359,4462.98,992.0,9048.37
2024-12-15,Google Ads,Campaign_34,Shopping,Healthcare,Tablet,8818,6528,3227.21,4034.0,13076.1
2024-01-18,Meta Ads,Campaign_10,Shopping,Finance,Tablet,12636,221,4936.29,182.0,14422.58
2024-11-21,Google Ads,Campaign_35,Shopping,Finance,Mobile,3445,3437,434.52,350.0,1545.71
2024-10-10,TikTok Ads,Campaign_49,Search,Finance,Mobile,19466,16573,3585.96,,4424.44
2024-10-21,Meta Ads,Campaign_94,Video,EdTech,Desktop,15203,3694,3520.53,2201.0,8984.7
2025-02-26,Google Ads,Campaign_66,Shopping,Finance,Mobile,5049,1289,2944.82,481.0,
2024-11-09,Meta Ads,Campaign_41,Video,Finance,Desktop,11768,8475,1305.19,8074.0,4046.55
2024-08-12,Google Ads,Campaign_112,Search,Ecommerce,Desktop,12532,10598,1820.26,125.0,3004.44
2024-06-15,Meta Ads,Campaign_49,Video,Healthcare,Desktop,8960,6788,3684.12,1668.0,690.19
2024-05-20,TikTok Ads,Campaign_109,Shopping,Finance,Desktop,16811,136,2461.01,,2375.47
2024-10-10,Meta Ads,Campaign_37,Video,Ecommerce,Tablet,17608,8537,4244.45,1053.0,12169.7
2024-02-26,TikTok Ads,Campaign_117,Shopping,Healthcare,Tablet,5246,896,706.46,,2866.73
2024-03-29,Meta Ads,Campaign_70,Shopping,Healthcare,Mobile,18288,2851,2771.45,,581.1
2024-08-07,Google Ads,Campaign_82,Shopping,EdTech,Desktop,8144,2659,448.05,999.0,722.31
2024-11-25,Google Ads,Campaign_78,Shopping,Finance,Tablet,14834,10233,3514.43,7583.0,3530.36
2024-07-21,Meta Ads,Campaign_10,Shopping,EdTech,Desktop,8522,3053,2776.78,2547.0,4253.72
2024-01-26,Meta Ads,Campaign_63,Search,Finance,Tablet,9486,7483,2197.14,7202.0,1221.55
2025-01-17,TikTok Ads,Campaign_87,Video,Ecommerce,Tablet,18385,10975,824.23,9465.0,4078.69
2024-12-27,Meta Ads,Campaign_66,Search,Finance,Mobile,2621,611,2859.03,155.0,3769.88
2024-02-29,Google Ads,Campaign_107,Shopping,Healthcare,Tablet,5238,2504,1494.1,925.0,6786.88
2024-10-23,Meta Ads,Campaign_65,Shopping,Healthcare,Desktop,6990,266,2344.64,15.0,8752.52
2024-04-11,Google Ads,Campaign_100,Search,Healthcare,Desktop,15484,10314,3392.57,1657.0,14009.48
2025-01-24,Meta Ads,Campaign_77,Search,EdTech,Tablet,19932,3420,399.47,1058.0,
2024-12-20,TikTok Ads,Campaign_9,Search,Finance,Desktop,8809,910,3180.94,98.0,6993.76
2024-08-25,TikTok Ads,Campaign_21,Video,Healthcare,Mobile,4852,4616,1476.65,,6532.71
2024-01-10,TikTok Ads,Campaign_114,Video,Healthcare,Desktop,1081,387,3166.16,41.0,973.21
2024-04-21,TikTok Ads,Campaign_12,Video,Finance,Tablet,16435,1782,187.33,1293.0,906.51
2024-12-06,Google Ads,Campaign_12,Shopping,Healthcare,Tablet,11495,1672,4543.72,893.0,21475.27
2024-07-02,Google Ads,Campaign_3,Shopping,Healthcare,Mobile,1009,328,740.81,283.0,
2025-03-13,Google Ads,Campaign_51,Video,Finance,Desktop,10672,6369,781.56,3037.0,1514.76
2024-10-02,TikTok Ads,Campaign_52,Video,Finance,Mobile,6675,3123,4181.88,320.0,8059.26
2024-09-15,TikTok Ads,Campaign_27,Shopping,EdTech,Mobile,17498,11170,2135.74,1464.0,9772.86
2024-09-24,Meta Ads,Campaign_49,Video,Healthcare,Tablet,1429,68,4142.96,22.0,11294.3
2024-08-31,Google Ads,Campaign_87,Video,Ecommerce,Desktop,15269,2229,4303.33,2167.0,1938.52
2025-03-29,Google Ads,Campaign_5,Shopping,Healthcare,Desktop,8435,8122,3424.94,7783.0,4693.57
2024-12-30,Meta Ads,Campaign_89,Search,Finance,Mobile,15960,2065,372.16,2019.0,541.24
2025-03-18,TikTok Ads,Campaign_93,Search,Ecommerce,Tablet,8392,3770,733.24,3360.0,483.89
2024-02-22,Google Ads,Campaign_111,Video,EdTech,Desktop,14515,7202,3063.86,3367.0,
2025-01-03,Meta Ads,Campaign_28,Shopping,Finance,Desktop,11990,1573,309.53,644.0,606.16
2024-05-28,Google Ads,Campaign_28,Shopping,Healthcare,Tablet,7248,5134,3052.73,2828.0,5093.69
2024-04-10,TikTok Ads,Campaign_50,Video,Healthcare,Desktop,492,483,3986.94,,2207.42
2024-06-13,Google Ads,Campaign_28,Video,Finance,Desktop,16204,4120,4388.65,1491.0,5571.6
2024-02-04,Google Ads,Campaign_69,Search,Ecommerce,Desktop,17323,4308,631.5,558.0,124.23
2024-06-15,Meta Ads,Campaign_96,Video,Healthcare,Tablet,3585,914,3601.54,878.0,6600.7
2025-02-27,TikTok Ads,Campaign_70,Video,EdTech,Desktop,6319,5726,1609.54,1486.0,5010.53
2024-01-15,Meta Ads,Campaign_4,Search,Finance,Desktop,205,181,2596.81,6.0,11892.9
2024-10-10,Meta Ads,Campaign_69,Video,Healthcare,Tablet,15091,122,3784.39,21.0,
2024-07-11,Meta Ads,Campaign_4,Video,Ecommerce,Tablet,845,558,2090.49,369.0,5149.71
2024-05-14,TikTok Ads,Campaign_45,Search,Finance,Desktop,309,125,4038.71,9.0,8763.41
2024-03-22,Google Ads,Campaign_43,Shopping,Finance,Desktop,9862,4013,168.89,2794.0,805.06
2024-12-27,TikTok Ads,Campaign_28,Video,EdTech,Mobile,17711,5614,3158.52,556.0,1383.73
2024-08-21,Google Ads,Campaign_43,Shopping,Healthcare,Tablet,15688,13308,334.12,10300.0,1444.32
2025-03-22,Google Ads,Campaign_47,Shopping,Healthcare,Tablet,3238,1728,2934.24,1423.0,10196.61
2024-11-16,Meta Ads,Campaign_73,Search,EdTech,Desktop,10311,4394,3903.47,3146.0,1920.49
2024-03-27,Meta Ads,Campaign_11,Search,Finance,Desktop,130,34,3346.23,1.0,11308.06
2024-02-29,TikTok Ads,Campaign_10,Search,EdTech,Tablet,19972,2295,721.86,562.0,3021.06
2025-02-06,Google Ads,Campaign_87,Shopping,Healthcare,Mobile,1869,931,4217.08,366.0,18041.98
2024-12-15,TikTok Ads,Campaign_54,Search,EdTech,Mobile,7548,1497,2155.32,84.0,
2024-06-07,TikTok Ads,Campaign_101,Search,Ecommerce,Desktop,15011,14983,1150.51,4347.0,3929.75
2024-04-01,Google Ads,Campaign_92,Search,EdTech,Tablet,10557,9313,2875.44,2831.0,8458.73
2025-03-28,Meta Ads,Campaign_98,Video,Finance,Mobile,17870,12850,2962.62,8708.0,11570.53
2024-02-02,Google Ads,Campaign_104,Video,EdTech,Tablet,16247,11989,2286.27,3032.0,3384.26
2024-02-26,TikTok Ads,Campaign_80,Video,Ecommerce,Desktop,14396,10909,4848.62,2865.0,
2024-11-29,Google Ads,Campaign_33,Shopping,Finance,Mobile,12777,7329,2980.21,455.0,283.56
2024-10-02,Google Ads,Campaign_114,Video,EdTech,Desktop,4825,4477,905.85,2994.0,3845.4
2024-05-29,TikTok Ads,Campaign_22,Search,Healthcare,Mobile,4553,3446,254.11,,84.09
2025-01-29,Meta Ads,Campaign_82,Video,Ecommerce,Mobile,15948,9611,448.24,4722.0,
2024-05-12,Google Ads,Campaign_108,Shopping,EdTech,Desktop,17922,16839,4508.36,,10415.07
2024-02-25,Meta Ads,Campaign_43,Shopping,Ecommerce,Desktop,3335,1492,4006.71,1075.0,603.71
2025-02-23,Meta Ads,Campaign_109,Search,Finance,Tablet,16416,15849,216.23,9822.0,56.9
2024-05-03,Google Ads,Campaign_14,Video,Healthcare,Mobile,269,200,2788.45,55.0,12491.54
2024-05-16,Google Ads,Campaign_44,Search,Healthcare,Mobile,18663,5702,952.86,312.0,
2024-12-04,Google Ads,Campaign_32,Video,EdTech,Tablet,18348,1804,3976.32,814.0,4477.07
2024-02-17,Meta Ads,Campaign_94,Search,Healthcare,Tablet,18022,16226,1400.78,8986.0,6713.01
2024-05-18,Meta Ads,Campaign_60,Shopping,Healthcare,Mobile,85,45,3044.03,9.0,5651.09
2024-01-19,TikTok Ads,Campaign_3,Video,EdTech,Mobile,15936,12472,3747.83,11026.0,4404.42
2024-10-08,TikTok Ads,Campaign_14,Search,Healthcare,Tablet,6791,2423,4405.0,644.0,16175.18
2024-10-20,TikTok Ads,Campaign_33,Shopping,Ecommerce,Mobile,18918,2856,1971.86,1019.0,
2024-12-30,TikTok Ads,Campaign_58,Shopping,Healthcare,Desktop,19993,12337,3470.45,681.0,2368.61
2024-03-19,Meta Ads,Campaign_5,Search,Finance,Mobile,18184,15807,4029.02,11355.0,12782.48
2024-12-20,TikTok Ads,Campaign_12,Video,Ecommerce,Desktop,15723,3933,4881.35,2448.0,10348.43
2025-02-09,Meta Ads,Campaign_90,Video,Healthcare,Mobile,19873,11812,3153.34,5499.0,3235.59
2025-01-17,TikTok Ads,Campaign_105,Video,EdTech,Desktop,9109,2568,3127.58,275.0,6354.48
2024-06-07,Meta Ads,Campaign_63,Video,Ecommerce,Desktop,15724,1886,1234.46,1516.0,2940.3
2024-07-31,TikTok Ads,Campaign_106,Search,EdTech,Tablet,12260,4784,1986.13,,2478.8
2024-09-27,Meta Ads,Campaign_119,Shopping,EdTech,Desktop,4204,2374,3193.05,1756.0,14637.51
2024-06-12,Google Ads,Campaign_45,Video,Finance,Mobile,16288,303,1861.31,90.0,9150.2
2024-12-14,Google Ads,Campaign_74,Search,Healthcare,Mobile,6852,3775,358.02,860.0,301.18
2024-06-06,Google Ads,Campaign_70,Video,Ecommerce,Tablet,2162,546,2988.87,70.0,10710.87
2024-08-03,Meta Ads,Campaign_40,Search,Healthcare,Tablet,8503,5405,1367.06,4825.0,4616.61
2024-06-06,Google Ads,Campaign_46,Video,Finance,Desktop,1127,507,2657.04,313.0,10702.27
2024-11-01,TikTok Ads,Campaign_41,Video,Ecommerce,Desktop,3810,3199,1868.39,2074.0,
2025-03-09,Google Ads,Campaign_8,Search,Finance,Desktop,7220,4175,4791.9,3380.0,8178.47
2024-11-13,Google Ads,Campaign_86,Search,Healthcare,Mobile,9601,839,613.27,581.0,2739.63
2024-04-29,Google Ads,Campaign_61,Video,Ecommerce,Desktop,3537,1864,3371.32,152.0,
2024-11-24,Google Ads,Campaign_22,Search,Ecommerce,Mobile,7477,7042,3966.32,6944.0,19359.7
2024-05-22,Google Ads,Campaign_49,Search,Ecommerce,Tablet,1998,141,2301.58,79.0,9980.5
2024-07-09,TikTok Ads,Campaign_63,Search,Healthcare,Desktop,6847,5266,4494.14,1620.0,94.75
2024-06-29,Google Ads,Campaign_51,Search,Finance,Desktop,14233,1068,4662.03,269.0,8553.04
2025-02-27,TikTok Ads,Campaign_59,Video,EdTech,Desktop,7088,6842,4305.95,2127.0,20243.71
2024-01-05,Google Ads,Campaign_36,Search,Finance,Mobile,10622,895,4532.68,163.0,13512.94
2024-08-01,Google Ads,Campaign_11,Video,Healthcare,Desktop,3692,2863,2289.09,2156.0,9750.92
2024-11-22,Google Ads,Campaign_115,Shopping,Finance,Desktop,436,105,1199.74,39.0,4686.09
2024-08-17,Google Ads,Campaign_63,Search,Finance,Tablet,3516,706,4809.3,700.0,15353.12
2024-10-21,Meta Ads,Campaign_34,Video,Ecommerce,Tablet,3922,1553,185.39,371.0,275.42
2024-07-08,Meta Ads,Campaign_111,Shopping,Healthcare,Desktop,6562,1313,2774.16,468.0,5421.75
2024-07-27,Google Ads,Campaign_99,Video,EdTech,Mobile,12675,10622,1367.85,10151.0,1280.91
2024-08-05,Google Ads,Campaign_86,Shopping,Ecommerce,Desktop,19043,10902,4500.74,,12684.01
2024-09-08,TikTok Ads,Campaign_27,Video,Finance,Tablet,296,205,586.88,104.0,87.27
2024-06-12,Meta Ads,Campaign_81,Shopping,EdTech,Desktop,2202,6,3074.87,2.0,6362.48
2024-11-27,TikTok Ads,Campaign_25,Search,Ecommerce,Mobile,11214,557,3039.91,325.0,14418.11
2025-02-02,Google Ads,Campaign_13,Shopping,Healthcare,Desktop,14283,10879,2011.98,9566.0,969.04
2025-03-08,Google Ads,Campaign_20,Video,Finance,Desktop,6274,3017,3316.98,2556.0,10719.15
2024-01-08,TikTok Ads,Campaign_31,Search,Healthcare,Tablet,2708,1248,4242.74,335.0,9602.25
2024-09-23,TikTok Ads,Campaign_15,Search,Finance,Tablet,15715,1006,57.93,152.0,42.31
2024-12-04,Google Ads,Campaign_101,Search,EdTech,Mobile,18535,17109,2395.95,,6471.2
2024-02-29,Google Ads,Campaign_68,Shopping,Ecommerce,Tablet,9596,2980,3277.9,272.0,14729.15
2024-10-03,Google Ads,Campaign_85,Video,Healthcare,Mobile,8159,5354,3143.59,,8759.07
2024-02-07,TikTok Ads,Campaign_47,Shopping,EdTech,Tablet,18856,7096,1555.34,4673.0,7193.68
2024-03-29,TikTok Ads,Campaign_4,Shopping,Healthcare,Desktop,12219,10517,965.54,9959.0,466.92
2024-12-08,Google Ads,Campaign_17,Shopping,EdTech,Mobile,18140,16095,2835.51,6298.0,8555.15
2024-11-26,TikTok Ads,Campaign_39,Video,EdTech,Desktop,18313,2276,1596.9,1921.0,4051.53
2024-02-21,Meta Ads,Campaign_73,Shopping,Healthcare,Desktop,7489,439,2063.89,6.0,9701.05
2024-11-09,Meta Ads,Campaign_50,Shopping,Ecommerce,Tablet,3377,63,4790.06,18.0,16612.91
2024-12-23,TikTok Ads,Campaign_18,Shopping,Healthcare,Mobile,15932,2506,369.24,2101.0,699.44
2024-09-01,Google Ads,Campaign_113,Video,Ecommerce,Tablet,17190,2141,989.42,18.0,1657.62
2024-10-31,Google Ads,Campaign_1,Search,EdTech,Tablet,19947,6655,212.34,,
2025-02-16,Meta Ads,Campaign_89,Shopping,Finance,Tablet,7458,7175,3704.82,3111.0,1251.73
2024-01-21,Google Ads,Campaign_43,Search,Finance,Desktop,7785,4182,1337.03,3839.0,2457.7
2024-06-11,Meta Ads,Campaign_55,Shopping,EdTech,Desktop,4478,707,4716.32,514.0,19837.22
2024-08-03,Meta Ads,Campaign_37,Video,Finance,Mobile,734,349,4341.25,45.0,15435.13
2024-10-25,TikTok Ads,Campaign_65,Shopping,Ecommerce,Desktop,174,113,2436.36,46.0,11322.35
2024-05-18,TikTok Ads,Campaign_8,Search,Ecommerce,Desktop,9816,4181,4104.55,1223.0,14057.64
2024-03-30,TikTok Ads,Campaign_29,Shopping,Finance,Tablet,19051,10580,246.49,9283.0,1024.57
